,Ship type,length,breadth,gross_tonnage,deadweight,engine_power,max_speed,avg_speed,Time spent at sea [hours],Total CO₂ emissions [m tonnes],type no
1,Ro-pax ship,123.0,19.0,9149.0,1968.0,,11.8,10.9,1771.0,6097.81,11.0
2,Ro-ro ship,124.0,19.0,7171.0,2838.0,,13.9,13.9,2992.36,6674.22,12.0
4,Ro-ro ship,108.0,20.0,6040.0,2566.0,,14.7,13.9,2494.0,5355.81,12.0
5,Ro-pax ship,128.0,19.0,10154.0,1132.0,,14.4,13.0,2229.75,10163.69,11.0
7,Ro-pax ship,125.0,18.0,9183.0,2254.0,14000 KW,12.2,11.0,1272.25,5866.95,11.0
8,Ro-pax ship,121.0,19.0,4986.0,1029.0,,19.0,18.9,3090.3,20072.86,11.0
9,Ro-pax ship,120.0,21.0,12035.0,2151.0,,15.5,11.8,2288.92,10986.29,11.0
10,Ro-pax ship,118.0,20.0,9182.0,1185.0,,16.4,15.2,1582.27,8019.53,11.0
11,Ro-pax ship,117.0,20.0,11907.0,1560.0,,14.8,12.7,1495.2,7610.02,11.0
12,Ro-pax ship,120.0,21.0,12187.0,2541.0,,15.5,14.2,1096.67,6378.12,11.0
13,Ro-pax ship,118.0,18.0,5226.0,990.0,,14.5,12.7,1632.56,7199.88,11.0
15,Ro-pax ship,183.0,26.0,22528.0,3335.0,,20.1,18.2,2031.43,25980.3,11.0
18,Bulk carrier,204.0,27.0,24870.0,43728.0,14200 KW,10.7,9.0,3632.23,11124.22,0.0
19,Ro-pax ship,120.0,20.0,3924.0,1713.0,,5.4,3.8,2176.0,9928.86,11.0
21,Ro-pax ship,127.0,19.0,10553.0,1571.0,12600 KW,13.6,13.2,1965.57,5438.08,11.0
23,Ro-ro ship,151.0,20.0,5363.0,8661.0,,13.7,12.5,4636.0,19647.51,12.0
24,Ro-ro ship,185.0,26.0,19518.0,13088.0,,10.2,9.5,0.0,0.0,12.0
25,Ro-pax ship,147.0,25.0,19811.0,3250.0,,13.4,9.8,1788.0,12242.27,11.0
27,Ro-pax ship,122.0,18.0,9795.0,1310.0,18000 KW,17.2,11.4,2228.75,9059.87,11.0
28,Ro-pax ship,152.0,25.0,19589.0,3440.0,,16.9,14.6,3133.27,21075.24,11.0
30,Ro-pax ship,121.0,24.0,12358.0,1940.0,12474 KW,17.4,15.0,606.0,4432.2,11.0
31,Ro-pax ship,121.0,21.0,12358.0,1940.0,,19.0,11.1,3574.52,13138.3,11.0
32,Bulk carrier,124.0,18.0,7454.0,9157.0,6000 KW,15.5,9.2,5825.0,12935.59,0.0
33,Ro-pax ship,129.0,21.0,12175.0,1895.0,,13.2,11.2,2418.3,8870.94,11.0
34,Ro-ro ship,133.0,21.0,9368.0,5300.0,23310 KW,13.6,13.2,4710.1,15406.72,12.0
35,Ro-ro ship,135.0,16.0,6413.0,4616.0,,10.5,9.0,1867.0,2625.87,12.0
36,Ro-pax ship,152.0,24.0,16071.0,2971.0,22000 KW,17.1,16.4,2787.09,15623.57,11.0
37,Ro-pax ship,152.0,23.0,16071.0,2671.0,,11.6,9.5,985.0,5033.42,11.0
38,Ro-pax ship,136.0,24.0,16405.0,3100.0,17644 KW,16.0,15.0,2427.98,15399.21,11.0
39,Ro-pax ship,191.0,29.0,27239.0,5398.0,,10.5,6.6,3287.94,34896.66,11.0
40,Ro-pax ship,163.0,27.0,25318.0,3501.0,13020 KW,17.0,15.7,5221.3,34450.71,11.0
41,Ro-pax ship,99.0,17.0,3437.0,1147.0,,15.7,14.6,1600.0,4198.68,11.0
42,Ro-pax ship,146.0,26.0,23842.0,2800.0,21471 KW,13.3,6.6,1295.42,11522.31,11.0
43,Ro-pax ship,168.0,26.0,30316.0,3630.0,5367 KW,18.1,12.7,453.0,3671.87,11.0
44,Ro-pax ship,171.0,20.0,13144.0,4562.0,9708 KW,13.9,13.2,5629.55,19991.82,11.0
45,Ro-pax ship,171.0,20.0,13294.0,4550.0,9840 KW,15.7,13.0,5988.02,22933.31,11.0
46,Passenger ship,162.0,24.0,25611.0,2216.0,19278 KW,11.7,11.0,1324.28,7945.53,9.0
47,Ro-pax ship,145.0,25.0,18345.0,2830.0,19124 KW,16.9,15.3,4026.92,28540.72,11.0
49,Ro-pax ship,149.0,26.0,24828.0,2692.0,15360 KW,19.8,18.1,3709.84,21185.82,11.0
51,Ro-pax ship,154.0,28.0,29289.0,2950.0,,16.6,15.9,4517.77,31349.3,11.0
54,Ro-pax ship,163.0,29.0,34093.0,3898.0,23960 KW,14.1,12.4,2306.63,26410.58,11.0
55,Ro-pax ship,166.0,29.0,33967.0,3898.0,,20.4,10.8,3067.79,10426.17,11.0
56,Passenger ship,214.0,32.0,37773.0,5000.0,16488 KW,14.5,12.4,940.07,9185.35,9.0
57,Ro-pax ship,153.0,24.0,21473.0,2880.0,15300 KW,16.2,14.4,279.81,1473.84,11.0
60,Ro-pax ship,146.0,24.0,17790.0,5309.0,15420 KW,15.9,12.1,3500.27,19692.88,11.0
67,Ro-ro ship,155.0,25.0,20381.0,13030.0,17400 KW,13.8,12.3,5648.0,21656.67,12.0
68,Ro-pax ship,154.0,24.0,22161.0,2880.0,15308 KW,14.2,13.5,1130.9,9907.29,11.0
69,Ro-pax ship,142.0,23.0,15354.0,3300.0,,16.6,15.8,5004.83,20624.85,11.0
71,General cargo ship,127.0,17.0,5934.0,8528.0,,14.1,11.5,286.0,481.54,6.0
73,General cargo ship,118.0,18.0,5241.0,8214.0,,12.1,11.2,1470.2,2405.76,6.0
74,Bulk carrier,224.0,32.0,35904.0,65402.0,,13.5,9.3,3810.17,11058.22,0.0
77,Chemical tanker,113.0,17.0,5285.0,8915.0,2030 KW,13.0,11.4,3598.83,3940.89,1.0
80,Container ship,203.0,25.0,21586.0,21370.0,15660 KW,15.1,13.0,1563.1,4032.18,4.0
81,Container ship,203.0,25.0,21586.0,21370.0,,12.9,11.6,4635.3,16815.81,4.0
82,Container ship,203.0,25.0,21586.0,21370.0,,11.6,9.5,4717.87,16261.07,4.0
85,General cargo ship,106.0,19.0,5424.0,7782.0,,11.7,8.8,361.08,204.44,6.0
89,Ro-pax ship,130.0,22.0,15229.0,2430.0,15840 KW,16.2,13.7,4242.62,19347.27,11.0
90,General cargo ship,125.0,18.0,5505.0,7822.0,,10.3,8.5,858.6,1025.87,6.0
92,Ro-pax ship,145.0,18.0,5619.0,2395.0,,16.3,15.6,1339.0,7091.13,11.0
93,Ro-pax ship,145.0,18.0,5619.0,2435.0,,16.3,14.7,1571.0,7922.88,11.0
96,Ro-pax ship,168.0,28.0,34694.0,3019.0,,15.1,14.0,4372.17,44740.34,11.0
97,Ro-pax ship,171.0,28.0,34419.0,3720.0,26400 KW,18.6,15.7,4218.45,46756.55,11.0
98,General cargo ship,170.0,27.0,18977.0,29319.0,,14.3,10.4,588.53,958.15,6.0
99,General cargo ship,187.0,29.0,27962.0,43952.0,3000 KW,14.4,10.5,4100.93,10071.7,6.0
107,Ro-ro ship,160.0,22.0,15375.0,9200.0,,14.2,12.5,1513.8,4494.3,12.0
108,Ro-pax ship,157.0,25.0,20921.0,8027.0,15353 KW,15.4,14.5,3251.2,18365.28,11.0
110,Ro-pax ship,120.0,21.0,4059.0,2228.0,,15.8,15.6,2584.33,9728.51,11.0
111,General cargo ship,115.0,18.0,5586.0,8875.0,,9.5,9.5,115.37,184.56,6.0
112,Container ship,189.0,28.0,21887.0,31290.0,21887 KW,14.6,10.8,1195.9,3688.42,4.0
114,Ro-pax ship,164.0,27.0,31910.0,4642.0,26500 KW,14.2,13.3,87.0,822.84,11.0
115,Ro-ro ship,163.0,23.0,19689.0,14107.0,,14.7,13.0,5949.75,17643.25,12.0
118,General cargo ship,115.0,18.0,5451.0,8890.0,2992 KW,14.5,11.7,206.3,216.63,6.0
121,Ro-pax ship,186.0,23.0,22874.0,5143.0,13200 KW,13.2,12.8,5288.83,23837.09,11.0
122,Passenger ship,134.0,15.0,5703.0,922.0,,10.6,8.7,3324.52,2504.5,9.0
123,Container ship,198.0,32.0,31430.0,41815.0,16250 KW,15.3,14.2,567.9,2255.09,4.0
124,Ro-pax ship,98.0,16.0,1765.0,1734.0,,15.6,15.1,2477.92,6153.63,11.0
126,Ro-ro ship,163.0,23.0,19689.0,14103.0,,17.7,13.9,3065.0,9568.22,12.0
128,Ro-pax ship,161.0,28.0,31356.0,3761.0,19600 KW,18.9,17.3,5190.0,39347.95,11.0
129,Ro-pax ship,162.0,27.0,31788.0,3471.0,,10.9,5.3,5709.27,45114.31,11.0
130,General cargo ship,113.0,18.0,5974.0,9650.0,640 KW,9.9,6.6,930.0,969.59,6.0
133,Container ship,177.0,32.0,27103.0,25904.0,13407 KW,16.2,13.1,2581.2,7533.53,4.0
134,Ro-pax ship,166.0,28.0,31914.0,4606.0,15713 KW,19.0,17.3,1726.0,16120.56,11.0
136,Container ship,198.0,32.0,31430.0,41771.0,16250 KW,11.7,10.3,482.6,1752.3,4.0
137,Refrigerated cargo carrier,139.0,20.0,8864.0,6640.0,7282 KW,16.2,13.2,923.0,3371.65,10.0
138,Refrigerated cargo carrier,124.0,19.0,7395.0,6232.0,5520 KW,15.7,11.8,1605.5,4687.62,10.0
139,Ro-pax ship,160.0,22.0,13727.0,4284.0,9182 KW,17.6,14.4,1584.74,10985.45,11.0
140,Container ship,187.0,28.0,21648.0,31205.0,9250 KW,15.2,11.4,1060.3,2965.85,4.0
143,Bulk carrier,142.0,20.0,8253.0,12569.0,3850 KW,11.2,9.2,1659.8,2191.63,0.0
144,Container ship,187.0,28.0,21633.0,31205.0,9250 KW,12.5,11.0,973.7,3148.32,4.0
146,Ro-pax ship,163.0,25.0,19413.0,4000.0,,16.8,12.0,609.4,4474.87,11.0
147,Ro-pax ship,155.0,21.0,14417.0,5583.0,,13.3,12.9,4356.57,15385.94,11.0
152,Ro-pax ship,187.0,27.0,27230.0,6005.0,,19.6,19.0,2571.03,24178.58,11.0
154,Container ship,294.0,32.0,52191.0,60900.0,39420 KW,14.8,11.0,5485.2,50271.59,4.0
155,Ro-pax ship,177.0,26.0,26391.0,5500.0,,19.0,18.7,6291.62,37783.02,11.0
156,Passenger ship,204.0,32.0,39051.0,6150.0,,19.4,12.6,2876.98,19201.92,9.0
158,Ro-pax ship,169.0,28.0,35154.0,3680.0,23760 KW,17.9,12.5,0.0,8487.22,11.0
159,Passenger ship,182.0,20.0,14745.0,1654.0,11520 KW,13.3,10.9,2097.55,4051.23,9.0
161,Ro-pax ship,178.0,34.0,40231.0,2800.0,,17.1,16.0,3703.58,24712.22,11.0
162,Ro-pax ship,91.0,18.0,6721.0,804.0,,15.1,13.9,3283.0,5485.98,11.0
164,Ro-pax ship,192.0,27.0,29731.0,6148.0,,20.7,20.0,3030.39,29320.48,11.0
165,Ro-pax ship,165.0,27.0,30985.0,3452.0,,9.5,7.1,13.92,391.23,11.0
166,Ro-pax ship,122.0,19.0,10977.0,2267.0,9600 KW,9.2,7.2,4012.25,12589.83,11.0
169,Ro-pax ship,151.0,26.0,24534.0,10597.0,,17.3,11.7,0.0,3928.28,11.0
170,Ro-pax ship,161.0,33.0,33336.0,4100.0,,18.4,11.8,4899.0,45475.25,11.0
171,Ro-pax ship,161.0,33.0,33336.0,4100.0,19600 KW,17.1,15.0,4736.2,32434.69,11.0
172,Ro-pax ship,192.0,29.0,30694.0,7622.0,,19.8,16.7,3553.31,31145.25,11.0
173,Container ship,243.0,33.0,35598.0,7154.0,,16.6,14.1,265.1,1616.34,4.0
174,Ro-pax ship,203.0,31.0,58376.0,3779.0,32580 KW,19.6,18.3,3430.85,32592.9,11.0
175,Container ship,294.0,32.0,52181.0,67183.0,57681 KW,15.0,13.5,4021.0,38785.67,4.0
176,Container ship,294.0,32.0,52181.0,67183.0,45000 KW,10.8,6.4,2488.32,20042.56,4.0
178,Ro-pax ship,191.0,35.0,46398.0,4228.0,,12.6,12.4,4455.0,23275.56,11.0
179,Passenger ship,102.0,15.0,5218.0,938.0,,12.3,9.7,3461.04,2461.9,9.0
180,Refrigerated cargo carrier,156.0,23.0,10842.0,12942.0,11220 KW,17.9,17.3,3068.97,12741.09,10.0
181,Ro-pax ship,203.0,31.0,58377.0,5340.0,,16.2,13.1,3108.6,29723.98,11.0
182,Refrigerated cargo carrier,109.0,18.0,5084.0,6120.0,4045 KW,13.3,11.7,2178.5,3078.92,10.0
183,Refrigerated cargo carrier,109.0,17.0,5084.0,6120.0,4045 KW,14.1,11.4,3187.25,5649.92,10.0
184,Refrigerated cargo carrier,109.0,18.0,5084.0,6123.0,4045 KW,6.3,6.2,1318.1,1853.8,10.0
185,Refrigerated cargo carrier,109.0,18.0,5084.0,6129.0,4045 KW,14.3,12.9,3520.5,5194.94,10.0
186,Refrigerated cargo carrier,109.0,18.0,5084.0,6112.0,4045 KW,13.7,9.5,3663.37,4686.49,10.0
190,General cargo ship,113.0,17.0,5167.0,5353.0,,16.7,13.9,3879.78,5304.91,6.0
193,Gas carrier,158.0,21.0,11822.0,16139.0,5905 KW,10.1,6.7,378.3,2355.59,5.0
196,Ro-pax ship,157.0,24.0,18653.0,6934.0,7920 KW,15.4,14.7,4404.42,14601.46,11.0
197,Refrigerated cargo carrier,109.0,18.0,5084.0,6120.0,4045 KW,17.5,11.3,2507.68,2510.74,10.0
198,Refrigerated cargo carrier,107.0,18.0,5084.0,6000.0,4045 KW,17.2,11.9,2052.5,3446.78,10.0
199,Refrigerated cargo carrier,109.0,18.0,5084.0,6120.0,4045 KW,15.9,13.1,2674.7,3708.99,10.0
200,Refrigerated cargo carrier,164.0,24.0,14406.0,16950.0,11250 KW,19.0,15.5,921.5,4608.11,10.0
201,Refrigerated cargo carrier,164.0,24.0,14406.0,16950.0,,18.1,12.7,1265.7,7668.4,10.0
202,Ro-ro ship,122.0,19.0,6620.0,5387.0,,15.0,13.8,5367.91,12845.48,12.0
203,Ro-ro ship,122.0,19.0,6620.0,5409.0,,15.4,13.8,5957.3,11159.61,12.0
204,General cargo ship,129.0,18.0,7949.0,12239.0,4920 KW,9.3,7.4,1049.0,1485.63,6.0
205,General cargo ship,139.0,16.0,5205.0,4178.0,,9.2,7.3,604.33,359.81,6.0
207,General cargo ship,109.0,17.0,5624.0,7158.0,,11.5,9.8,2343.0,2929.44,6.0
208,General cargo ship,139.0,16.0,4197.0,6067.0,1764 KW,7.6,7.6,331.75,226.06,6.0
209,General cargo ship,139.0,16.0,5205.0,6050.0,1764 KW,7.9,7.7,181.75,119.58,6.0
213,Ro-pax ship,186.0,24.0,26463.0,6090.0,23830 KW,19.2,18.4,4211.43,25108.73,11.0
217,Ro-ro ship,169.0,25.0,22059.0,12968.0,,12.9,12.4,3049.83,13342.41,12.0
219,Oil tanker,136.0,22.0,9094.0,12223.0,,4.4,4.0,1308.8,2757.68,8.0
220,Refrigerated cargo carrier,120.0,18.0,6419.0,6807.0,6656 KW,13.7,10.1,2789.9,8589.89,10.0
221,Ro-pax ship,115.0,21.0,4682.0,2131.0,,20.4,20.1,608.33,9577.32,11.0
222,Passenger ship,111.0,17.0,6752.0,1226.0,,14.9,11.8,1453.0,5204.72,9.0
224,General cargo ship,122.0,18.0,5796.0,7562.0,,7.7,7.7,3783.91,5588.0,6.0
225,Bulk carrier,149.0,24.0,14145.0,17309.0,,14.6,13.3,4536.78,12000.44,0.0
226,General cargo ship,149.0,23.0,11542.0,16883.0,5720 KW,6.2,6.2,1180.9,2934.55,6.0
227,Refrigerated cargo carrier,156.0,23.0,10842.0,12350.0,11220 KW,19.9,17.4,907.75,4128.82,10.0
228,Refrigerated cargo carrier,141.0,20.0,8739.0,9687.0,7290 KW,16.1,13.0,738.2,2366.15,10.0
229,Ro-pax ship,145.0,25.0,22070.0,4155.0,,13.2,10.0,3373.73,18925.85,11.0
231,Ro-ro ship,122.0,19.0,6620.0,5387.0,,6.4,5.1,6434.6,12512.38,12.0
232,Refrigerated cargo carrier,131.0,19.0,7743.0,7726.0,8100 KW,16.0,14.6,483.0,1512.83,10.0
233,Refrigerated cargo carrier,131.0,19.0,7743.0,7726.0,8100 KW,13.3,8.3,826.2,2663.85,10.0
234,Refrigerated cargo carrier,131.0,19.0,7743.0,7726.0,15800 KW,19.7,14.8,2860.8,6482.75,10.0
235,Refrigerated cargo carrier,131.0,19.0,7743.0,7726.0,7743 KW,6.0,6.0,796.6,2230.39,10.0
237,Bulk carrier,249.0,38.0,55695.0,96772.0,20940 KW,14.6,11.3,3091.18,13369.8,0.0
238,Ro-ro ship,114.0,18.0,5972.0,4750.0,5920 KW,13.4,10.8,3137.05,6600.34,12.0
239,Ro-ro ship,123.0,19.0,7395.0,5282.0,,13.6,11.7,3801.87,6416.46,12.0
240,Passenger ship,192.0,24.0,29008.0,3938.0,,16.2,10.6,993.78,4717.76,9.0
241,Bulk carrier,139.0,19.0,8220.0,12231.0,4400 KW,14.2,10.1,1624.0,2726.04,0.0
242,Container ship,237.0,32.0,37071.0,46600.0,21677 KW,9.5,9.5,3773.02,25496.83,4.0
243,Container ship,237.0,32.0,37071.0,46600.0,21677 KW,18.2,12.6,3737.0,29491.89,4.0
244,Container ship,237.0,32.0,37071.0,46975.0,21700 KW,11.0,11.0,4525.0,29244.22,4.0
245,General cargo ship,130.0,17.0,6065.0,9169.0,4320 KW,9.8,9.0,1633.94,1594.7,6.0
246,Ro-pax ship,141.0,23.0,15362.0,3348.0,,20.0,18.5,2831.54,16559.99,11.0
247,Refrigerated cargo carrier,146.0,18.0,7089.0,7242.0,6700 KW,16.3,9.6,1163.25,2972.28,10.0
248,Ro-pax ship,154.0,24.0,18332.0,4758.0,18332 KW,16.4,15.8,4704.85,20041.36,11.0
250,Ro-pax ship,171.0,28.0,35498.0,2940.0,23760 KW,17.9,17.1,3370.2,26500.97,11.0
251,Container ship,122.0,19.0,6809.0,5303.0,,15.3,13.5,3705.8,7304.7,4.0
253,General cargo ship,109.0,17.0,5659.0,6847.0,,11.1,9.2,2257.27,2818.49,6.0
254,General cargo ship,109.0,17.0,5602.0,7171.0,3360 KW,10.8,9.2,3166.88,4351.0,6.0
255,Container ship,237.0,32.0,37071.0,46600.0,21700 KW,18.0,14.7,4608.8,33264.12,4.0
256,Container ship,237.0,32.0,37071.0,46853.0,21700 KW,18.6,14.3,4754.9,31609.78,4.0
257,Container ship,237.0,32.0,37071.0,47120.0,21700 KW,6.9,6.9,4602.6,32606.72,4.0
258,Container ship,237.0,32.0,37071.0,46600.0,21677 KW,19.1,11.9,5113.38,37100.39,4.0
259,General cargo ship,122.0,21.0,7398.0,11117.0,5600 KW,8.1,5.6,706.0,948.92,6.0
262,Refrigerated cargo carrier,148.0,21.0,9070.0,11540.0,6900 KW,17.2,12.4,1727.5,4881.4,10.0
263,Refrigerated cargo carrier,109.0,18.0,5084.0,6088.0,4045 KW,13.5,12.9,1478.6,1820.46,10.0
264,Refrigerated cargo carrier,109.0,18.0,5084.0,6000.0,4045 KW,13.7,11.8,1523.45,2534.0,10.0
265,Ro-pax ship,192.0,27.0,32071.0,6368.0,,19.8,17.2,6597.68,60261.01,11.0
266,General cargo ship,138.0,16.0,4189.0,5017.0,1764 KW,8.8,7.0,475.75,275.75,6.0
267,General cargo ship,138.0,16.0,5088.0,5346.0,1760 KW,8.5,6.8,455.7,234.65,6.0
269,General cargo ship,138.0,16.0,5216.0,5350.0,1766 KW,7.5,7.5,229.64,324.59,6.0
272,General cargo ship,139.0,16.0,5216.0,6125.0,,5.9,4.8,2481.0,1383.84,6.0
274,Ro-pax ship,116.0,18.0,3948.0,1300.0,,19.6,19.5,1384.68,6207.59,11.0
275,Container ship,200.0,32.0,28397.0,32984.0,16260 KW,15.4,12.5,5044.7,18470.52,4.0
276,Ro-ro ship,108.0,17.0,5873.0,4232.0,3630 KW,12.7,10.9,1855.22,2045.11,12.0
277,General cargo ship,113.0,18.0,6030.0,9500.0,,10.7,8.1,633.1,829.9,6.0
278,General cargo ship,113.0,18.0,6030.0,9597.0,4412 KW,11.2,9.6,1121.6,1437.39,6.0
279,General cargo ship,113.0,18.0,6030.0,9597.0,4412 KW,11.7,8.2,946.0,1217.23,6.0
280,General cargo ship,201.0,32.0,46940.0,27629.0,,16.6,11.1,2206.1,10118.76,6.0
281,Ro-pax ship,161.0,26.0,27451.0,4225.0,,18.0,12.3,6919.0,44711.12,11.0
282,Ro-pax ship,111.0,28.0,11148.0,2500.0,,11.1,9.2,4742.67,10077.14,11.0
284,Ro-pax ship,166.0,23.0,20133.0,5250.0,,15.1,9.5,0.0,3396.37,11.0
285,Ro-pax ship,179.0,28.0,30635.0,7509.0,,18.1,17.4,4580.7,43362.88,11.0
286,Refrigerated cargo carrier,164.0,24.0,14406.0,16950.0,11250 KW,20.0,14.9,1361.38,6532.38,10.0
287,Passenger ship,182.0,20.0,14983.0,1674.0,,15.2,9.9,1752.5,5487.23,9.0
288,General cargo ship,199.0,30.0,29369.0,46998.0,,15.3,12.7,1502.3,5188.14,6.0
289,General cargo ship,199.0,30.0,29369.0,46998.0,,17.0,13.2,773.8,2741.09,6.0
292,Gas carrier,230.0,36.0,44690.0,50667.0,12527 KW,14.1,10.6,1185.33,4756.41,5.0
293,Container ship,216.0,32.0,34231.0,45670.0,,14.4,12.0,696.7,2640.64,4.0
295,Container ship,216.0,32.0,34231.0,45668.0,,16.3,9.9,1624.0,5842.91,4.0
296,General cargo ship,199.0,30.0,29369.0,46956.0,,15.2,10.5,836.7,2810.47,6.0
297,Refrigerated cargo carrier,150.0,22.0,10412.0,10713.0,15300 KW,20.0,17.0,2251.17,4764.21,10.0
299,Ro-pax ship,183.0,29.0,33313.0,11558.0,,18.9,18.1,5885.0,43725.53,11.0
300,Ro-pax ship,183.0,28.0,33588.0,11682.0,23068 KW,17.6,17.2,4868.91,40544.66,11.0
301,Ro-pax ship,168.0,27.0,29940.0,6124.0,17280 KW,17.1,13.0,4627.91,26065.93,11.0
302,Oil tanker,125.0,17.0,5045.0,8000.0,4080 KW,15.0,10.8,2405.1,7826.86,8.0
303,Ro-pax ship,122.0,19.0,11193.0,2328.0,3520 KW,15.3,15.3,3105.25,12001.59,11.0
304,Gas carrier,112.0,17.0,6118.0,7515.0,5503 KW,14.7,11.9,1271.2,1096.61,5.0
305,General cargo ship,199.0,30.0,29381.0,47069.0,9510 KW,12.1,11.1,2478.9,9361.88,6.0
306,General cargo ship,199.0,30.0,29381.0,47029.0,,14.4,10.5,3731.1,11319.78,6.0
307,Refrigerated cargo carrier,130.0,19.0,6363.0,7387.0,,16.4,13.3,1102.5,3044.03,10.0
308,Refrigerated cargo carrier,156.0,23.0,10842.0,12890.0,12180 KW,19.4,17.9,2287.7,10657.46,10.0
309,Refrigerated cargo carrier,156.0,23.0,10842.0,12891.0,12180 KW,18.7,17.1,2001.19,8171.69,10.0
311,Refrigerated cargo carrier,158.0,24.0,13049.0,13930.0,15218 KW,18.6,13.3,1686.66,8983.37,10.0
312,Refrigerated cargo carrier,158.0,24.0,13049.0,14178.0,15200 KW,19.0,13.5,1740.0,10307.12,10.0
313,Refrigerated cargo carrier,158.0,24.0,13049.0,13930.0,15218 KW,18.3,15.4,2319.23,11219.24,10.0
314,Ro-pax ship,179.0,28.0,30635.0,7550.0,22120 KW,18.0,13.3,4209.48,39329.32,11.0
315,Bulk carrier,181.0,24.0,17934.0,29330.0,,13.2,9.8,346.1,795.9,0.0
316,Ro-pax ship,188.0,29.0,33057.0,6875.0,,19.6,18.3,5443.0,58408.51,11.0
317,Ro-pax ship,214.0,27.0,39255.0,6875.0,23076 KW,19.2,18.8,3735.0,42049.51,11.0
318,Refrigerated cargo carrier,150.0,22.0,10381.0,10603.0,11263 KW,11.6,8.8,1864.33,6764.47,10.0
319,Ro-pax ship,183.0,29.0,33313.0,11600.0,,18.3,15.7,5920.0,42770.48,11.0
322,Ro-pax ship,150.0,23.0,19308.0,5985.0,8700 KW,17.3,16.3,2925.28,12860.37,11.0
323,Ro-pax ship,150.0,23.0,14398.0,7330.0,,5.3,5.3,4078.58,18182.19,11.0
324,Ro-pax ship,150.0,23.0,15848.0,7330.0,11520 KW,15.9,14.9,4141.75,15976.71,11.0
325,Ro-pax ship,150.0,23.0,14398.0,7330.0,,18.5,16.4,6709.1,34643.35,11.0
327,Refrigerated cargo carrier,148.0,20.0,9074.0,11581.0,,18.9,15.9,632.5,1970.12,10.0
328,Container ship,149.0,22.0,10546.0,12184.0,,12.7,9.2,56.78,160.32,4.0
329,Ro-pax ship,116.0,18.0,9487.0,2152.0,,16.9,14.9,3318.0,11210.65,11.0
330,Refrigerated cargo carrier,158.0,24.0,13049.0,14178.0,14960 KW,15.2,10.1,1696.9,9832.97,10.0
331,Refrigerated cargo carrier,158.0,24.0,13049.0,14178.0,15000 KW,19.5,14.0,676.8,3318.99,10.0
332,Ro-pax ship,150.0,23.0,14398.0,7330.0,,13.7,13.0,5450.8,16228.83,11.0
333,Ro-pax ship,150.0,23.0,15950.0,7330.0,,15.0,14.6,4341.0,17317.07,11.0
334,Ro-pax ship,116.0,20.0,10971.0,2706.0,,14.3,12.3,589.18,1904.89,11.0
336,Bulk carrier,157.0,25.0,13706.0,22242.0,6240 KW,10.0,5.6,1031.2,1673.52,0.0
337,Chemical tanker,113.0,17.0,5499.0,8674.0,3640 KW,13.0,8.9,1045.3,1683.31,1.0
338,Chemical tanker,113.0,17.0,5401.0,9063.0,,11.6,11.6,1317.0,1880.96,1.0
340,Ro-pax ship,177.0,25.0,28338.0,5802.0,16982 KW,15.6,14.4,3295.27,44985.6,11.0
341,Ro-pax ship,192.0,27.0,29992.0,6911.0,,20.2,18.2,2791.05,31768.3,11.0
342,Container ship,275.0,37.0,51836.0,61153.0,,16.9,16.2,2075.1,18881.85,4.0
343,General cargo ship,130.0,17.0,6167.0,9187.0,8520 KW,12.8,10.3,5793.93,570.2,6.0
346,Refrigerated cargo carrier,158.0,24.0,13077.0,13981.0,12147 KW,18.3,16.3,2846.4,13435.43,10.0
347,Refrigerated cargo carrier,150.0,22.0,10402.0,10621.0,11268 KW,20.1,18.1,1648.67,5751.43,10.0
348,Container ship,294.0,32.0,53815.0,67640.0,36500 KW,14.6,9.1,4845.52,43460.73,4.0
349,Ro-pax ship,121.0,23.0,11204.0,902.0,,14.8,10.9,6975.8,19168.32,11.0
350,Container ship,202.0,31.0,30567.0,31160.0,16260 KW,15.1,12.8,4368.15,16928.77,4.0
351,Ro-pax ship,151.0,26.0,22940.0,5567.0,,17.9,14.9,3483.22,20094.2,11.0
352,Ro-pax ship,121.0,23.0,11205.0,850.0,,14.5,14.1,6670.68,13866.88,11.0
353,Bulk carrier,238.0,32.0,39327.0,66832.0,,14.2,7.6,399.0,1667.79,0.0
357,General cargo ship,130.0,17.0,6055.0,8749.0,4500 KW,7.7,7.7,1738.29,1522.21,6.0
359,General cargo ship,114.0,16.0,5423.0,7068.0,3000 KW,10.8,10.8,3850.48,4453.21,6.0
360,General cargo ship,125.0,16.0,5458.0,8049.0,2460 KW,102.2,102.2,2163.41,2347.11,6.0
361,Refrigerated cargo carrier,131.0,19.0,7743.0,7721.0,8100 KW,16.0,14.1,620.7,1838.41,10.0
362,Refrigerated cargo carrier,131.0,19.0,7743.0,7721.0,8100 KW,20.1,16.0,1675.4,5025.92,10.0
363,Refrigerated cargo carrier,141.0,22.0,9820.0,10466.0,9170 KW,22.1,14.4,1713.4,6215.21,10.0
366,Refrigerated cargo carrier,150.0,22.0,10584.0,10600.0,,20.7,17.1,5824.0,29022.8,10.0
367,Refrigerated cargo carrier,150.0,22.0,10584.0,10288.0,,19.0,16.3,5262.8,26953.21,10.0
368,Refrigerated cargo carrier,150.0,22.0,10584.0,10288.0,11530 KW,15.9,15.7,5540.1,29309.85,10.0
369,Refrigerated cargo carrier,150.0,22.0,10584.0,10282.0,11530 KW,18.1,15.4,5745.3,29618.84,10.0
370,Bulk carrier,167.0,26.0,15884.0,26446.0,5735 KW,15.9,10.8,1561.4,3406.62,0.0
372,Refrigerated cargo carrier,134.0,20.0,7326.0,8043.0,6840 KW,17.6,13.3,1382.07,3506.28,10.0
374,Ro-pax ship,121.0,23.0,11204.0,850.0,,14.1,12.8,5016.55,11476.6,11.0
375,Ro-pax ship,165.0,29.0,30718.0,9710.0,29575 KW,7.6,5.0,3610.9,25981.23,11.0
377,Ro-pax ship,165.0,29.0,29718.0,6325.0,,5.9,5.9,3002.93,25084.49,11.0
378,Container ship,202.0,32.0,30971.0,42288.0,19670 KW,11.6,11.6,4180.5,13963.32,4.0
379,Container ship,202.0,32.0,30971.0,42413.0,20036 KW,16.7,10.7,4155.8,12408.93,4.0
384,Ro-pax ship,166.0,23.0,17464.0,6791.0,,5.5,4.8,4308.98,25622.33,11.0
385,Ro-pax ship,166.0,23.0,17464.0,6722.0,,22.1,18.8,4760.43,29550.64,11.0
386,Refrigerated cargo carrier,157.0,26.0,13444.0,16700.0,9000 KW,17.2,14.9,2557.38,8076.92,10.0
387,Container ship,179.0,25.0,16202.0,22450.0,11100 KW,20.4,12.4,2124.5,3963.01,4.0
388,Ro-pax ship,134.0,24.0,17851.0,3318.0,,7.6,3.8,2135.4,8184.28,11.0
389,Ro-pax ship,167.0,22.0,14169.0,6550.0,,14.9,11.6,3284.0,14789.26,11.0
390,Refrigerated cargo carrier,178.0,25.0,14061.0,14160.0,16320 KW,19.5,12.5,2938.0,15098.1,10.0
391,Refrigerated cargo carrier,178.0,25.0,14061.0,14140.0,16320 KW,19.0,15.3,2825.0,14865.33,10.0
392,Refrigerated cargo carrier,178.0,25.0,14061.0,14140.0,16250 KW,18.1,15.0,2278.0,9976.17,10.0
393,Refrigerated cargo carrier,178.0,25.0,14061.0,14140.0,16350 KW,20.8,17.2,1728.0,10877.13,10.0
394,Refrigerated cargo carrier,178.0,25.0,14061.0,14140.0,16320 KW,15.7,13.1,3385.0,17497.84,10.0
395,Container ship,243.0,32.0,37398.0,43436.0,24500 KW,15.8,13.3,2045.6,11035.44,4.0
396,Container ship,243.0,32.0,37398.0,43618.0,24500 KW,14.8,12.8,4221.6,17607.03,4.0
397,Container ship,187.0,30.0,23540.0,30600.0,24000 KW,16.2,10.7,414.0,1476.29,4.0
399,Container ship,202.0,30.0,28892.0,41730.0,20568 KW,11.9,8.7,1306.1,4466.49,4.0
400,Container ship,202.0,30.0,28892.0,41667.0,,7.2,4.3,530.5,1715.76,4.0
404,Ro-ro ship,125.0,19.0,8721.0,9355.0,6600 KW,14.0,12.9,1329.97,3151.96,12.0
406,Passenger ship,264.0,36.0,69472.0,5200.0,,15.8,14.3,1064.63,13812.08,9.0
407,Passenger ship,246.0,32.0,72458.0,7260.0,,14.3,11.2,1627.5,20739.38,9.0
408,Refrigerated cargo carrier,134.0,20.0,7313.0,7957.0,7313 KW,13.0,10.5,1691.0,4084.12,10.0
409,Refrigerated cargo carrier,134.0,20.0,7307.0,8024.0,6355 KW,13.6,9.7,805.73,2430.44,10.0
411,General cargo ship,120.0,21.0,8145.0,9433.0,,10.1,9.4,402.7,564.16,6.0
412,General cargo ship,199.0,30.0,29381.0,47053.0,8951 KW,15.2,12.4,2546.6,8795.55,6.0
415,Refrigerated cargo carrier,133.0,18.0,6964.0,7661.0,5100 KW,14.6,11.6,598.0,858.58,10.0
420,Ro-pax ship,139.0,18.0,8845.0,2164.0,10580 KW,15.4,13.4,310.23,1148.86,11.0
427,Ro-pax ship,120.0,19.0,9807.0,4226.0,6800 KW,17.5,13.9,2247.43,8239.1,11.0
431,Container ship,151.0,19.0,7550.0,8932.0,9300 KW,17.4,15.6,5281.0,18509.04,4.0
432,Container ship,126.0,19.0,7039.0,8450.0,,19.1,13.5,4497.67,10927.54,4.0
436,General cargo ship,100.0,19.0,6205.0,9584.0,,12.3,7.4,538.0,450.04,6.0
437,Container ship,318.0,42.0,81488.0,84900.0,54840 KW,15.8,15.0,3688.23,51010.31,4.0
438,Container ship,318.0,42.0,81488.0,84900.0,54840 KW,16.9,13.3,4051.87,55821.71,4.0
439,Container ship,318.0,42.0,81488.0,84900.0,54840 KW,15.8,11.3,3356.0,50888.46,4.0
441,Bulk carrier,143.0,22.0,10490.0,16857.0,,10.4,6.6,1860.33,2545.2,0.0
442,Bulk carrier,143.0,22.0,10490.0,16582.0,7299 KW,11.8,9.1,459.0,527.95,0.0
443,General cargo ship,168.0,26.0,16041.0,26411.0,8600 KW,13.1,10.7,1728.49,3123.98,6.0
444,Bulk carrier,186.0,25.0,18495.0,29292.0,,9.0,9.0,533.02,822.78,0.0
445,Ro-pax ship,173.0,24.0,23933.0,5717.0,31680 KW,15.3,14.0,5027.84,32775.69,11.0
446,Ro-pax ship,173.0,24.0,25710.0,4855.0,31600 KW,18.2,16.6,5009.65,57184.61,11.0
448,Ro-pax ship,155.0,23.0,15412.0,7383.0,8700 KW,15.8,13.8,3316.95,16186.7,11.0
449,Bulk carrier,185.0,30.0,25503.0,43188.0,7779 KW,13.1,7.0,93.2,237.96,0.0
451,Ro-ro ship,170.0,23.0,20171.0,11561.0,8100 KW,14.9,11.6,6868.42,22727.18,12.0
452,Ro-ro ship,170.0,23.0,20154.0,11521.0,,17.1,14.3,7333.53,24713.36,12.0
453,Ro-pax ship,179.0,27.0,26796.0,6538.0,,18.8,17.7,5947.95,38019.22,11.0
454,Ro-pax ship,179.0,27.0,26790.0,6538.0,,6.2,6.2,5747.83,36384.92,11.0
455,Ro-pax ship,163.0,25.0,9917.0,3350.0,,17.1,10.5,3594.12,19789.5,11.0
457,Ro-pax ship,177.0,27.0,28417.0,5848.0,,19.8,17.1,5760.9,44987.04,11.0
459,Ro-pax ship,188.0,26.0,35222.0,7037.0,,21.3,18.6,4992.0,57550.05,11.0
460,Bulk carrier,166.0,20.0,11538.0,16073.0,,11.4,10.0,5694.03,9356.64,0.0
461,Chemical tanker,176.0,31.0,24846.0,36876.0,,18.7,12.7,4276.65,18324.04,1.0
462,Chemical tanker,176.0,31.0,24839.0,37090.0,10000 KW,16.3,9.9,5015.14,21244.82,1.0
463,Chemical tanker,176.0,31.0,24625.0,37205.0,,14.9,10.8,3641.51,19466.17,1.0
464,Chemical tanker,176.0,31.0,24625.0,37271.0,,17.9,15.3,4496.39,20480.04,1.0
466,Chemical tanker,176.0,31.0,24625.0,36902.0,,16.5,11.3,1000.05,3871.59,1.0
467,Chemical tanker,176.0,31.0,24625.0,37042.0,,14.0,10.5,927.78,3438.91,1.0
468,Container ship,202.0,30.0,29181.0,41616.0,17093 KW,14.2,9.6,685.4,2789.75,4.0
469,Container ship,202.0,30.0,29181.0,41583.0,,14.5,10.7,711.0,2699.05,4.0
470,Container ship,202.0,30.0,29181.0,41590.0,16860 KW,15.5,9.4,1903.7,6649.96,4.0
472,General cargo ship,198.0,31.0,32749.0,46428.0,,13.0,8.3,897.3,3584.69,6.0
473,General cargo ship,100.0,20.0,6285.0,8500.0,6000 KW,10.2,9.8,589.67,1027.68,6.0
474,General cargo ship,100.0,20.0,6285.0,8500.0,6000 KW,10.9,7.8,1185.89,1334.41,6.0
475,Gas carrier,116.0,17.0,5725.0,6017.0,3900 KW,14.2,11.7,361.5,559.65,5.0
476,Container ship,293.0,32.0,51931.0,60200.0,35500 KW,15.7,13.8,5850.3,52841.48,4.0
477,Ro-ro ship,134.0,22.0,13038.0,4910.0,9988 KW,15.8,14.1,4190.87,12400.57,12.0
478,Bulk carrier,168.0,25.0,13957.0,21583.0,5292 KW,12.6,11.6,3366.58,5659.55,0.0
479,Ro-pax ship,172.0,30.0,44307.0,3538.0,43000 KW,19.5,15.0,1792.0,29631.81,11.0
480,General cargo ship,199.0,32.0,35998.0,55770.0,,15.3,12.2,362.5,1245.23,6.0
481,Container ship,183.0,25.0,16801.0,22900.0,13320 KW,7.5,5.5,483.6,1647.49,4.0
482,Passenger ship,263.0,32.0,76998.0,6500.0,,15.4,12.8,1238.86,18475.07,9.0
483,Container ship,132.0,22.0,8633.0,9200.0,,13.9,9.4,2694.65,6600.83,4.0
484,Container ship,151.0,24.0,10917.0,13623.0,9730 KW,14.3,10.0,1914.23,4075.43,4.0
485,Container ship,151.0,24.0,10925.0,13623.0,9726 KW,12.7,11.9,1002.6,2477.15,4.0
486,General cargo ship,124.0,18.0,7269.0,11245.0,3900 KW,14.4,13.2,2321.08,3578.04,6.0
487,General cargo ship,134.0,18.0,7255.0,11366.0,,7.2,7.2,3729.84,4468.88,6.0
488,General cargo ship,189.0,31.0,32520.0,48041.0,,14.2,11.6,1652.0,5139.83,6.0
489,General cargo ship,189.0,31.0,32520.0,48077.0,,14.4,12.0,1237.97,2902.27,6.0
490,Bulk carrier,225.0,32.0,37550.0,64214.0,8953 KW,13.9,10.6,446.85,1306.4,0.0
491,Ro-pax ship,123.0,24.0,11386.0,1104.0,,14.7,14.4,6185.74,18213.06,11.0
493,Ro-pax ship,123.0,19.0,11341.0,1150.0,,14.7,14.1,6012.88,16689.21,11.0
495,Container ship,133.0,18.0,6326.0,7946.0,6600 KW,15.4,12.3,5810.61,12588.67,4.0
496,Container ship,216.0,32.0,33735.0,34330.0,,17.6,10.9,5726.3,26279.01,4.0
497,Container ship,216.0,32.0,33735.0,34330.0,,16.8,14.3,5171.1,24654.87,4.0
498,Ro-pax ship,169.0,28.0,29875.0,7250.0,15840 KW,16.1,11.6,5611.0,26689.09,11.0
499,Container ship,158.0,24.0,14241.0,18423.0,13424 KW,11.6,11.6,1368.4,4231.52,4.0
500,Ro-pax ship,175.0,24.0,19495.0,11164.0,,15.2,14.0,75.2,204.04,11.0
502,Chemical tanker,123.0,19.0,6045.0,9494.0,,14.7,11.6,6015.68,9393.58,1.0
503,Bulk carrier,148.0,22.0,11121.0,18172.0,5640 KW,11.7,5.8,4484.96,6731.1,0.0
504,Bulk carrier,148.0,22.0,11121.0,18319.0,5700 KW,9.7,9.7,925.16,2114.91,0.0
505,Ro-pax ship,153.0,25.0,21659.0,5125.0,,19.1,18.2,298.85,6326.18,11.0
506,Bulk carrier,169.0,27.0,16712.0,28429.0,,12.5,10.7,279.0,512.09,0.0
507,Ro-pax ship,120.0,20.0,10047.0,1258.0,,19.3,19.1,2863.16,14698.01,11.0
508,Bulk carrier,167.0,26.0,16252.0,27327.0,,13.8,10.4,855.0,1307.93,0.0
509,Bulk carrier,167.0,26.0,16252.0,27209.0,,13.6,10.1,721.17,857.46,0.0
510,Container ship,274.0,40.0,64054.0,68363.0,,16.4,13.5,3389.6,33050.54,4.0
511,Container ship,274.0,40.0,64054.0,51120.0,,20.7,15.2,3469.8,40826.5,4.0
512,Container ship,274.0,40.0,64054.0,51120.0,54847 KW,18.3,13.2,2521.4,29721.17,4.0
513,Bulk carrier,200.0,23.0,20837.0,34036.0,,13.3,12.4,3468.99,9624.21,0.0
514,Bulk carrier,200.0,23.0,20837.0,34167.0,,11.3,7.9,1121.37,1227.89,0.0
516,Container ship,216.0,32.0,33662.0,33659.0,,18.1,15.5,5284.1,28360.41,4.0
518,Ro-ro ship,115.0,20.0,9125.0,7840.0,,7.9,6.0,3298.0,9640.12,12.0
519,Ro-pax ship,136.0,24.0,14379.0,4418.0,,7.7,5.0,2738.19,9383.43,11.0
520,Ro-pax ship,136.0,24.0,14379.0,4030.0,11700 KW,15.6,14.5,2949.16,9728.02,11.0
521,General cargo ship,137.0,22.0,10098.0,13367.0,,13.4,9.5,3614.82,6817.86,6.0
522,Container ship,159.0,24.0,14473.0,18335.0,11416 KW,14.6,12.9,3782.5,9464.9,4.0
524,Bulk carrier,176.0,26.0,17392.0,28300.0,,11.9,9.1,584.78,1020.71,0.0
526,General cargo ship,101.0,20.0,6310.0,8979.0,,11.7,10.6,151.16,269.05,6.0
529,Bulk carrier,169.0,27.0,18108.0,27917.0,5895 KW,12.9,7.8,138.7,295.76,0.0
530,Container ship,201.0,32.0,30280.0,35966.0,25036 KW,17.7,13.6,3991.8,14780.99,4.0
532,Bulk carrier,148.0,22.0,11121.0,18305.0,5650 KW,19.1,12.1,1644.0,2881.52,0.0
534,Ro-ro ship,126.0,21.0,11166.0,5215.0,,20.9,15.0,321.4,744.88,12.0
535,Bulk carrier,143.0,22.0,10421.0,17386.0,,12.0,11.3,220.98,519.38,0.0
536,Chemical tanker,123.0,19.0,6045.0,9494.0,3960 KW,13.7,7.5,5281.68,8494.94,1.0
538,Refrigerated cargo carrier,117.0,17.0,5110.0,5970.0,5970 KW,15.0,12.4,3157.2,5387.18,10.0
542,General cargo ship,199.0,30.0,29381.0,47016.0,,13.1,10.2,2624.1,8852.2,6.0
543,Ro-ro ship,142.0,23.0,13017.0,5928.0,10740 KW,18.4,15.9,420.58,1840.18,12.0
544,General cargo ship,141.0,22.0,12192.0,17786.0,4900 KW,7.8,5.5,1288.32,2245.9,6.0
546,Container/ro-ro cargo ship,138.0,23.0,10572.0,6077.0,,15.4,14.5,6552.33,29350.56,3.0
547,Bulk carrier,225.0,32.0,39385.0,75265.0,10810 KW,3.8,3.6,2127.0,5892.47,0.0
552,Bulk carrier,154.0,26.0,14762.0,23407.0,5186 KW,12.6,11.4,3741.5,6590.83,0.0
553,Container ship,126.0,19.0,7039.0,8846.0,,16.3,14.5,4546.16,11518.88,4.0
554,General cargo ship,132.0,18.0,6326.0,8001.0,6600 KW,13.7,11.0,2037.0,3956.39,6.0
555,Chemical tanker,177.0,31.0,25196.0,37059.0,,15.5,9.4,786.08,3076.16,1.0
556,General cargo ship,168.0,26.0,16041.0,26412.0,6160 KW,8.8,8.8,566.27,1216.86,6.0
557,General cargo ship,168.0,26.0,16041.0,26412.0,6156 KW,13.0,10.8,1715.3,1436.02,6.0
558,Chemical tanker,126.0,19.0,6737.0,10106.0,,14.3,10.1,3935.7,6414.26,1.0
560,Ro-ro ship,162.0,25.0,23986.0,9677.0,9984 KW,17.5,14.0,3668.62,12250.7,12.0
561,Ro-ro ship,162.0,25.0,23986.0,9655.0,24920 KW,16.1,10.8,6315.27,23475.52,12.0
562,Ro-pax ship,182.0,28.0,29691.0,6559.0,,19.4,18.8,4748.16,35244.52,11.0
563,General cargo ship,119.0,17.0,5239.0,6410.0,,17.3,15.1,5568.45,12903.25,6.0
564,General cargo ship,119.0,17.0,5239.0,6410.0,5850 KW,17.0,14.7,5443.22,12882.36,6.0
565,General cargo ship,119.0,17.0,5239.0,6410.0,5850 KW,16.8,14.0,5520.24,12387.83,6.0
567,Container ship,168.0,27.0,15120.0,19325.0,,14.2,13.4,3561.13,6255.03,4.0
568,Container ship,168.0,27.0,15120.0,19339.0,,12.7,8.7,2421.72,5464.11,4.0
570,Container ship,149.0,22.0,10384.0,12123.0,11637 KW,15.5,11.6,2568.22,8908.92,4.0
572,Container ship,157.0,23.0,12029.0,14587.0,,12.2,10.2,3993.0,10883.76,4.0
573,Bulk carrier,225.0,32.0,37550.0,64214.0,8953 KW,13.8,10.6,1115.14,2704.51,0.0
574,Container ship,168.0,27.0,15120.0,19353.0,9694 KW,14.1,9.4,3793.43,8166.16,4.0
575,Container ship,158.0,24.0,14241.0,18425.0,10100 KW,11.9,10.7,2164.18,7836.71,4.0
576,Ro-pax ship,82.0,23.0,5335.0,344.0,,31.3,25.2,1219.0,21021.29,11.0
578,Refrigerated cargo carrier,151.0,23.0,10519.0,10332.0,11915 KW,19.8,8.9,2370.17,6776.65,10.0
579,Refrigerated cargo carrier,151.0,23.0,10519.0,10342.0,12100 KW,17.8,14.2,2676.09,10675.0,10.0
580,Refrigerated cargo carrier,151.0,23.0,10519.0,10316.0,11200 KW,19.4,9.5,3693.28,12844.52,10.0
581,Bulk carrier,167.0,26.0,16270.0,27362.0,8145 KW,13.8,9.3,1479.3,1135.35,0.0
582,General cargo ship,126.0,20.0,7617.0,9412.0,,8.7,5.6,1163.82,2297.07,6.0
583,General cargo ship,117.0,19.0,5522.0,7000.0,6000 KW,12.2,7.3,2689.92,6884.49,6.0
587,Ro-ro ship,183.0,25.0,18725.0,13500.0,,18.2,16.9,4472.2,20550.32,12.0
589,Container ship,121.0,18.0,6362.0,7202.0,5300 KW,16.1,12.9,4053.0,6597.62,4.0
590,Container ship,165.0,27.0,14807.0,15511.0,,15.0,13.9,2264.8,8467.38,4.0
591,Container ship,165.0,27.0,14807.0,15511.0,,11.4,11.3,1874.5,7234.09,4.0
592,Container ship,165.0,27.0,14807.0,15511.0,,15.9,15.1,3452.42,10289.82,4.0
593,Container/ro-ro cargo ship,213.0,32.0,56642.0,27965.0,15540 KW,16.5,14.9,2472.39,12626.07,3.0
594,Container/ro-ro cargo ship,213.0,32.0,56642.0,27965.0,15540 KW,17.2,15.9,3441.6,17619.6,3.0
595,Ro-ro ship,185.0,25.0,26188.0,11600.0,25020 KW,21.4,18.8,5438.0,43898.98,12.0
600,Ro-ro ship,154.0,22.0,12251.0,8843.0,,13.6,11.7,5121.15,12627.56,12.0
604,General cargo ship,142.0,22.0,10220.0,13887.0,,12.1,11.1,942.78,1475.32,6.0
607,General cargo ship,126.0,20.0,7708.0,9371.0,,10.9,8.5,183.4,624.0,6.0
608,Ro-pax ship,200.0,29.0,42705.0,8787.0,,16.3,14.8,6297.08,43816.7,11.0
609,Container ship,121.0,18.0,6362.0,6800.0,5300 KW,11.0,9.7,4971.5,9007.04,4.0
610,Ro-pax ship,195.0,27.0,30882.0,6174.0,,23.3,20.5,2514.02,33819.12,11.0
611,Container ship,195.0,32.0,29022.0,35021.0,,16.3,12.7,594.2,3307.34,4.0
613,Ro-pax ship,86.0,26.0,5005.0,340.0,,35.3,35.2,2331.0,29358.69,11.0
614,Ro-pax ship,186.0,26.0,21856.0,7115.0,15600 KW,18.4,17.2,5307.23,33725.98,11.0
616,Bulk carrier,150.0,18.0,14431.0,23723.0,5296 KW,6.9,4.8,523.95,1149.62,0.0
618,General cargo ship,142.0,16.0,5334.0,6258.0,,8.8,5.6,1502.84,608.72,6.0
620,Ro-pax ship,188.0,28.0,30144.0,8383.0,,15.9,14.5,3814.32,34729.63,11.0
621,Container ship,207.0,29.0,25361.0,33976.0,17200 KW,16.3,14.0,649.12,2938.73,4.0
622,Container ship,207.0,29.0,25361.0,34044.0,,14.5,12.9,238.4,1550.78,4.0
623,Passenger ship,144.0,21.0,15067.0,1378.0,5000 KW,13.8,10.3,1132.15,3914.85,9.0
624,Container ship,121.0,18.0,6362.0,7221.0,5300 KW,10.9,9.4,2366.16,5073.65,4.0
625,Container/ro-ro cargo ship,183.0,32.0,51714.0,18461.0,,17.7,15.1,2237.8,12811.06,3.0
626,Container/ro-ro cargo ship,183.0,32.0,51823.0,26000.0,,19.6,15.8,4503.1,27051.31,3.0
627,Chemical tanker,126.0,19.0,6875.0,10020.0,5280 KW,12.5,11.9,3762.22,7559.38,1.0
628,Container/ro-ro cargo ship,208.0,30.0,51925.0,23882.0,,18.0,14.7,2402.1,17390.09,3.0
629,Container/ro-ro cargo ship,208.0,30.0,51925.0,23882.0,,17.6,13.5,2211.4,14433.12,3.0
630,Bulk carrier,153.0,25.0,14397.0,24045.0,,13.8,10.1,1630.5,2565.96,0.0
633,Bulk carrier,160.0,25.0,15888.0,24110.0,8260 KW,11.4,11.4,1159.54,1760.38,0.0
634,Ro-ro ship,182.0,25.0,21104.0,12350.0,23040 KW,11.0,9.2,3718.0,13148.91,12.0
635,Container ship,184.0,25.0,16661.0,22967.0,13300 KW,5.0,5.0,255.8,820.48,4.0
636,Bulk carrier,223.0,32.0,38464.0,71572.0,8698 KW,13.5,7.3,1825.74,5105.98,0.0
637,Bulk carrier,223.0,32.0,38464.0,71598.0,9100 KW,12.2,10.3,1667.71,5372.96,0.0
638,General cargo ship,138.0,22.0,10990.0,12950.0,11930 KW,11.4,11.4,2806.0,9350.18,6.0
639,General cargo ship,138.0,22.0,10990.0,12950.0,,10.4,5.5,626.5,1725.42,6.0
640,General cargo ship,138.0,22.0,10990.0,12950.0,,20.2,13.9,3399.0,8078.11,6.0
641,Container ship,149.0,22.0,10384.0,12238.0,11520 KW,13.6,12.4,2248.51,7388.65,4.0
642,Container ship,151.0,19.0,7550.0,8912.0,10000 KW,15.8,14.3,5592.0,15800.5,4.0
644,Container ship,294.0,32.0,53324.0,62200.0,26676 KW,21.2,17.0,4796.4,47638.63,4.0
646,Container ship,181.0,29.0,21531.0,30188.0,12240 KW,14.3,12.8,33.72,84.54,4.0
647,Passenger ship,175.0,23.0,22496.0,3368.0,,17.9,12.6,71.79,523.69,9.0
649,Ro-ro ship,162.0,25.0,17907.0,5250.0,,18.8,17.8,4611.43,24775.33,12.0
650,Ro-ro ship,162.0,25.0,17907.0,5914.0,14000 KW,6.3,4.7,4840.12,28292.05,12.0
651,General cargo ship,134.0,16.0,6540.0,9200.0,5280 KW,2.9,2.6,4053.0,7166.09,6.0
653,General cargo ship,134.0,16.0,6540.0,9200.0,5280 KW,13.7,10.5,3784.0,7917.01,6.0
654,General cargo ship,134.0,16.0,6540.0,9200.0,4833 KW,14.7,10.0,2689.55,4745.54,6.0
655,Ro-pax ship,182.0,28.0,34031.0,5860.0,24000 KW,20.1,19.3,4707.53,40618.8,11.0
656,Refrigerated cargo carrier,154.0,24.0,11438.0,10379.0,15600 KW,19.7,17.6,1717.19,7186.27,10.0
658,Chemical tanker,125.0,20.0,7153.0,11137.0,7359 KW,8.3,5.4,2002.5,4290.58,1.0
659,Ro-pax ship,202.0,26.0,39777.0,7300.0,,22.6,21.5,3899.0,55325.73,11.0
660,Ro-pax ship,118.0,20.0,9024.0,1671.0,,16.4,16.3,1768.83,7410.22,11.0
661,Container ship,293.0,32.0,53523.0,67058.0,,3.7,3.3,2122.6,17646.37,4.0
662,Container ship,293.0,32.0,53523.0,66525.0,,18.7,16.7,1666.1,9204.14,4.0
664,Container/ro-ro cargo ship,183.0,32.0,51714.0,18461.0,15540 KW,16.4,13.2,4592.86,28762.22,3.0
665,Refrigerated cargo carrier,143.0,22.0,8917.0,12101.0,9627 KW,20.9,12.8,512.0,1588.1,10.0
666,Container ship,114.0,20.0,5638.0,7600.0,,13.8,10.4,2482.64,4641.56,4.0
668,Container ship,121.0,18.0,6362.0,7224.0,5300 KW,14.0,13.2,4601.16,10577.5,4.0
669,Bulk carrier,183.0,30.0,25537.0,46570.0,8300 KW,16.6,10.7,260.0,685.18,0.0
670,Ro-pax ship,109.0,18.0,5505.0,1470.0,,13.0,9.1,2613.85,3408.1,11.0
672,General cargo ship,129.0,18.0,7409.0,5175.0,,13.2,11.7,5223.18,11476.84,6.0
673,General cargo ship,129.0,18.0,7409.0,7500.0,6300 KW,12.3,10.8,5095.07,11647.52,6.0
674,General cargo ship,199.0,30.0,29381.0,47053.0,,13.2,10.9,1168.5,4184.94,6.0
675,Ro-pax ship,142.0,25.0,14822.0,2490.0,,16.0,14.2,5470.5,17185.76,11.0
676,Ro-pax ship,143.0,25.0,14822.0,2490.0,,14.3,13.3,5922.75,17452.82,11.0
677,Container ship,138.0,23.0,9962.0,12950.0,10000 KW,17.0,12.7,5784.0,17084.97,4.0
678,Container ship,138.0,23.0,9991.0,12950.0,10000 KW,14.0,11.9,5776.0,17596.29,4.0
679,Ro-pax ship,181.0,26.0,31041.0,7300.0,,18.1,15.3,3844.57,37286.08,11.0
680,Ro-pax ship,181.0,26.0,31041.0,7300.0,,18.0,13.7,3735.95,32503.89,11.0
681,Ro-pax ship,200.0,25.0,29968.0,5150.0,,18.0,14.9,5479.4,60880.09,11.0
683,Ro-pax ship,241.0,29.0,51837.0,10670.0,,20.5,17.2,5441.71,43539.45,11.0
684,Bulk carrier,168.0,25.0,13965.0,21470.0,,9.3,9.3,4168.83,7805.49,0.0
685,Bulk carrier,168.0,25.0,13965.0,21470.0,,14.4,11.6,4041.87,8179.92,0.0
689,Bulk carrier,189.0,30.0,25047.0,45423.0,,15.3,11.5,286.0,780.84,0.0
690,Bulk carrier,113.0,19.0,6001.0,10100.0,2999 KW,14.0,8.5,147.7,143.95,0.0
692,Container ship,188.0,30.0,23745.0,30340.0,17940 KW,16.3,11.5,2252.0,10958.07,4.0
694,Bulk carrier,172.0,27.0,18005.0,28542.0,5714 KW,12.9,7.6,965.75,2681.27,0.0
695,Container ship,294.0,32.0,53324.0,63537.0,41040 KW,12.0,5.4,4627.2,38206.09,4.0
696,Container ship,146.0,22.0,9528.0,12918.0,9730 KW,7.7,4.7,645.28,1441.17,4.0
697,General cargo ship,151.0,20.0,8388.0,9544.0,,20.1,15.5,1658.85,7123.72,6.0
698,General cargo ship,151.0,20.0,8397.0,9360.0,,17.8,16.2,1105.71,4890.68,6.0
699,General cargo ship,151.0,20.0,8397.0,9359.0,,20.1,16.3,1796.66,7685.21,6.0
700,Chemical tanker,125.0,19.0,6572.0,9554.0,5280 KW,16.4,11.1,4210.0,9435.26,1.0
701,Chemical tanker,125.0,19.0,6572.0,9554.0,5280 KW,13.7,11.7,4292.26,9222.39,1.0
702,General cargo ship,107.0,18.0,5381.0,6790.0,2400 KW,10.7,7.6,3725.2,2668.45,6.0
703,General cargo ship,107.0,18.0,5381.0,7580.0,2400 KW,8.6,6.8,4022.1,3536.54,6.0
705,Container ship,208.0,29.0,26029.0,33977.0,19810 KW,14.5,10.1,5474.96,32544.0,4.0
706,Chemical tanker,163.0,24.0,14900.0,22198.0,6500 KW,14.2,10.6,1698.01,5668.52,1.0
707,Chemical tanker,162.0,23.0,14900.0,22198.0,6500 KW,13.3,10.1,4741.27,16775.91,1.0
708,Chemical tanker,162.0,23.0,14900.0,22273.0,9720 KW,13.0,12.3,1690.48,4667.47,1.0
709,General cargo ship,181.0,26.0,19354.0,29501.0,6400 KW,14.5,11.1,756.43,1708.91,6.0
711,Container ship,184.0,25.0,16801.0,23011.0,13320 KW,15.8,14.3,5242.3,20209.31,4.0
712,Container ship,184.0,25.0,16177.0,23026.0,13320 KW,12.3,6.0,2696.51,9482.45,4.0
715,Chemical tanker,182.0,32.0,22626.0,36677.0,,16.3,11.4,2630.28,10426.53,1.0
716,Chemical tanker,126.0,19.0,6875.0,10127.0,,11.2,10.8,2988.07,6441.62,1.0
719,Container ship,119.0,20.0,5599.0,6700.0,,15.6,11.0,4141.22,9688.89,4.0
722,Ro-pax ship,86.0,26.0,5007.0,350.0,28320 KW,35.7,35.6,755.0,10797.17,11.0
723,Container ship,121.0,18.0,6362.0,7223.0,5800 KW,15.0,10.2,2388.38,5747.03,4.0
724,Refrigerated cargo carrier,144.0,22.0,9083.0,10837.0,,18.8,12.8,861.12,2794.89,10.0
727,Ro-pax ship,142.0,25.0,15187.0,2904.0,,15.3,15.1,5910.0,19666.88,11.0
728,Ro-pax ship,142.0,25.0,15187.0,2881.0,,15.3,15.1,5990.25,18107.81,11.0
729,Refrigerated cargo carrier,143.0,22.0,8879.0,9638.0,13090 KW,15.8,12.4,411.17,812.64,10.0
730,Oil tanker,120.0,24.0,9835.0,12008.0,6000 KW,16.6,14.5,1945.41,10333.21,8.0
731,Container ship,179.0,25.0,16281.0,22362.0,,11.8,9.7,1760.0,11811.91,4.0
732,Ro-ro ship,197.0,25.0,24613.0,11089.0,,19.5,15.8,2222.53,14875.41,12.0
733,Ro-ro ship,197.0,25.0,24613.0,11089.0,22000 KW,19.3,16.8,4912.8,33726.95,12.0
734,Bulk carrier,223.0,32.0,37709.0,71663.0,,16.5,11.6,1600.8,5170.01,0.0
738,Container ship,285.0,42.0,80942.0,94769.0,65880 KW,15.2,9.7,1093.07,11846.37,4.0
739,Container ship,299.0,42.0,80942.0,88669.0,65889 KW,21.6,17.9,1676.05,20877.13,4.0
740,General cargo ship,149.0,23.0,11848.0,17064.0,,11.0,11.0,3413.41,7296.41,6.0
742,General cargo ship,149.0,23.0,11848.0,17064.0,4710 KW,10.4,8.4,541.0,1239.51,6.0
743,Container ship,195.0,32.0,29115.0,40100.0,24250 KW,16.5,12.8,2722.95,16824.23,4.0
744,Chemical tanker,182.0,32.0,27526.0,47363.0,,15.6,11.3,2582.27,7214.85,1.0
745,General cargo ship,130.0,15.0,6142.0,9067.0,3960 KW,11.9,10.2,5273.0,6453.77,6.0
746,Oil tanker,135.0,23.0,11270.0,16116.0,6300 KW,12.9,9.7,892.7,2573.21,8.0
747,Ro-ro ship,197.0,25.0,24803.0,11089.0,,19.4,16.6,4915.18,37812.16,12.0
749,General cargo ship,119.0,20.0,5850.0,6770.0,5944 KW,15.0,11.5,4422.38,11716.74,6.0
753,Gas carrier,115.0,16.0,5778.0,7553.0,4560 KW,14.5,12.1,3752.0,7775.41,5.0
755,Bulk carrier,165.0,27.0,16418.0,27174.0,5400 KW,7.7,7.7,3086.63,6516.0,0.0
756,Refrigerated cargo carrier,150.0,22.0,9298.0,11016.0,12620 KW,21.4,16.3,735.0,3194.76,10.0
759,Refrigerated cargo carrier,151.0,23.0,10519.0,10338.0,11915 KW,21.7,18.1,1380.96,6177.96,10.0
760,Refrigerated cargo carrier,151.0,23.0,10519.0,10334.0,11920 KW,21.6,14.7,803.25,3574.72,10.0
761,Bulk carrier,176.0,26.0,17377.0,28747.0,5780 KW,7.7,6.4,2495.55,5393.92,0.0
762,Chemical tanker,109.0,18.0,5136.0,8058.0,4140 KW,13.0,10.8,3855.1,7033.74,1.0
763,General cargo ship,132.0,15.0,6130.0,9567.0,3960 KW,14.0,10.7,5116.0,7353.52,6.0
764,General cargo ship,132.0,15.0,6130.0,8664.0,3960 KW,14.0,11.8,4865.0,7134.5,6.0
767,Oil tanker,269.0,46.0,75526.0,130031.0,,13.0,10.1,1687.08,15216.64,8.0
768,Refrigerated cargo carrier,155.0,23.0,11443.0,12912.0,13440 KW,20.5,18.3,1763.0,8135.22,10.0
769,Refrigerated cargo carrier,155.0,23.0,11443.0,12913.0,13440 KW,19.3,15.7,2125.15,10472.39,10.0
770,Ro-ro ship,138.0,23.0,10585.0,6165.0,,19.0,13.9,5631.46,31037.63,12.0
771,General cargo ship,199.0,30.0,29729.0,47029.0,,15.0,11.0,911.7,3383.23,6.0
773,Container ship,242.0,32.0,37579.0,42960.0,,16.0,13.8,146.4,1075.53,4.0
774,General cargo ship,113.0,19.0,6079.0,9994.0,,3.7,2.8,2027.0,2662.75,6.0
775,General cargo ship,113.0,19.0,6079.0,10094.0,,13.5,10.3,789.0,943.54,6.0
776,Ro-pax ship,200.0,25.0,29968.0,5150.0,,20.3,16.1,4030.9,49333.23,11.0
777,Container ship,299.0,42.0,80942.0,88669.0,,15.8,14.0,1402.7,15938.5,4.0
778,Bulk carrier,159.0,26.0,15660.0,25012.0,,12.4,8.4,3005.0,6744.21,0.0
779,Container ship,217.0,26.0,24836.0,23825.0,25000 KW,13.8,12.8,4172.5,16653.39,4.0
780,Container ship,217.0,26.0,24836.0,23825.0,24000 KW,17.9,12.0,2593.9,9823.69,4.0
782,Container ship,121.0,18.0,6378.0,7073.0,5300 KW,13.8,10.9,5216.0,12468.2,4.0
783,Container ship,194.0,28.0,23722.0,29233.0,17200 KW,12.0,11.7,5009.0,18865.43,4.0
785,General cargo ship,133.0,15.0,6235.0,8867.0,7000 KW,15.4,11.7,4154.0,6626.87,6.0
786,General cargo ship,133.0,15.0,6205.0,8867.0,5280 KW,15.5,10.7,4980.0,8614.71,6.0
787,Container ship,155.0,25.0,14120.0,17526.0,,15.1,13.9,910.65,1550.87,4.0
788,Refrigerated cargo carrier,189.0,24.0,14868.0,16024.0,17760 KW,17.9,16.4,5878.2,34630.64,10.0
789,Refrigerated cargo carrier,189.0,24.0,14868.0,16024.0,17760 KW,17.6,16.7,6067.6,34507.13,10.0
790,Refrigerated cargo carrier,189.0,24.0,14868.0,16024.0,17760 KW,17.8,16.7,6111.7,35296.99,10.0
791,Refrigerated cargo carrier,189.0,24.0,14868.0,16024.0,17760 KW,17.1,15.5,6075.8,32343.18,10.0
793,General cargo ship,157.0,23.0,14118.0,20738.0,6241 KW,14.7,11.0,3582.72,6215.28,6.0
794,Ro-ro ship,195.0,25.0,29303.0,14413.0,,16.7,13.7,4918.0,23482.49,12.0
795,Container ship,244.0,32.0,39174.0,40881.0,,12.4,12.4,4918.0,35467.7,4.0
796,Container ship,245.0,32.0,39174.0,40879.0,,22.4,13.4,3465.2,19703.19,4.0
798,General cargo ship,168.0,26.0,15670.0,22882.0,,10.6,10.6,917.6,2840.12,6.0
799,Bulk carrier,176.0,29.0,19731.0,31764.0,,13.5,12.7,901.3,2600.94,0.0
801,Container ship,199.0,29.0,25499.0,34116.0,16000 KW,13.9,13.9,4602.9,18267.82,4.0
804,Chemical tanker,114.0,18.0,5172.0,8821.0,,11.4,10.0,2830.6,3990.01,1.0
805,Ro-ro ship,180.0,32.0,53240.0,13418.0,18750 KW,15.3,12.9,0.0,0.0,12.0
806,Oil tanker,171.0,27.0,22181.0,34985.0,7150 KW,9.6,8.3,1156.33,3777.89,8.0
807,General cargo ship,116.0,15.0,6872.0,4422.0,,17.1,14.0,3041.2,4997.91,6.0
809,Container ship,149.0,23.0,11925.0,14332.0,10400 KW,15.5,12.0,3308.1,8472.31,4.0
811,Container ship,210.0,32.0,31333.0,37842.0,,14.0,12.5,4817.0,35272.23,4.0
812,Container ship,210.0,32.0,31333.0,37842.0,,18.0,12.8,5025.0,38076.54,4.0
813,Container ship,210.0,32.0,31333.0,37842.0,28800 KW,10.8,5.5,6682.53,35814.43,4.0
814,Chemical tanker,162.0,23.0,14900.0,22201.0,6500 KW,14.3,11.8,4484.64,16373.89,1.0
815,Chemical tanker,162.0,23.0,14913.0,22220.0,,15.1,11.6,1083.0,3192.27,1.0
817,Chemical tanker,183.0,32.0,23206.0,37438.0,,15.2,12.0,973.79,3971.84,1.0
818,Container ship,215.0,26.0,25219.0,23487.0,25020 KW,14.0,12.4,4399.0,22305.78,4.0
819,Container ship,215.0,26.0,25219.0,23487.0,25000 KW,17.8,14.8,5397.6,27160.03,4.0
820,Container ship,215.0,26.0,25219.0,23487.0,25020 KW,19.5,14.7,3078.9,13217.07,4.0
821,Container ship,215.0,26.0,25219.0,23487.0,25000 KW,13.4,11.2,2985.88,15114.65,4.0
822,Container ship,215.0,26.0,25219.0,23487.0,25364 KW,11.8,11.8,2838.68,12482.95,4.0
823,Container ship,260.0,32.0,40792.0,52329.0,38000 KW,17.9,15.8,5813.3,49584.87,4.0
826,Oil tanker,145.0,22.0,10321.0,15441.0,5300 KW,14.3,12.4,2280.0,6450.76,8.0
827,Oil tanker,145.0,22.0,10321.0,15441.0,5300 KW,14.1,7.8,3110.41,8693.45,8.0
828,Chemical tanker,162.0,23.0,14900.0,22199.0,6500 KW,15.6,11.4,2545.91,8013.23,1.0
829,Ro-pax ship,82.0,23.0,5517.0,340.0,,22.0,19.5,1657.15,18341.2,11.0
830,Chemical tanker,151.0,23.0,13015.0,19733.0,8200 KW,13.3,8.7,2527.58,8818.02,1.0
831,Ro-ro ship,154.0,22.0,12076.0,8847.0,,18.9,15.1,6293.53,34109.87,12.0
832,General cargo ship,170.0,27.0,18459.0,29478.0,,14.4,9.7,1606.05,1146.99,6.0
836,General cargo ship,108.0,18.0,5792.0,9861.0,2760 KW,9.6,9.3,4456.13,4685.76,6.0
837,General cargo ship,108.0,18.0,6354.0,9802.0,,11.2,11.0,1178.0,1197.29,6.0
838,General cargo ship,108.0,18.0,6354.0,9802.0,2760 KW,11.3,7.1,4148.36,3994.01,6.0
839,Chemical tanker,119.0,19.0,7329.0,10373.0,5354 KW,12.8,9.7,2854.8,5842.53,1.0
840,Bulk carrier,154.0,26.0,14762.0,24154.0,,13.1,9.4,2364.0,4088.52,0.0
841,Chemical tanker,126.0,19.0,6785.0,9887.0,5280 KW,9.7,9.7,5393.0,11701.9,1.0
843,Chemical tanker,140.0,22.0,9956.0,16028.0,7500 KW,16.0,12.3,6192.24,13402.36,1.0
844,Chemical tanker,140.0,22.0,9956.0,16028.0,6000 KW,15.7,12.5,6997.25,14268.66,1.0
845,Chemical tanker,177.0,30.0,22116.0,31975.0,,15.0,11.3,1180.5,4867.25,1.0
846,Chemical tanker,177.0,30.0,22116.0,31980.0,,11.8,11.8,1022.9,4819.55,1.0
847,Chemical tanker,177.0,30.0,22116.0,31972.0,,14.8,12.6,1638.9,5761.34,1.0
850,Refrigerated cargo carrier,150.0,22.0,9307.0,11014.0,12617 KW,18.2,12.9,899.0,2150.25,10.0
854,Bulk carrier,135.0,22.0,9973.0,15962.0,,15.2,11.2,1966.98,2650.4,0.0
855,General cargo ship,137.0,21.0,10098.0,13340.0,,12.8,10.6,3230.15,6160.53,6.0
858,General cargo ship,129.0,16.0,5056.0,6131.0,1800 KW,8.6,8.6,768.0,1239.44,6.0
859,Ro-ro ship,195.0,25.0,29303.0,14413.0,17009 KW,12.5,11.2,5736.0,24219.6,12.0
860,Container ship,153.0,25.0,12827.0,17250.0,13320 KW,13.9,10.2,4203.6,13070.2,4.0
863,Container ship,155.0,25.0,14063.0,17733.0,,17.3,11.1,1688.3,2949.01,4.0
864,Ro-pax ship,91.0,26.0,5832.0,366.0,,25.4,25.4,1539.0,20359.86,11.0
865,Ro-pax ship,92.0,26.0,5617.0,500.0,,34.8,33.0,1374.9,16209.57,11.0
866,Ro-pax ship,92.0,26.0,5619.0,500.0,,25.3,25.3,1162.78,10835.39,11.0
867,Ro-pax ship,92.0,26.0,5029.0,655.0,16000 KW,33.8,31.9,52.93,687.82,11.0
871,Ro-ro ship,198.0,32.0,55729.0,21479.0,,17.5,14.0,132.68,744.24,12.0
872,Chemical tanker,149.0,23.0,13005.0,19733.0,8500 KW,17.7,14.3,2743.8,10014.73,1.0
876,Gas carrier,169.0,24.0,17840.0,23503.0,8500 KW,15.7,13.4,705.92,2971.62,5.0
879,Bulk carrier,154.0,26.0,14781.0,24351.0,5296 KW,19.5,9.8,1234.92,2860.13,0.0
880,Chemical tanker,176.0,31.0,24522.0,37236.0,10000 KW,16.3,10.9,1153.3,4893.9,1.0
881,Chemical tanker,176.0,31.0,24509.0,37155.0,,17.1,14.9,1108.07,4219.4,1.0
882,Ro-pax ship,192.0,27.0,33635.0,5186.0,,22.2,20.8,3145.77,39429.87,11.0
883,Refrigerated cargo carrier,175.0,22.0,14505.0,17100.0,14760 KW,19.0,16.3,2548.6,11736.86,10.0
885,General cargo ship,132.0,15.0,6130.0,8700.0,3960 KW,13.7,12.2,4719.0,6885.87,6.0
886,General cargo ship,131.0,22.0,9068.0,11050.0,8400 KW,11.6,9.0,2508.9,7253.63,6.0
887,General cargo ship,131.0,22.0,9068.0,10998.0,,11.5,10.7,2070.12,6053.79,6.0
891,Ro-ro ship,184.0,23.0,20343.0,11000.0,3892 KW,12.2,6.3,3973.1,11103.13,12.0
892,Ro-ro ship,184.0,23.0,20343.0,11203.0,15570 KW,14.4,13.3,5041.8,18876.88,12.0
893,Bulk carrier,199.0,23.0,21387.0,34939.0,,15.8,13.4,999.08,2088.56,0.0
894,Bulk carrier,199.0,23.0,21387.0,34941.0,6730 KW,13.1,6.5,745.78,1812.46,0.0
895,Bulk carrier,199.0,23.0,21387.0,34948.0,8000 KW,13.5,12.1,2209.43,5751.06,0.0
896,Bulk carrier,199.0,23.0,21387.0,34946.0,6730 KW,10.6,6.7,2540.43,6212.05,0.0
897,Bulk carrier,199.0,23.0,21387.0,34947.0,6730 KW,10.8,5.9,2665.58,7388.68,0.0
898,General cargo ship,134.0,16.0,6540.0,9200.0,5280 KW,13.5,11.3,4955.0,7362.86,6.0
899,Bulk carrier,225.0,32.0,39783.0,75122.0,,13.6,11.5,1060.33,2970.54,0.0
900,General cargo ship,149.0,22.0,12388.0,18966.0,,20.7,10.5,1322.98,2611.9,6.0
901,General cargo ship,149.0,22.0,12396.0,16211.0,4854 KW,13.7,9.9,2303.4,2821.55,6.0
902,Container/ro-ro cargo ship,162.0,25.0,18205.0,9741.0,,18.8,13.2,5804.71,22252.66,3.0
903,Ro-pax ship,179.0,25.0,22152.0,7477.0,5940 KW,22.3,18.8,4499.78,34716.82,11.0
905,Bulk carrier,189.0,31.0,27011.0,46620.0,,8.7,8.7,4733.27,11889.65,0.0
906,Refrigerated cargo carrier,149.0,22.0,9859.0,10097.0,9634 KW,18.9,15.6,2976.6,11152.94,10.0
907,Refrigerated cargo carrier,149.0,22.0,9859.0,10114.0,11130 KW,19.8,15.2,787.42,2828.71,10.0
909,Refrigerated cargo carrier,149.0,22.0,9860.0,10139.0,9627 KW,7.0,4.7,1802.57,7191.62,10.0
910,Refrigerated cargo carrier,151.0,23.0,10532.0,10358.0,,16.2,12.0,2513.2,6593.8,10.0
912,General cargo ship,158.0,25.0,15349.0,24175.0,,11.6,10.1,3445.22,6273.18,6.0
915,Container ship,294.0,32.0,53208.0,67678.0,55986 KW,18.3,15.0,5713.4,50300.38,4.0
916,Container ship,294.0,32.0,53208.0,67795.0,41173 KW,17.0,13.7,5694.52,51470.45,4.0
917,Bulk carrier,169.0,27.0,18406.0,30109.0,,12.9,11.8,219.17,458.18,0.0
922,General cargo ship,198.0,31.0,32628.0,46428.0,,17.4,12.0,3700.4,14541.99,6.0
923,General cargo ship,198.0,31.0,32628.0,46428.0,,13.6,11.1,848.3,4113.01,6.0
924,General cargo ship,198.0,31.0,32628.0,45740.0,,16.5,12.2,3882.7,15640.55,6.0
926,Container/ro-ro cargo ship,153.0,20.0,10471.0,7438.0,12600 KW,18.5,17.0,6297.47,28395.54,3.0
927,Ro-ro ship,153.0,20.0,10471.0,7440.0,12600 KW,15.5,11.2,1391.3,5042.31,12.0
928,Chemical tanker,162.0,27.0,14400.0,21870.0,7860 KW,12.9,9.7,3878.0,11929.55,1.0
929,Passenger ship,198.0,24.0,28890.0,2557.0,,19.2,13.0,1794.19,10042.44,9.0
930,Ro-ro ship,162.0,25.0,23987.0,9415.0,9840 KW,17.5,15.6,6658.65,27997.84,12.0
932,Ro-pax ship,202.0,29.0,40193.0,7300.0,,21.7,18.4,4469.0,59976.09,11.0
933,Refrigerated cargo carrier,135.0,20.0,7367.0,8097.0,7060 KW,13.5,7.7,972.5,3144.72,10.0
934,General cargo ship,132.0,15.0,6130.0,8736.0,3647 KW,14.6,9.0,2355.91,3538.34,6.0
935,Ro-ro ship,199.0,32.0,58684.0,22173.0,,15.6,12.8,926.13,4756.78,12.0
937,Bulk carrier,225.0,32.0,38667.0,75592.0,,7.1,4.2,550.6,1835.53,0.0
938,Ro-pax ship,180.0,27.0,31647.0,4100.0,34560 KW,20.0,19.0,3719.23,56801.22,11.0
941,Bulk carrier,177.0,28.0,19908.0,32942.0,6715 KW,13.9,10.6,2015.55,3339.5,0.0
942,Container/ro-ro cargo ship,180.0,25.0,20296.0,11564.0,,18.1,15.1,4825.96,25412.06,3.0
943,Container/ro-ro cargo ship,180.0,25.0,20296.0,11585.0,,20.2,14.5,5345.72,24040.2,3.0
944,General cargo ship,198.0,31.0,33448.0,45038.0,,14.2,11.4,1703.0,7884.42,6.0
945,General cargo ship,198.0,31.0,33448.0,44982.0,,16.6,11.5,2328.5,9904.41,6.0
946,General cargo ship,198.0,31.0,33448.0,44691.0,,16.3,12.1,3855.9,16389.38,6.0
948,Chemical tanker,140.0,22.0,9960.0,15990.0,,14.5,12.7,6005.69,14862.7,1.0
950,Combination carrier,118.0,17.0,9927.0,5195.0,,15.7,13.2,4979.8,14710.36,2.0
952,Ro-ro ship,153.0,20.0,10471.0,7291.0,,16.5,10.9,5646.02,18621.72,12.0
953,Ro-ro ship,153.0,20.0,10471.0,7296.0,,20.2,19.3,4916.2,24946.44,12.0
954,Bulk carrier,169.0,27.0,18061.0,28674.0,7920 KW,12.1,8.2,2520.8,5777.79,0.0
955,Ro-ro ship,142.0,23.0,13073.0,4650.0,,17.6,17.1,5283.22,25267.89,12.0
956,General cargo ship,192.0,32.0,28564.0,47257.0,,12.2,8.9,4911.5,17664.41,6.0
957,General cargo ship,173.0,29.0,22073.0,36466.0,,13.3,10.3,1007.7,2417.97,6.0
958,General cargo ship,142.0,21.0,11894.0,17539.0,7800 KW,14.4,11.6,3868.99,11345.59,6.0
959,Oil tanker,116.0,17.0,5396.0,8297.0,,13.7,9.8,3175.8,4309.46,8.0
960,Ro-ro ship,142.0,21.0,15224.0,4567.0,,18.3,17.6,7058.05,42459.15,12.0
963,Container ship,285.0,40.0,69246.0,63090.0,,19.4,14.5,1412.7,11222.14,4.0
964,Container ship,183.0,29.0,21583.0,30029.0,,14.0,14.0,4368.48,14168.63,4.0
965,Ro-ro ship,183.0,25.0,21005.0,12500.0,10920 KW,17.5,12.5,4060.23,17531.15,12.0
966,Ro-ro ship,183.0,25.0,21005.0,12457.0,15600 KW,18.1,16.4,3982.37,8292.74,12.0
967,Ro-ro ship,183.0,25.0,21005.0,12502.0,10920 KW,19.3,15.6,4714.97,17638.3,12.0
969,Ro-pax ship,186.0,25.0,25263.0,7073.0,18900 KW,21.5,20.4,4746.15,38816.06,11.0
970,Container ship,118.0,17.0,5056.0,6867.0,5760 KW,14.4,12.9,5167.0,11170.78,4.0
971,Container ship,154.0,21.0,9953.0,13520.0,12600 KW,19.2,15.2,6043.0,28890.71,4.0
974,Ro-pax ship,86.0,24.0,5992.0,400.0,,22.5,22.5,608.33,9577.32,11.0
975,Ro-pax ship,86.0,24.0,5989.0,395.0,28800 KW,29.7,26.0,2311.7,30313.98,11.0
977,General cargo ship,126.0,20.0,7617.0,10335.0,6000 KW,12.0,8.8,3749.84,5865.35,6.0
979,Container ship,278.0,40.0,66526.0,67902.0,54900 KW,21.2,16.8,5400.43,62018.56,4.0
980,Container ship,278.0,40.0,66526.0,67717.0,56000 KW,16.1,10.6,992.83,9463.29,4.0
981,Bulk carrier,171.0,27.0,19743.0,31828.0,7060 KW,15.4,13.7,912.0,2621.65,0.0
982,Refrigerated cargo carrier,154.0,24.0,11417.0,10447.0,11474 KW,16.9,13.1,1185.78,4637.36,10.0
983,Refrigerated cargo carrier,144.0,21.0,9649.0,11793.0,9267 KW,16.9,14.6,640.1,2862.75,10.0
984,Refrigerated cargo carrier,144.0,21.0,9649.0,11788.0,11949 KW,19.8,16.0,1919.75,8164.97,10.0
985,General cargo ship,194.0,32.0,29688.0,50655.0,10473 KW,11.4,9.3,693.2,2141.25,6.0
988,General cargo ship,143.0,22.0,12993.0,17451.0,,12.6,11.2,138.3,434.65,6.0
990,General cargo ship,130.0,15.0,6142.0,9103.0,3960 KW,13.3,10.0,3952.45,6388.46,6.0
993,Container ship,265.0,37.0,50688.0,63200.0,45748 KW,19.0,17.5,2060.43,14753.54,4.0
994,Container ship,265.0,37.0,50688.0,63400.0,,20.0,14.4,1619.37,10876.11,4.0
996,Container ship,265.0,37.0,50721.0,63395.0,,18.4,15.8,1702.0,12088.63,4.0
1001,Refrigerated cargo carrier,149.0,22.0,9859.0,10110.0,9627 KW,19.7,16.7,1334.43,4859.89,10.0
1002,Refrigerated cargo carrier,151.0,23.0,10527.0,10318.0,11800 KW,19.3,17.4,1436.23,6767.18,10.0
1004,Ro-ro ship,162.0,20.0,11530.0,8702.0,12600 KW,14.6,8.3,4225.63,18986.17,12.0
1005,Passenger ship,186.0,24.0,28258.0,2980.0,,16.1,15.5,1752.64,9116.04,9.0
1006,Passenger ship,186.0,24.0,28258.0,2980.0,15600 KW,19.4,13.8,31.4,258.98,9.0
1007,Chemical tanker,136.0,23.0,11287.0,15200.0,6300 KW,17.0,11.9,2124.81,5483.7,1.0
1008,Container ship,198.0,30.0,27733.0,30194.0,,19.5,15.8,2855.03,11294.52,4.0
1009,Container ship,198.0,30.0,27733.0,30194.0,,19.9,13.7,5471.52,20953.67,4.0
1010,General cargo ship,182.0,26.0,19955.0,29161.0,,17.7,11.7,0.0,0.0,6.0
1011,General cargo ship,182.0,26.0,19955.0,29161.0,,14.2,10.5,0.0,0.0,6.0
1012,General cargo ship,182.0,26.0,19955.0,29108.0,,12.8,10.1,0.0,0.0,6.0
1013,Ro-ro ship,195.0,25.0,29412.0,15500.0,,15.1,14.4,3471.72,17452.85,12.0
1019,Container ship,194.0,28.0,23722.0,29266.0,17200 KW,18.4,8.7,4932.8,18874.72,4.0
1020,Bulk carrier,186.0,30.0,26216.0,45251.0,8561 KW,13.4,9.8,2681.1,8648.51,0.0
1021,Bulk carrier,189.0,31.0,27011.0,46677.0,,12.7,10.3,2575.23,7863.13,0.0
1022,Bulk carrier,134.0,21.0,8492.0,14190.0,,13.2,9.1,1029.67,1549.74,0.0
1023,Refrigerated cargo carrier,144.0,21.0,9649.0,11791.0,9267 KW,20.8,17.3,1811.0,7859.31,10.0
1024,Refrigerated cargo carrier,143.0,21.0,8507.0,9566.0,16190 KW,17.6,13.1,761.17,2891.47,10.0
1027,General cargo ship,133.0,15.0,6219.0,8865.0,,11.8,8.0,4091.3,6420.15,6.0
1028,General cargo ship,132.0,15.0,6130.0,9567.0,,12.5,10.9,4642.0,7254.46,6.0
1029,Bulk carrier,177.0,28.0,20319.0,32260.0,,14.7,12.0,1712.7,4931.82,0.0
1032,Chemical tanker,165.0,26.0,16754.0,26617.0,6600 KW,13.5,9.8,0.0,0.0,1.0
1033,Chemical tanker,166.0,26.0,16967.0,26707.0,6280 KW,15.4,11.8,3691.41,13556.37,1.0
1035,Container ship,285.0,40.0,69246.0,63400.0,,18.1,16.1,1167.1,11458.23,4.0
1036,Container ship,285.0,40.0,68888.0,63104.0,,17.1,14.1,1307.6,11036.73,4.0
1037,General cargo ship,199.0,30.0,29729.0,47027.0,9560 KW,12.3,11.1,609.7,2023.04,6.0
1039,Ro-pax ship,176.0,26.0,29858.0,4500.0,,23.1,20.9,4076.24,37821.47,11.0
1043,General cargo ship,168.0,25.0,16641.0,21402.0,12060 KW,17.5,12.7,4127.0,18161.31,6.0
1044,General cargo ship,168.0,25.0,16641.0,21402.0,12060 KW,21.8,14.5,4599.0,20974.17,6.0
1045,General cargo ship,151.0,20.0,8397.0,9361.0,,18.4,16.6,2874.16,11818.88,6.0
1047,Ro-ro ship,153.0,20.0,10488.0,7097.0,,20.6,20.2,4740.9,30172.43,12.0
1051,General cargo ship,168.0,25.0,16641.0,21402.0,12000 KW,21.3,17.0,4265.0,18959.83,6.0
1052,General cargo ship,168.0,25.0,16641.0,21402.0,12000 KW,14.7,13.4,5638.0,23600.03,6.0
1053,Container/ro-ro cargo ship,213.0,32.0,56660.0,26169.0,15540 KW,17.6,15.1,3328.0,18331.59,3.0
1055,Bulk carrier,185.0,30.0,26010.0,45572.0,7172 KW,13.1,9.2,670.41,1368.0,0.0
1057,Ro-ro ship,162.0,20.0,11530.0,8702.0,12600 KW,7.2,4.2,3198.68,15183.78,12.0
1059,Ro-pax ship,203.0,25.0,32728.0,6515.0,46080 KW,20.0,15.6,6210.76,104388.31,11.0
1060,Container/ro-ro cargo ship,153.0,20.0,10488.0,7226.0,,19.3,18.0,5167.6,21478.76,3.0
1061,Ro-ro ship,153.0,20.0,10488.0,7096.0,,12.1,11.1,6417.5,30181.06,12.0
1062,Bulk carrier,199.0,23.0,20659.0,36563.0,,15.2,9.7,835.7,2079.77,0.0
1063,Bulk carrier,199.0,23.0,20659.0,36563.0,,18.8,12.0,2319.3,6462.91,0.0
1064,General cargo ship,199.0,30.0,29729.0,47027.0,12170 KW,14.4,10.5,2282.5,7203.39,6.0
1065,Bulk carrier,199.0,23.0,20659.0,36563.0,,14.3,8.3,2748.1,8513.08,0.0
1067,Container ship,278.0,40.0,66278.0,68790.0,57900 KW,8.3,8.3,4084.4,48582.26,4.0
1068,Container ship,294.0,32.0,54437.0,66781.0,,18.6,16.8,2298.4,22602.94,4.0
1069,Ro-pax ship,129.0,23.0,14000.0,4504.0,8680 KW,19.5,14.6,145.95,337.63,11.0
1070,Chemical tanker,119.0,16.0,5006.0,7071.0,3960 KW,12.6,11.3,4158.15,6467.71,1.0
1071,Gas carrier,107.0,16.0,5278.0,6174.0,4320 KW,12.7,10.3,2137.66,5943.38,5.0
1072,General cargo ship,127.0,20.0,7541.0,8450.0,6000 KW,15.7,13.0,4795.17,8063.16,6.0
1073,Container ship,181.0,28.0,17887.0,19309.0,,20.3,9.8,1931.2,8921.14,4.0
1074,General cargo ship,172.0,25.0,16639.0,21250.0,12060 KW,20.1,14.6,4609.0,19834.46,6.0
1075,General cargo ship,172.0,25.0,16639.0,21250.0,12060 KW,18.2,16.2,4774.0,21801.51,6.0
1076,General cargo ship,172.0,25.0,16639.0,21250.0,12060 KW,20.9,15.2,4119.0,18471.07,6.0
1077,General cargo ship,172.0,25.0,16639.0,21349.0,12060 KW,18.2,12.5,4890.0,24306.32,6.0
1078,General cargo ship,168.0,25.0,16641.0,21402.0,12060 KW,19.5,14.0,3242.0,14485.03,6.0
1079,General cargo ship,168.0,25.0,16641.0,21402.0,12060 KW,23.0,17.4,3947.0,18586.39,6.0
1080,Container ship,259.0,32.0,40631.0,56889.0,,13.9,12.5,419.5,3268.78,4.0
1081,Container ship,259.0,32.0,40631.0,56880.0,29181 KW,16.0,12.4,808.1,6363.86,4.0
1082,Refrigerated cargo carrier,151.0,23.0,10532.0,10346.0,11916 KW,17.3,15.0,2704.22,11921.85,10.0
1083,Refrigerated cargo carrier,151.0,23.0,10532.0,10309.0,16190 KW,18.1,15.5,1675.05,5721.8,10.0
1084,Ro-pax ship,176.0,24.0,26024.0,3500.0,46800 KW,17.0,17.0,4363.57,55373.17,11.0
1085,Ro-pax ship,176.0,24.0,26024.0,3500.0,,16.1,11.6,5000.27,66474.84,11.0
1087,Container ship,207.0,29.0,25294.0,32308.0,28490 KW,15.1,13.0,560.5,2167.58,4.0
1088,Container ship,207.0,29.0,25294.0,32391.0,21245 KW,11.1,6.6,1853.52,7174.37,4.0
1089,Container ship,207.0,29.0,25294.0,32350.0,20930 KW,11.1,11.1,3988.75,14021.38,4.0
1093,Container ship,148.0,23.0,12004.0,14065.0,,15.7,10.4,2769.3,5357.08,4.0
1094,Container ship,259.0,32.0,40631.0,56903.0,32411 KW,6.7,2.8,4391.4,30075.4,4.0
1095,Container ship,273.0,32.0,43575.0,61468.0,32400 KW,20.0,17.8,4925.55,31251.27,4.0
1097,Ro-ro ship,157.0,25.0,17505.0,7200.0,6300 KW,14.8,9.7,3013.16,18192.76,12.0
1098,Container ship,183.0,25.0,16802.0,22878.0,13320 KW,11.0,5.8,1810.0,6033.75,4.0
1099,Container ship,133.0,22.0,8737.0,9113.0,10880 KW,10.1,8.1,3040.01,8319.96,4.0
1100,Container ship,133.0,22.0,8737.0,9113.0,,14.2,9.7,3605.8,8355.04,4.0
1101,Ro-pax ship,214.0,26.0,37482.0,7237.0,,20.1,18.0,2524.9,50880.36,11.0
1102,Bulk carrier,225.0,32.0,38818.0,75681.0,,14.4,11.0,0.0,0.0,0.0
1105,Refrigerated cargo carrier,167.0,25.0,14413.0,13512.0,21467 KW,21.4,17.0,2265.5,17753.11,10.0
1107,Gas carrier,117.0,19.0,6560.0,8485.0,6560 KW,12.9,12.6,2994.0,5239.78,5.0
1108,General cargo ship,127.0,15.0,5968.0,9791.0,,14.0,11.3,2755.07,4064.16,6.0
1109,General cargo ship,128.0,16.0,5968.0,9231.0,4360 KW,14.2,12.9,2353.1,3057.56,6.0
1110,Bulk carrier,199.0,23.0,20659.0,36578.0,7986 KW,16.6,12.7,1067.5,2756.51,0.0
1111,Bulk carrier,199.0,23.0,20659.0,36563.0,,15.0,10.5,1292.9,3255.04,0.0
1112,Bulk carrier,199.0,23.0,20659.0,36563.0,,13.3,7.3,2278.9,6597.15,0.0
1113,Bulk carrier,199.0,23.0,20659.0,36563.0,,13.8,7.3,1270.1,3270.08,0.0
1114,Bulk carrier,199.0,23.0,20659.0,36563.0,,15.9,11.3,1140.6,3217.29,0.0
1115,Bulk carrier,189.0,32.0,28632.0,50913.0,,14.9,13.2,1226.47,4317.14,0.0
1116,Bulk carrier,176.0,29.0,19734.0,31727.0,,14.5,11.7,670.7,1760.38,0.0
1117,Gas carrier,230.0,36.0,45965.0,49999.0,,16.9,12.2,2023.78,9959.29,5.0
1118,Ro-pax ship,92.0,26.0,6346.0,800.0,,21.7,21.7,3410.61,39411.96,11.0
1119,Ro-pax ship,95.0,28.0,6344.0,717.0,28800 KW,35.1,34.7,2535.37,31921.86,11.0
1122,Gas carrier,116.0,15.0,5831.0,6875.0,4900 KW,15.1,13.2,3235.55,6084.12,5.0
1123,Ro-ro ship,116.0,20.0,9141.0,4171.0,,16.1,11.2,3739.3,7956.46,12.0
1124,General cargo ship,135.0,16.0,6540.0,9200.0,5280 KW,16.5,12.0,4951.84,9191.85,6.0
1125,Ro-pax ship,176.0,26.0,29560.0,5075.0,,26.1,19.8,4266.26,67469.87,11.0
1126,Bulk carrier,225.0,32.0,40030.0,75942.0,,15.1,12.0,741.0,2953.89,0.0
1127,Ro-ro ship,162.0,20.0,11671.0,8702.0,12600 KW,18.3,17.6,5880.0,33179.6,12.0
1128,Ro-ro ship,162.0,20.0,11671.0,8699.0,12600 KW,20.4,17.4,5946.0,32377.64,12.0
1129,Ro-ro ship,193.0,26.0,22900.0,14268.0,,19.6,19.6,4643.58,25716.36,12.0
1131,Ro-pax ship,211.0,25.0,31730.0,7680.0,,20.2,19.1,5426.58,92685.21,11.0
1132,Ro-pax ship,212.0,25.0,29637.0,7632.0,50400 KW,19.8,19.5,2097.18,40603.42,11.0
1134,Gas carrier,118.0,18.0,7821.0,8669.0,5697 KW,14.6,9.6,5061.1,11158.33,5.0
1135,General cargo ship,142.0,21.0,11894.0,17539.0,7800 KW,15.6,13.7,4779.38,13899.95,6.0
1137,Container ship,188.0,26.0,19131.0,25414.0,,7.6,7.6,1665.87,5457.12,4.0
1138,Ro-pax ship,215.0,31.0,59925.0,10100.0,,20.4,16.7,4180.52,48599.22,11.0
1139,Ro-pax ship,215.0,31.0,59925.0,8850.0,37800 KW,20.2,16.2,3960.07,45982.43,11.0
1140,Ro-pax ship,141.0,21.0,8129.0,2651.0,,22.9,22.9,3917.57,53806.73,11.0
1141,Container ship,207.0,29.0,25294.0,32299.0,,15.2,13.7,1536.9,6703.03,4.0
1142,Bulk carrier,225.0,32.0,39996.0,75608.0,,15.1,11.1,843.92,2034.82,0.0
1144,Ro-ro ship,182.0,25.0,21369.0,13320.0,4500 KW,17.6,14.9,6353.93,29768.66,12.0
1148,Container ship,243.0,32.0,37113.0,39978.0,28746 KW,19.3,16.6,3639.8,28339.47,4.0
1149,Passenger ship,274.0,28.0,65542.0,6909.0,31680 KW,16.5,15.1,989.0,9364.06,9.0
1150,Passenger ship,274.0,28.0,65542.0,6949.0,,17.3,15.4,271.0,16147.95,9.0
1152,General cargo ship,107.0,18.0,6204.0,8275.0,3840 KW,11.8,8.8,4210.35,8260.91,6.0
1157,Oil tanker,176.0,29.0,23375.0,35795.0,,16.0,11.4,2975.0,10206.71,8.0
1158,Container ship,299.0,42.0,80609.0,93552.0,,11.5,11.5,1500.2,15582.34,4.0
1159,Container ship,299.0,42.0,80609.0,93552.0,,20.4,13.7,826.8,8462.88,4.0
1160,Ro-pax ship,203.0,25.0,30551.0,6920.0,40080 KW,19.6,14.9,4151.78,43213.59,11.0
1161,Container ship,158.0,25.0,14278.0,15317.0,17765 KW,17.2,16.6,4437.0,18190.03,4.0
1162,Container ship,158.0,25.0,14278.0,15299.0,17700 KW,18.6,17.7,4432.0,17645.36,4.0
1163,Container ship,158.0,25.0,14278.0,15313.0,,17.0,16.7,4433.0,16922.22,4.0
1164,Ro-pax ship,199.0,25.0,22382.0,5620.0,,15.8,12.9,5924.78,31892.39,11.0
1165,Ro-ro ship,187.0,26.0,25732.0,11170.0,,17.9,15.1,4984.0,42108.34,12.0
1166,Ro-ro ship,187.0,26.0,25732.0,11849.0,18936 KW,19.0,17.9,5786.0,51612.12,12.0
1167,General cargo ship,174.0,22.0,16037.0,20396.0,7562 KW,16.8,12.2,3783.47,12090.05,6.0
1168,Ro-pax ship,96.0,26.0,6348.0,787.0,,32.9,29.4,2080.46,26340.84,11.0
1169,General cargo ship,132.0,15.0,6154.0,8733.0,4200 KW,14.1,12.2,5491.17,7571.97,6.0
1170,General cargo ship,132.0,15.0,6130.0,8734.0,3880 KW,13.4,12.0,4669.0,6822.63,6.0
1171,General cargo ship,132.0,15.0,6361.0,9850.0,4200 KW,13.1,12.3,4728.0,6910.84,6.0
1174,General cargo ship,119.0,16.0,5133.0,6885.0,3840 KW,15.2,9.8,3779.48,4989.37,6.0
1175,General cargo ship,129.0,15.0,6382.0,8650.0,4320 KW,13.2,10.7,1893.3,2905.99,6.0
1178,Bulk carrier,148.0,22.0,11194.0,18320.0,,12.9,11.7,393.98,576.47,0.0
1179,Ro-pax ship,211.0,30.0,49257.0,9750.0,,13.8,13.8,3571.0,81119.64,11.0
1180,Ro-pax ship,211.0,30.0,49257.0,9720.0,,22.8,19.8,3631.0,70273.35,11.0
1181,Chemical tanker,183.0,32.0,23190.0,37518.0,,15.0,11.1,638.89,2092.38,1.0
1182,Ro-pax ship,174.0,27.0,36093.0,5500.0,,19.3,19.3,4000.75,67530.07,11.0
1183,Ro-pax ship,174.0,27.0,36365.0,5506.0,50400 KW,24.2,20.7,4798.91,64273.84,11.0
1184,Bulk carrier,169.0,27.0,17784.0,28083.0,7100 KW,9.4,8.7,614.0,1602.63,0.0
1185,Ro-ro ship,195.0,26.0,24688.0,12300.0,24000 KW,22.4,17.3,4041.63,32279.3,12.0
1186,Ro-ro ship,195.0,26.0,24688.0,12300.0,24000 KW,13.6,13.3,3863.91,24680.19,12.0
1187,Ro-pax ship,209.0,31.0,50938.0,9665.0,31200 KW,19.6,18.2,4823.72,63859.36,11.0
1188,Gas carrier,107.0,16.0,5278.0,6211.0,5790 KW,14.3,10.7,2777.38,6950.38,5.0
1189,Chemical tanker,182.0,32.0,29992.0,49429.0,,15.5,13.7,1538.31,7110.48,1.0
1190,Chemical tanker,182.0,32.0,29992.0,49479.0,,15.4,9.4,3456.1,15667.3,1.0
1191,Chemical tanker,182.0,32.0,29965.0,49592.0,,16.3,12.7,4628.42,19922.65,1.0
1192,Chemical tanker,182.0,32.0,29993.0,49539.0,,18.6,14.6,3062.15,12959.68,1.0
1193,Chemical tanker,182.0,32.0,29965.0,49559.0,,17.9,13.6,3547.1,15261.61,1.0
1194,Container ship,299.0,42.0,80609.0,93617.0,7272 KW,11.0,11.0,1485.53,10500.89,4.0
1195,Container ship,299.0,42.0,80609.0,93617.0,,16.1,10.6,1544.9,13364.42,4.0
1196,General cargo ship,171.0,24.0,29103.0,23529.0,13200 KW,5.8,4.5,4134.42,15206.48,6.0
1197,Ro-ro ship,193.0,26.0,26525.0,9865.0,,20.3,17.0,4744.63,30892.83,12.0
1199,Ro-pax ship,141.0,21.0,13955.0,1960.0,,23.4,23.0,4814.26,47637.53,11.0
1200,Container ship,257.0,32.0,40085.0,51087.0,28350 KW,18.1,11.2,1336.9,9943.0,4.0
1201,Ro-pax ship,204.0,26.0,32694.0,6524.0,,22.3,20.9,6151.0,108149.05,11.0
1202,Ro-pax ship,204.0,26.0,32694.0,6524.0,,24.6,21.2,6417.28,103384.06,11.0
1203,Container ship,154.0,25.0,13764.0,16794.0,15200 KW,13.6,11.8,3475.6,12852.19,4.0
1205,Ro-pax ship,92.0,24.0,6274.0,470.0,,33.9,28.3,742.53,11490.46,11.0
1206,Bulk carrier,224.0,32.0,39818.0,74401.0,,14.2,10.6,2308.33,9434.5,0.0
1207,Ro-pax ship,86.0,24.0,6402.0,1530.0,,13.4,9.2,1088.0,31379.04,11.0
1209,Chemical tanker,112.0,17.0,5214.0,7721.0,4320 KW,15.4,12.6,4114.81,7167.6,1.0
1211,General cargo ship,175.0,23.0,16807.0,24765.0,6650 KW,14.4,10.4,2624.62,4784.92,6.0
1213,Bulk carrier,189.0,32.0,30303.0,52434.0,,12.7,11.1,714.0,1959.56,0.0
1214,Container ship,274.0,40.0,65059.0,68142.0,54900 KW,21.3,13.7,618.3,7781.23,4.0
1215,Ro-pax ship,172.0,26.0,26916.0,5000.0,7240 KW,18.1,14.0,4174.97,52693.0,11.0
1217,General cargo ship,142.0,18.0,7406.0,11556.0,4320 KW,14.1,14.1,2171.73,3118.65,6.0
1220,Container ship,183.0,25.0,16803.0,22967.0,13320 KW,17.7,9.2,525.2,2341.59,4.0
1222,Bulk carrier,224.0,32.0,39783.0,75115.0,13900 KW,14.4,7.4,791.23,2264.75,0.0
1225,Bulk carrier,177.0,28.0,19920.0,32787.0,,14.6,12.3,2944.57,9156.66,0.0
1226,General cargo ship,107.0,18.0,5381.0,7580.0,2200 KW,11.4,8.5,3988.54,4104.77,6.0
1228,Bulk carrier,190.0,23.0,19167.0,32787.0,,15.1,12.0,2125.1,5107.21,0.0
1229,Bulk carrier,190.0,23.0,19167.0,32845.0,7060 KW,15.0,12.4,2662.3,7261.98,0.0
1230,Bulk carrier,224.0,32.0,39126.0,75961.0,,12.5,10.3,614.0,2650.43,0.0
1232,Container ship,277.0,40.0,65792.0,67500.0,54840 KW,12.2,12.2,3720.9,42574.42,4.0
1233,Passenger ship,196.0,29.0,43188.0,4558.0,,15.3,9.7,903.25,5325.2,9.0
1234,Container ship,220.0,32.0,35881.0,41833.0,26270 KW,19.9,10.2,479.1,2177.04,4.0
1235,Container ship,118.0,17.0,5067.0,6850.0,5995 KW,16.1,14.5,4452.57,10280.71,4.0
1236,Container ship,117.0,17.0,5067.0,6850.0,6400 KW,16.3,13.7,5029.72,11198.54,4.0
1238,Container ship,158.0,25.0,14290.0,14901.0,24160 KW,19.3,16.5,2193.0,18947.82,4.0
1240,Ro-pax ship,214.0,32.0,36825.0,6700.0,,21.2,17.6,3535.6,58394.91,11.0
1241,Ro-pax ship,214.0,32.0,36894.0,6700.0,,20.0,18.8,2953.1,51311.34,11.0
1242,Chemical tanker,136.0,20.0,8428.0,12000.0,,14.2,9.5,2723.25,7459.63,1.0
1243,Container/ro-ro cargo ship,182.0,32.0,52589.0,34960.0,,18.2,14.9,4546.9,28997.05,3.0
1244,Container/ro-ro cargo ship,182.0,32.0,52485.0,18885.0,15540 KW,17.5,16.0,4097.1,24243.91,3.0
1245,Gas carrier,128.0,18.0,8234.0,9174.0,6562 KW,17.8,14.7,3431.9,11186.02,5.0
1246,Gas carrier,128.0,18.0,8234.0,9174.0,6562 KW,16.3,13.6,5003.4,12618.04,5.0
1247,Container ship,195.0,30.0,26061.0,30453.0,25600 KW,18.8,16.5,3909.47,17204.53,4.0
1248,Container ship,198.0,30.0,27733.0,30420.0,,20.6,17.1,3218.63,11975.0,4.0
1249,Container ship,198.0,30.0,27733.0,30194.0,,11.8,9.7,5153.85,18216.24,4.0
1250,Ro-pax ship,212.0,25.0,32302.0,6075.0,,13.6,12.4,3322.45,42405.3,11.0
1251,Bulk carrier,225.0,32.0,40008.0,76397.0,,15.2,11.3,3066.18,11511.65,0.0
1252,Ro-pax ship,95.0,26.0,6363.0,710.0,,26.9,26.4,299.11,2767.68,11.0
1254,Bulk carrier,170.0,27.0,17431.0,28471.0,5038 KW,14.0,11.2,259.8,720.29,0.0
1255,Bulk carrier,225.0,32.0,38878.0,74381.0,,15.2,11.5,1489.3,4368.77,0.0
1256,Container ship,299.0,40.0,72760.0,79501.0,68470 KW,20.2,13.5,3154.1,47924.45,4.0
1257,Container ship,300.0,40.0,72760.0,79559.0,68470 KW,20.3,18.5,734.11,9842.01,4.0
1260,Oil tanker,228.0,40.0,43075.0,72910.0,,8.3,5.3,924.85,3989.05,8.0
1261,Container ship,299.0,40.0,73172.0,77941.0,68520 KW,20.9,17.1,2485.06,33038.62,4.0
1262,Container ship,299.0,40.0,73172.0,77946.0,,14.8,14.1,105.6,1413.03,4.0
1263,Container ship,299.0,40.0,73157.0,80250.0,,16.8,14.8,901.0,13057.78,4.0
1264,Bulk carrier,189.0,32.0,30303.0,52407.0,,11.7,8.6,1456.48,5051.02,0.0
1265,Ro-pax ship,213.0,26.0,35736.0,4600.0,,16.8,16.2,2921.88,41253.16,11.0
1266,Ro-pax ship,213.0,26.0,35736.0,4700.0,,20.6,20.6,3566.92,44985.83,11.0
1270,Ro-pax ship,118.0,21.0,4935.0,3227.0,,18.9,18.8,2169.87,13122.88,11.0
1271,Bulk carrier,189.0,32.0,28029.0,50169.0,,15.8,11.9,1147.8,4029.49,0.0
1274,Bulk carrier,137.0,23.0,9978.0,16213.0,,13.4,12.0,1897.8,3161.19,0.0
1276,Ro-pax ship,195.0,25.0,29746.0,4730.0,,25.9,24.1,4508.0,61854.13,11.0
1279,Container ship,188.0,30.0,23890.0,29804.0,,5.6,5.6,3651.2,14162.41,4.0
1280,Container ship,188.0,30.0,23652.0,29840.0,,15.7,14.4,4172.6,18466.14,4.0
1283,Bulk carrier,187.0,32.0,27581.0,48377.0,7980 KW,13.1,11.1,918.84,2775.19,0.0
1284,Bulk carrier,169.0,27.0,17697.0,29816.0,6840 KW,14.7,11.4,1242.68,5230.16,0.0
1286,Container ship,195.0,30.0,26050.0,30442.0,24830 KW,15.9,13.4,1362.3,9714.31,4.0
1287,Bulk carrier,288.0,44.0,86743.0,170726.0,,11.8,9.0,0.0,0.0,0.0
1288,Bulk carrier,225.0,32.0,40570.0,75243.0,11170 KW,14.0,10.8,718.9,2687.85,0.0
1289,General cargo ship,158.0,24.0,14665.0,19625.0,,16.1,9.1,3410.57,7110.26,6.0
1291,General cargo ship,133.0,15.0,6219.0,8867.0,7000 KW,13.8,11.6,3649.0,8402.69,6.0
1292,Container ship,299.0,40.0,75590.0,85823.0,76572 KW,19.5,14.7,2140.29,29224.11,4.0
1293,Container ship,299.0,40.0,75590.0,85890.0,36000 KW,19.1,15.2,1656.07,23176.39,4.0
1294,Container ship,299.0,40.0,75590.0,85891.0,68470 KW,3.5,3.3,847.28,11289.42,4.0
1295,Container ship,299.0,40.0,75590.0,85928.0,68470 KW,9.0,5.6,5024.4,59183.05,4.0
1296,Container ship,195.0,30.0,26061.0,30453.0,23500 KW,14.6,13.1,834.77,4457.51,4.0
1297,Container ship,195.0,30.0,26061.0,30453.0,24854 KW,13.0,12.3,56.75,241.49,4.0
1299,Container ship,133.0,18.0,6326.0,7944.0,6600 KW,16.7,12.8,3203.08,8090.03,4.0
1301,Container ship,199.0,29.0,25535.0,33896.0,,13.2,11.5,2076.47,10267.11,4.0
1302,Container ship,199.0,29.0,25535.0,33894.0,19810 KW,11.4,11.4,2456.92,10366.81,4.0
1303,General cargo ship,117.0,19.0,6274.0,7072.0,,13.3,11.5,1644.07,3713.68,6.0
1304,Container ship,303.0,40.0,73819.0,85786.0,,18.6,16.9,4703.6,52739.9,4.0
1305,Container ship,303.0,40.0,73819.0,85806.0,57060 KW,10.8,5.9,4118.1,52033.95,4.0
1309,Ro-ro ship,195.0,26.0,24688.0,12300.0,,15.8,13.0,4093.21,27072.69,12.0
1310,Container ship,257.0,32.0,40085.0,51060.0,38556 KW,18.4,14.9,4716.73,33304.34,4.0
1311,Container ship,281.0,32.0,45803.0,53328.0,52132 KW,19.0,12.4,4010.3,54095.0,4.0
1312,Container ship,281.0,32.0,45803.0,53410.0,52147 KW,4.2,3.1,3607.02,49954.09,4.0
1313,Container ship,281.0,32.0,45803.0,53452.0,46620 KW,17.7,15.8,4051.1,51873.13,4.0
1314,Container ship,281.0,32.0,45803.0,53462.0,,18.1,12.6,3011.7,34216.04,4.0
1315,Container ship,281.0,32.0,45803.0,53081.0,51400 KW,12.7,6.1,1416.4,18044.11,4.0
1316,Container ship,281.0,32.0,45803.0,53171.0,51400 KW,22.9,13.9,3849.4,49405.0,4.0
1319,Ro-pax ship,164.0,33.0,35966.0,6113.0,,18.1,14.5,5529.92,41629.06,11.0
1320,Ro-pax ship,199.0,25.0,31090.0,6573.0,,24.8,21.6,5112.17,115469.56,11.0
1321,Ro-pax ship,199.0,25.0,30902.0,6678.0,,19.3,14.5,5065.71,57984.7,11.0
1322,Refrigerated cargo carrier,135.0,20.0,7367.0,8105.0,9600 KW,15.3,13.4,560.0,1866.47,10.0
1325,General cargo ship,137.0,23.0,9978.0,16239.0,4633 KW,5.5,4.8,1958.35,3078.83,6.0
1329,Bulk carrier,159.0,26.0,15609.0,24997.0,,13.1,11.7,2960.0,5947.36,0.0
1330,Bulk carrier,189.0,32.0,28718.0,50992.0,,13.1,9.9,2730.17,10895.56,0.0
1331,Bulk carrier,179.0,31.0,25388.0,45601.0,,13.6,12.2,575.47,1703.34,0.0
1332,Bulk carrier,189.0,32.0,28718.0,50992.0,,14.8,12.9,4445.19,12625.02,0.0
1334,Bulk carrier,170.0,27.0,17431.0,28494.0,,13.4,11.4,0.0,4973.52,0.0
1335,Bulk carrier,149.0,23.0,11395.0,19092.0,,11.7,8.4,1437.08,1915.93,0.0
1336,Passenger ship,293.0,39.0,90090.0,11936.0,55000 KW,19.8,17.3,2824.76,30102.64,9.0
1337,Refrigerated cargo carrier,171.0,27.0,22063.0,26863.0,7050 KW,15.3,12.5,6403.3,21015.67,10.0
1338,Bulk carrier,171.0,27.0,19882.0,31640.0,,12.3,9.1,577.33,1586.38,0.0
1339,General cargo ship,119.0,20.0,7252.0,7481.0,5400 KW,15.5,8.0,462.0,1043.96,6.0
1340,Bulk carrier,177.0,29.0,21388.0,35062.0,,14.8,11.7,1785.3,5119.57,0.0
1344,General cargo ship,134.0,16.0,6585.0,9150.0,5280 KW,16.4,12.1,4839.22,8324.51,6.0
1346,Bulk carrier,185.0,30.0,25938.0,45514.0,,14.9,11.8,591.0,1541.57,0.0
1349,General cargo ship,132.0,15.0,6298.0,9996.0,3960 KW,10.2,10.0,4203.0,5583.57,6.0
1350,Container ship,299.0,40.0,75201.0,77900.0,,13.7,11.0,4946.62,62438.08,4.0
1351,Container ship,299.0,40.0,75201.0,77900.0,62640 KW,9.5,7.2,4920.13,63989.46,4.0
1352,Container ship,299.0,40.0,75201.0,78231.0,,16.8,14.2,991.87,12151.08,4.0
1353,Container ship,299.0,40.0,75201.0,77900.0,62587 KW,19.2,13.2,1783.1,26255.23,4.0
1354,Oil tanker,274.0,50.0,84586.0,164274.0,18881 KW,13.6,9.4,736.5,5934.66,8.0
1357,Bulk carrier,189.0,32.0,30049.0,52009.0,,15.0,10.5,1414.04,6003.37,0.0
1361,Container ship,320.0,42.0,88493.0,100019.0,,9.5,9.5,2781.1,31229.53,4.0
1362,Bulk carrier,155.0,23.0,12578.0,20035.0,5374 KW,15.1,10.7,892.12,1705.01,0.0
1363,Bulk carrier,155.0,23.0,12578.0,20001.0,,12.1,11.0,1589.48,2902.63,0.0
1364,Bulk carrier,166.0,24.0,18226.0,25063.0,25065 KW,16.8,10.7,228.5,744.81,0.0
1370,LNG carrier,277.0,43.0,93786.0,77822.0,,19.7,7.5,568.28,9451.13,7.0
1371,LNG carrier,277.0,43.0,93844.0,77410.0,27359 KW,10.9,10.5,810.3,7735.84,7.0
1372,Bulk carrier,189.0,32.0,27996.0,50170.0,,15.3,10.6,383.3,1344.25,0.0
1373,Bulk carrier,189.0,32.0,29999.0,52827.0,8200 KW,13.5,10.7,4365.36,9497.05,0.0
1374,Ro-pax ship,175.0,30.0,41447.0,3817.0,,23.2,16.5,3141.33,53431.32,11.0
1375,Container ship,303.0,40.0,73819.0,85797.0,,16.8,12.3,960.4,10676.75,4.0
1376,Container ship,303.0,40.0,73819.0,85802.0,,18.0,14.6,2238.7,25625.69,4.0
1378,Bulk carrier,186.0,23.0,18311.0,26747.0,7200 KW,13.2,12.1,1338.33,3132.06,0.0
1379,Refrigerated cargo carrier,204.0,32.0,33005.0,43067.0,28500 KW,18.9,18.0,3783.7,39643.68,10.0
1380,General cargo ship,192.0,27.0,23132.0,30537.0,16002 KW,16.8,13.5,3030.7,15901.69,6.0
1382,General cargo ship,192.0,27.0,23132.0,30000.0,15785 KW,16.3,10.8,4222.95,16166.35,6.0
1385,Container ship,277.0,40.0,65792.0,71426.0,54900 KW,15.0,13.3,5014.9,62596.74,4.0
1388,Bulk carrier,225.0,32.0,38732.0,74269.0,,10.3,10.3,1459.53,3822.32,0.0
1391,Container ship,210.0,30.0,26582.0,34662.0,21558 KW,20.9,17.7,4486.72,16672.38,4.0
1392,Container ship,210.0,30.0,26582.0,34649.0,,19.3,17.8,2642.0,16164.49,4.0
1394,Chemical tanker,183.0,27.0,23680.0,36031.0,,13.0,11.6,2287.0,7547.31,1.0
1395,Bulk carrier,169.0,27.0,17697.0,28740.0,6480 KW,15.0,12.9,1314.72,3210.92,0.0
1396,Container ship,134.0,22.0,9981.0,11386.0,8400 KW,16.3,14.9,4332.76,12813.54,4.0
1397,Container ship,134.0,22.0,9981.0,11390.0,8100 KW,16.6,11.9,3941.8,10309.89,4.0
1398,Passenger ship,138.0,21.0,15690.0,945.0,,11.5,9.9,2794.67,7487.1,9.0
1399,Bulk carrier,189.0,32.0,31167.0,53806.0,53806 KW,14.4,10.5,297.75,1195.99,0.0
1400,General cargo ship,127.0,21.0,10132.0,13022.0,5400 KW,13.0,11.6,3302.23,8022.7,6.0
1402,Ro-pax ship,185.0,27.0,33796.0,5700.0,,16.4,16.4,5610.0,40882.34,11.0
1405,Container ship,184.0,25.0,16803.0,22900.0,6930 KW,8.9,8.9,626.9,1887.11,4.0
1407,Ro-ro ship,158.0,25.0,18289.0,15126.0,,20.8,13.0,3887.0,12930.91,12.0
1408,General cargo ship,190.0,31.0,32458.0,47818.0,,15.1,12.1,554.95,1961.24,6.0
1411,Container ship,258.0,32.0,39812.0,51020.0,,14.8,9.8,1367.3,9320.68,4.0
1413,Bulk carrier,225.0,32.0,39758.0,74910.0,,4.5,4.2,589.25,2740.99,0.0
1414,Bulk carrier,225.0,32.0,39994.0,76529.0,8550 KW,22.8,10.4,862.0,2702.98,0.0
1415,General cargo ship,199.0,30.0,29867.0,46882.0,,13.9,11.8,1040.3,3870.51,6.0
1416,General cargo ship,199.0,30.0,29867.0,46901.0,,16.1,10.5,1417.0,4601.29,6.0
1419,General cargo ship,137.0,23.0,9978.0,16190.0,4633 KW,14.2,8.5,2615.57,4531.24,6.0
1420,Oil tanker,274.0,48.0,81310.0,159999.0,,16.0,12.3,5207.82,13217.33,8.0
1423,Bulk carrier,189.0,32.0,29999.0,52817.0,8560 KW,12.4,10.5,4235.6,12753.17,0.0
1424,Bulk carrier,189.0,31.0,27306.0,47314.0,,13.4,12.0,290.0,996.71,0.0
1425,Ro-ro ship,193.0,26.0,23235.0,13274.0,,17.5,9.5,2462.6,9306.42,12.0
1426,Ro-ro ship,193.0,26.0,23235.0,13274.0,,18.8,14.3,3549.3,11974.41,12.0
1428,Ro-ro ship,183.0,26.0,23235.0,13256.0,16200 KW,12.9,7.8,2246.4,6550.37,12.0
1429,Bulk carrier,176.0,27.0,20157.0,33476.0,7080 KW,14.8,12.0,556.52,1293.89,0.0
1430,General cargo ship,132.0,15.0,6361.0,9850.0,,12.0,9.8,4203.0,6145.97,6.0
1431,General cargo ship,132.0,15.0,6378.0,9600.0,4020 KW,14.9,11.3,4518.0,6525.36,6.0
1432,General cargo ship,132.0,15.0,6361.0,9600.0,4200 KW,13.4,6.5,4490.0,6038.38,6.0
1433,Container ship,279.0,40.0,66433.0,69403.0,,11.3,11.3,2306.0,31028.44,4.0
1434,Container ship,279.0,40.0,66433.0,68944.0,,15.7,13.9,1081.15,11739.51,4.0
1435,Container ship,279.0,40.0,66433.0,68961.0,,19.6,16.7,684.92,5769.03,4.0
1436,Chemical tanker,183.0,32.0,27539.0,44481.0,,7.7,7.7,3237.55,12660.67,1.0
1442,Container ship,134.0,22.0,9981.0,11384.0,11265 KW,16.3,12.4,3089.0,9434.0,4.0
1443,Container ship,134.0,22.0,9981.0,11385.0,,18.5,13.5,4785.0,14953.15,4.0
1444,Container ship,273.0,32.0,43575.0,61487.0,32895 KW,22.7,12.0,4088.95,31278.19,4.0
1445,Chemical tanker,183.0,32.0,23129.0,37620.0,,12.8,10.2,1433.64,5365.78,1.0
1446,General cargo ship,189.0,31.0,32461.0,47852.0,,11.9,10.4,1183.8,4188.08,6.0
1447,Bulk carrier,225.0,32.0,40609.0,74764.0,,8.6,4.8,324.35,949.79,0.0
1449,General cargo ship,123.0,20.0,6409.0,8126.0,,15.1,14.2,426.95,871.99,6.0
1450,Container ship,208.0,29.0,25713.0,33836.0,18210 KW,16.0,7.7,319.1,1462.03,4.0
1452,General cargo ship,129.0,15.0,6382.0,8959.0,4320 KW,15.8,12.7,2415.8,3583.96,6.0
1454,Ro-pax ship,240.0,29.0,57639.0,11078.0,,20.5,17.1,5207.51,48067.72,11.0
1455,Ro-pax ship,211.0,29.0,43532.0,9487.0,,20.7,18.4,5601.21,60634.58,11.0
1456,Container ship,292.0,32.0,50757.0,61609.0,,18.1,14.5,1378.8,13175.36,4.0
1457,Container ship,292.0,32.0,50686.0,62207.0,43100 KW,19.9,11.5,1373.0,11084.78,4.0
1458,Container ship,146.0,23.0,9528.0,12895.0,9730 KW,16.3,13.6,2273.1,8405.17,4.0
1460,Container ship,207.0,29.0,25375.0,33807.0,,5.2,4.5,361.39,1910.61,4.0
1461,Gas carrier,99.0,19.0,5255.0,5223.0,4192 KW,15.2,11.7,1589.3,2045.02,5.0
1465,General cargo ship,171.0,27.0,19746.0,31759.0,,14.3,11.7,1892.75,4642.85,6.0
1468,Container ship,148.0,22.0,10308.0,12123.0,10500 KW,14.3,11.2,2117.69,9084.47,4.0
1469,Chemical tanker,180.0,32.0,29211.0,44428.0,,16.7,12.7,996.4,3098.19,1.0
1470,LNG carrier,284.0,43.0,90835.0,77213.0,,12.9,10.1,2626.0,39759.14,7.0
1471,LNG carrier,284.0,42.0,90835.0,68200.0,2800 KW,17.9,11.7,5793.0,76102.28,7.0
1475,Oil tanker,171.0,27.0,22184.0,34801.0,,3.2,2.8,372.47,1748.41,8.0
1476,Oil tanker,171.0,27.0,22184.0,34999.0,7143 KW,10.0,8.2,1081.5,2631.85,8.0
1477,Oil tanker,171.0,27.0,22184.0,34801.0,7143 KW,11.8,9.1,1064.85,2781.13,8.0
1478,Bulk carrier,189.0,32.0,27986.0,50316.0,,14.7,11.9,267.0,903.82,0.0
1480,Container ship,257.0,32.0,40108.0,52806.0,,12.7,12.3,4070.4,27593.61,4.0
1481,Bulk carrier,189.0,32.0,29993.0,50212.0,8090 KW,15.6,10.4,481.0,859.95,0.0
1483,Ro-pax ship,181.0,25.0,25028.0,8058.0,23760 KW,13.9,13.1,4660.02,27147.97,11.0
1485,Container ship,134.0,22.0,9981.0,11257.0,8400 KW,18.0,12.4,4782.9,15187.77,4.0
1487,Ro-pax ship,98.0,26.0,6554.0,758.0,,19.1,19.1,2520.08,19852.99,11.0
1491,Container ship,155.0,24.0,14193.0,17254.0,,16.0,11.0,1573.58,4780.28,4.0
1492,Container ship,155.0,24.0,14193.0,17263.0,,12.8,11.3,2807.23,8101.65,4.0
1493,Bulk carrier,170.0,27.0,17431.0,28425.0,,4.8,4.2,1915.25,3396.84,0.0
1494,Ro-pax ship,173.0,28.0,35891.0,5579.0,,18.8,14.8,6745.0,57552.24,11.0
1495,General cargo ship,132.0,15.0,6301.0,8930.0,,15.5,12.6,2062.5,2797.25,6.0
1496,General cargo ship,132.0,15.0,6301.0,8930.0,3850 KW,12.5,10.9,2522.92,3948.9,6.0
1498,Bulk carrier,189.0,32.0,30303.0,52383.0,,14.6,11.3,1544.05,5691.6,0.0
1499,Bulk carrier,169.0,27.0,17697.0,30040.0,6480 KW,14.1,10.7,691.0,2027.32,0.0
1500,Container ship,161.0,25.0,16129.0,16794.0,12650 KW,19.8,16.8,3013.0,15578.46,4.0
1502,Refrigerated cargo carrier,132.0,18.0,7207.0,7748.0,,6.9,3.6,1032.0,5177.7,10.0
1503,Container ship,277.0,40.0,66500.0,71135.0,,20.7,18.6,2367.1,30970.32,4.0
1507,Oil tanker,274.0,50.0,84789.0,165209.0,,15.3,11.9,2485.6,12305.06,8.0
1509,Bulk carrier,186.0,23.0,18311.0,26737.0,6450 KW,13.6,10.6,839.28,2231.49,0.0
1510,Bulk carrier,186.0,23.0,18311.0,26735.0,6504 KW,12.8,12.3,550.56,1321.65,0.0
1516,General cargo ship,145.0,19.0,7752.0,10526.0,4200 KW,14.4,12.0,4678.0,9057.11,6.0
1517,Container ship,210.0,30.0,27093.0,34622.0,24815 KW,9.2,9.2,605.72,3226.57,4.0
1518,Ro-ro ship,158.0,24.0,21554.0,6580.0,7800 KW,17.3,15.6,6238.0,21094.87,12.0
1519,Ro-ro ship,158.0,24.0,21611.0,5600.0,11471 KW,14.1,14.1,4650.0,17254.06,12.0
1520,Passenger ship,345.0,48.0,149215.0,19189.0,64260 KW,21.0,17.6,272.08,4320.98,9.0
1521,Container ship,299.0,42.0,76067.0,75898.0,,20.8,14.9,1299.7,13220.6,4.0
1522,Bulk carrier,189.0,32.0,28021.0,50209.0,8203 KW,16.0,11.8,0.0,0.0,0.0
1523,Bulk carrier,189.0,32.0,27986.0,50296.0,,13.2,10.7,664.48,1897.42,0.0
1526,Ro-pax ship,124.0,18.0,10438.0,1896.0,,22.7,22.4,3181.24,26945.01,11.0
1527,Ro-pax ship,124.0,18.0,10438.0,1896.0,,10.0,8.4,5530.1,42003.2,11.0
1528,Refrigerated cargo carrier,204.0,32.0,33005.0,43002.0,28500 KW,21.7,18.1,2875.4,21109.27,10.0
1529,Container ship,154.0,24.0,14236.0,17275.0,,15.1,11.2,4178.47,12684.27,4.0
1530,Container ship,154.0,24.0,14236.0,17138.0,,16.2,15.4,416.37,1451.38,4.0
1531,Container ship,154.0,24.0,14062.0,17183.0,11060 KW,14.9,10.2,266.08,545.25,4.0
1534,Ro-ro ship,193.0,26.0,26469.0,9865.0,16200 KW,8.5,7.2,5782.33,36497.44,12.0
1535,Ro-ro ship,193.0,26.0,26469.0,9865.0,,22.9,18.9,6404.51,41970.7,12.0
1536,Oil tanker,176.0,31.0,24997.0,44485.0,8580 KW,15.2,12.0,2649.5,6479.68,8.0
1537,Container ship,134.0,22.0,9981.0,11639.0,8400 KW,19.0,15.5,6192.0,22102.18,4.0
1538,Container ship,134.0,22.0,9981.0,11367.0,8400 KW,15.9,14.7,6373.44,23354.1,4.0
1539,Container ship,133.0,18.0,6277.0,7970.0,6600 KW,19.4,13.3,4537.0,13062.93,4.0
1540,Container ship,178.0,26.0,17189.0,22308.0,16980 KW,12.1,10.3,4388.44,17078.56,4.0
1541,Container ship,178.0,27.0,17189.0,22308.0,16912 KW,16.7,16.4,5247.6,23611.89,4.0
1542,LNG carrier,277.0,43.0,93844.0,77410.0,,8.4,8.4,1041.44,10610.84,7.0
1548,Ro-pax ship,101.0,26.0,8403.0,750.0,,30.9,29.0,6264.88,7281.98,11.0
1549,Bulk carrier,137.0,25.0,11403.0,18712.0,,11.5,11.0,1834.8,2943.56,0.0
1551,Chemical tanker,138.0,23.0,11191.0,16882.0,8568 KW,12.6,12.1,3545.92,11509.06,1.0
1554,Ro-pax ship,186.0,25.0,23975.0,7319.0,16200 KW,14.4,10.6,3968.45,29231.62,11.0
1555,Ro-pax ship,186.0,25.0,24418.0,7384.0,,19.7,19.4,4927.0,38841.21,11.0
1556,Ro-pax ship,186.0,25.0,24418.0,7111.0,14100 KW,12.0,12.0,5033.28,48596.89,11.0
1557,Bulk carrier,189.0,32.0,27989.0,50326.0,,13.0,9.7,863.45,2216.52,0.0
1558,Container ship,207.0,32.0,30024.0,35925.0,21735 KW,18.8,16.1,1662.82,12332.16,4.0
1559,Container ship,207.0,32.0,30024.0,35600.0,21735 KW,14.8,13.4,1675.0,10919.24,4.0
1562,Bulk carrier,165.0,27.0,16418.0,27112.0,,5.1,4.4,1085.53,1916.93,0.0
1563,Bulk carrier,155.0,23.0,12578.0,20002.0,5920 KW,16.5,9.6,1364.0,3596.05,0.0
1565,Container ship,132.0,19.0,6191.0,7979.0,7200 KW,15.3,13.0,2062.44,4947.7,4.0
1566,Bulk carrier,199.0,23.0,20661.0,36489.0,,13.3,11.7,1188.4,3074.96,0.0
1568,Combination carrier,175.0,29.0,23375.0,36725.0,,12.9,11.9,2884.0,11867.61,2.0
1569,Container ship,281.0,32.0,45803.0,53115.0,52000 KW,16.7,12.1,3667.5,50560.57,4.0
1571,Bulk carrier,189.0,32.0,30085.0,52344.0,7800 KW,16.4,12.1,1715.88,6153.35,0.0
1572,General cargo ship,138.0,15.0,6806.0,10297.0,3840 KW,12.6,9.6,4297.56,5931.21,6.0
1573,General cargo ship,138.0,15.0,6806.0,10273.0,3840 KW,11.9,11.1,3417.0,5100.68,6.0
1576,Passenger ship,274.0,28.0,65591.0,6563.0,25500 KW,16.1,16.1,402.3,15519.82,9.0
1577,Chemical tanker,147.0,22.0,10578.0,17031.0,,14.7,10.4,5196.08,13620.05,1.0
1580,Container ship,211.0,29.0,27322.0,33800.0,24560 KW,18.3,16.8,678.6,2784.19,4.0
1581,Oil tanker,183.0,32.0,29998.0,46256.0,8680 KW,13.1,9.8,163.5,1184.46,8.0
1582,Container ship,134.0,22.0,9962.0,11376.0,8600 KW,17.5,14.3,6536.5,21102.56,4.0
1583,Container ship,134.0,22.0,9962.0,11376.0,8400 KW,17.7,12.4,4988.66,16523.6,4.0
1584,Container ship,134.0,22.0,9991.0,11408.0,6263 KW,16.0,10.3,4586.97,13835.51,4.0
1585,LNG carrier,284.0,42.0,90835.0,77228.0,,16.1,14.4,2008.0,28786.01,7.0
1586,Container/ro-ro cargo ship,213.0,32.0,56738.0,26169.0,,18.1,15.0,3619.8,24919.69,3.0
1587,Container/ro-ro cargo ship,214.0,32.0,56738.0,26169.0,,17.3,14.9,3570.2,27638.0,3.0
1588,Container/ro-ro cargo ship,214.0,32.0,56738.0,27492.0,,18.9,15.1,2508.6,15806.57,3.0
1590,Container ship,220.0,32.0,35881.0,41743.0,26270 KW,22.2,16.3,6772.2,39046.53,4.0
1591,Container ship,220.0,32.0,35881.0,41780.0,26270 KW,18.9,14.1,1351.8,8612.09,4.0
1592,Oil tanker,185.0,27.0,24916.0,34530.0,,14.2,10.5,3498.75,15620.6,8.0
1593,Bulk carrier,224.0,32.0,39037.0,73305.0,,14.1,11.5,1904.2,7911.47,0.0
1594,Chemical tanker,167.0,26.0,16901.0,24086.0,7850 KW,11.7,10.1,20.0,170.88,1.0
1595,Oil tanker,239.0,42.0,56346.0,105411.0,12000 KW,9.6,9.6,6099.17,24040.65,8.0
1598,Ro-pax ship,176.0,30.0,35760.0,7286.0,,18.7,17.5,4504.47,52875.64,11.0
1601,Passenger ship,135.0,21.0,16151.0,1184.0,,15.2,12.7,1946.11,4747.57,9.0
1602,Container ship,299.0,40.0,75484.0,81171.0,,17.8,16.6,0.0,0.0,4.0
1603,Container ship,299.0,40.0,75484.0,81171.0,61350 KW,13.5,10.0,0.0,0.0,4.0
1604,Container ship,299.0,40.0,75484.0,81171.0,,10.8,7.5,0.0,0.0,4.0
1605,Container ship,299.0,40.0,75484.0,81171.0,,17.5,15.2,1802.63,16884.08,4.0
1606,Gas carrier,205.0,32.0,34970.0,44807.0,11400 KW,17.6,14.6,4627.58,25556.79,5.0
1610,Container ship,282.0,32.0,49855.0,58334.0,45664 KW,17.1,15.7,541.3,4231.27,4.0
1611,Oil tanker,274.0,48.0,83616.0,159966.0,,6.7,6.7,1940.4,10003.26,8.0
1614,Ro-ro ship,193.0,26.0,23235.0,13274.0,,12.5,12.5,631.5,3603.86,12.0
1615,Ro-ro ship,193.0,26.0,23235.0,13274.0,,15.7,14.2,1810.9,6666.24,12.0
1616,General cargo ship,174.0,22.0,16037.0,16615.0,,15.8,11.9,4587.0,13359.48,6.0
1619,Container ship,154.0,24.0,14062.0,18832.0,11060 KW,10.7,10.7,64.33,150.83,4.0
1624,Chemical tanker,243.0,42.0,59486.0,101970.0,13530 KW,16.0,11.0,1158.1,9648.63,1.0
1625,Container ship,181.0,28.0,17887.0,19300.0,,16.8,15.5,3079.3,13874.65,4.0
1626,Bulk carrier,188.0,32.0,29295.0,53098.0,,14.8,6.2,191.4,636.36,0.0
1629,Ro-ro ship,141.0,21.0,15224.0,4695.0,,12.9,11.4,5443.5,27119.57,12.0
1636,General cargo ship,132.0,15.0,6378.0,9900.0,3960 KW,16.6,10.9,2611.65,3657.24,6.0
1637,Passenger ship,274.0,28.0,65591.0,6260.0,,19.5,16.3,485.43,12928.51,9.0
1639,Bulk carrier,176.0,29.0,19795.0,31838.0,5130 KW,9.3,6.6,1402.2,421.4,0.0
1641,Bulk carrier,177.0,28.0,19885.0,32556.0,6620 KW,14.5,7.8,1259.45,2786.4,0.0
1646,Bulk carrier,135.0,22.0,9104.0,15503.0,,12.6,11.5,2630.03,3845.33,0.0
1647,Bulk carrier,177.0,28.0,19872.0,32537.0,6620 KW,10.1,9.4,949.1,2292.37,0.0
1648,Gas carrier,119.0,18.0,5812.0,7155.0,,14.2,9.5,4262.65,5858.34,5.0
1652,Oil tanker,171.0,27.0,22184.0,34806.0,7143 KW,11.8,8.3,741.3,1219.85,8.0
1655,Oil tanker,177.0,28.0,21356.0,32428.0,,3.4,3.4,3226.5,10092.52,8.0
1658,Container ship,299.0,40.0,75590.0,85832.0,,12.2,9.4,5582.3,61716.77,4.0
1659,Container ship,299.0,40.0,75590.0,85810.0,57866 KW,17.3,11.2,4797.9,64132.44,4.0
1660,Oil tanker,161.0,23.0,13740.0,19999.0,8100 KW,14.3,11.8,3028.2,9126.67,8.0
1661,Gas carrier,122.0,19.0,7605.0,9329.0,4320 KW,17.0,11.8,754.0,1557.93,5.0
1662,Gas carrier,122.0,19.0,7605.0,9328.0,4320 KW,13.1,11.8,2347.0,6410.69,5.0
1663,Oil tanker,240.0,42.0,57567.0,106500.0,,10.4,9.4,133.5,610.92,8.0
1664,Chemical tanker,182.0,32.0,27352.0,47465.0,,11.9,10.0,1624.2,4124.14,1.0
1667,Oil tanker,171.0,27.0,22184.0,34530.0,7800 KW,8.1,5.2,2428.91,8287.34,8.0
1670,Container ship,220.0,32.0,35881.0,42200.0,26270 KW,15.6,10.7,6246.4,37236.57,4.0
1671,Container ship,134.0,22.0,9990.0,11170.0,8400 KW,13.2,10.5,1848.0,3972.25,4.0
1672,Container ship,134.0,23.0,9990.0,11188.0,8400 KW,10.7,10.1,4991.04,12962.24,4.0
1674,Container ship,123.0,21.0,6409.0,8192.0,5400 KW,11.7,10.5,1992.38,3786.76,4.0
1676,Oil tanker,228.0,32.0,41913.0,71434.0,12265 KW,13.7,10.7,1307.0,8526.72,8.0
1678,Container ship,222.0,30.0,28596.0,39383.0,25600 KW,12.1,11.4,819.58,3575.6,4.0
1679,Oil tanker,176.0,31.0,25382.0,40081.0,,6.3,6.3,2847.0,8875.14,8.0
1680,General cargo ship,192.0,27.0,23119.0,29912.0,15785 KW,13.4,11.2,583.5,2370.15,6.0
1681,Container/ro-ro cargo ship,213.0,32.0,56738.0,26169.0,,19.4,15.9,3011.0,19632.45,3.0
1682,Container/ro-ro cargo ship,213.0,32.0,56738.0,26169.0,,16.4,15.8,2438.6,15611.8,3.0
1683,LNG carrier,290.0,46.0,111459.0,72727.0,21320 KW,17.3,13.7,4034.17,38567.95,7.0
1685,Chemical tanker,182.0,27.0,23217.0,37211.0,9597 KW,13.5,11.1,5898.1,13623.42,1.0
1686,Oil tanker,182.0,27.0,23217.0,39550.0,12870 KW,13.8,8.3,2299.5,8557.37,8.0
1687,General cargo ship,119.0,20.0,7252.0,8077.0,5400 KW,11.2,8.5,972.0,1969.78,6.0
1688,Container ship,259.0,32.0,41078.0,48847.0,43320 KW,17.1,14.3,2072.8,22157.96,4.0
1690,LNG carrier,277.0,43.0,93899.0,77707.0,27359 KW,18.2,14.6,1280.28,15983.48,7.0
1691,Container ship,293.0,32.0,55994.0,47840.0,,18.2,12.4,4112.6,33470.1,4.0
1692,Container ship,293.0,32.0,55994.0,47840.0,,19.5,11.4,3321.4,29195.0,4.0
1693,Container ship,294.0,32.0,55994.0,47754.0,47560 KW,17.7,12.5,3397.2,31388.31,4.0
1694,Oil tanker,176.0,31.0,25382.0,40083.0,,15.5,12.9,3030.8,12450.33,8.0
1695,Gas carrier,204.0,32.0,35012.0,44822.0,11275 KW,13.8,8.4,3470.2,20245.34,5.0
1697,General cargo ship,212.0,32.0,38910.0,54683.0,,13.2,10.1,2873.63,12938.43,6.0
1698,General cargo ship,212.0,32.0,38910.0,54683.0,,14.8,10.1,2293.9,9240.54,6.0
1699,General cargo ship,212.0,32.0,38910.0,54683.0,,13.5,9.8,1317.7,5906.22,6.0
1700,Bulk carrier,189.0,32.0,29862.0,52579.0,,10.7,9.1,935.9,3576.33,0.0
1701,General cargo ship,198.0,31.0,32679.0,44800.0,,18.1,12.2,3814.1,16023.22,6.0
1702,General cargo ship,198.0,31.0,32844.0,44837.0,,15.1,11.6,1454.7,5511.3,6.0
1703,Bulk carrier,189.0,32.0,31169.0,55180.0,,11.2,9.4,1134.7,3923.8,0.0
1704,Gas carrier,137.0,19.0,9691.0,10770.0,4697 KW,13.4,10.6,2376.08,7684.02,5.0
1705,Gas carrier,137.0,19.0,9691.0,10790.0,6300 KW,13.0,11.4,1702.33,4746.93,5.0
1706,Bulk carrier,189.0,32.0,27989.0,50326.0,,13.4,10.4,811.4,2969.86,0.0
1707,General cargo ship,171.0,27.0,19746.0,31759.0,,12.9,11.7,262.77,746.19,6.0
1708,General cargo ship,171.0,27.0,19746.0,31770.0,,14.8,11.1,1706.33,4292.88,6.0
1710,Oil tanker,177.0,28.0,21329.0,32464.0,8340 KW,16.4,12.1,2996.28,11656.69,8.0
1711,Oil tanker,177.0,28.0,21329.0,32310.0,8800 KW,13.7,11.3,2254.1,9297.28,8.0
1712,Chemical tanker,184.0,28.0,22346.0,37500.0,8340 KW,14.1,11.0,4389.58,14759.35,1.0
1714,General cargo ship,132.0,16.0,6361.0,9857.0,3480 KW,15.4,12.5,4383.72,6102.48,6.0
1716,Container ship,134.0,21.0,7642.0,9450.0,,8.9,7.0,4907.52,15377.73,4.0
1717,Container ship,134.0,21.0,7642.0,9335.0,7200 KW,17.0,12.3,4239.3,13130.14,4.0
1718,Container ship,134.0,21.0,7660.0,9500.0,7200 KW,15.5,12.5,4926.87,14659.14,4.0
1719,Chemical tanker,116.0,18.0,5145.0,8254.0,3600 KW,13.7,10.3,2055.73,4223.88,1.0
1721,Chemical tanker,116.0,18.0,5145.0,8234.0,3600 KW,14.9,9.1,900.17,1566.69,1.0
1723,LNG carrier,278.0,42.0,93226.0,73705.0,,18.8,14.8,2186.1,38905.13,7.0
1726,Chemical tanker,145.0,23.0,11590.0,19949.0,,15.4,11.6,3372.4,9920.54,1.0
1728,Oil tanker,249.0,44.0,62586.0,114598.0,15519 KW,16.2,11.7,2394.42,12777.9,8.0
1729,Oil tanker,249.0,44.0,62586.0,114639.0,15519 KW,11.9,11.9,3843.57,20363.68,8.0
1730,LNG carrier,278.0,42.0,93227.0,74067.0,20050 KW,19.1,14.2,2188.1,39540.69,7.0
1731,Container ship,221.0,32.0,32958.0,38638.0,49680 KW,15.5,13.2,958.98,7374.1,4.0
1734,Container ship,175.0,27.0,18334.0,23526.0,15785 KW,18.5,12.5,4137.17,18178.98,4.0
1735,Oil tanker,116.0,18.0,6280.0,7207.0,4407 KW,13.9,10.2,4446.19,7850.53,8.0
1736,Oil tanker,116.0,18.0,6556.0,6996.0,4350 KW,14.2,13.1,4858.15,7066.02,8.0
1737,Container ship,322.0,42.0,89097.0,99539.0,68520 KW,22.2,19.2,1079.9,18302.94,4.0
1738,Container ship,322.0,42.0,89097.0,105431.0,68520 KW,16.2,14.9,1527.12,23627.92,4.0
1739,LNG carrier,277.0,43.0,93844.0,77470.0,,18.7,14.4,1626.7,10533.99,7.0
1740,Container ship,304.0,40.0,73819.0,85824.0,57100 KW,20.4,18.6,524.0,8297.36,4.0
1742,Gas carrier,180.0,29.0,25299.0,38427.0,11100 KW,16.4,12.6,4287.2,18962.37,5.0
1743,Oil tanker,182.0,32.0,28529.0,47147.0,,7.8,7.8,895.43,2148.82,8.0
1745,Bulk carrier,189.0,31.0,27306.0,47304.0,,13.1,12.3,759.6,2119.74,0.0
1746,Bulk carrier,183.0,30.0,25554.0,46493.0,14286 KW,13.9,10.4,0.0,0.0,0.0
1749,General cargo ship,142.0,18.0,7576.0,10300.0,4320 KW,13.3,11.2,3961.0,8189.13,6.0
1750,LNG carrier,284.0,42.0,90835.0,77213.0,,17.7,13.9,2994.93,39730.06,7.0
1752,Ro-ro ship,199.0,28.0,32523.0,10407.0,,17.3,13.6,5044.22,37482.41,12.0
1753,Ro-ro ship,199.0,29.0,32289.0,10070.0,,15.7,15.7,5344.03,39251.19,12.0
1754,Ro-ro ship,199.0,29.0,37985.0,14012.0,,20.5,15.1,5967.45,47453.53,12.0
1755,Oil tanker,238.0,38.0,50199.0,84999.0,,15.0,9.3,2534.2,16223.16,8.0
1756,Oil tanker,239.0,38.0,50199.0,84999.0,11470 KW,12.7,9.9,476.8,4174.56,8.0
1757,Container ship,147.0,22.0,9966.0,13702.0,9730 KW,12.1,11.0,3573.51,10207.45,4.0
1758,Chemical tanker,183.0,32.0,29982.0,49474.0,,12.8,10.7,3899.6,13383.06,1.0
1763,Oil tanker,182.0,27.0,22515.0,40055.0,7980 KW,13.7,10.8,2627.15,9777.62,8.0
1764,Oil tanker,182.0,27.0,22515.0,40011.0,2207 KW,10.7,7.7,3403.25,10325.44,8.0
1765,Bulk carrier,179.0,28.0,22072.0,34682.0,6500 KW,11.6,10.2,1029.22,2895.43,0.0
1768,Chemical tanker,176.0,31.0,25108.0,35110.0,8580 KW,12.7,11.3,1671.0,6578.23,1.0
1769,General cargo ship,138.0,21.0,9611.0,12840.0,5400 KW,12.3,11.5,1104.77,2740.09,6.0
1770,Container ship,352.0,42.0,93496.0,109000.0,76200 KW,24.4,18.5,624.37,7508.03,4.0
1771,Container ship,135.0,20.0,8323.0,11656.0,,11.9,11.3,3509.63,8047.93,4.0
1772,Chemical tanker,116.0,18.0,5145.0,8211.0,3600 KW,12.2,11.1,5619.79,11228.51,1.0
1773,Chemical tanker,116.0,18.0,5145.0,8230.0,3600 KW,15.7,9.8,6772.35,12862.6,1.0
1774,Bulk carrier,169.0,27.0,16963.0,28379.0,,9.1,7.0,2040.0,4416.2,0.0
1776,Bulk carrier,176.0,29.0,19795.0,31829.0,,10.0,8.7,950.48,2612.48,0.0
1777,Bulk carrier,176.0,29.0,19795.0,31837.0,6620 KW,13.2,9.5,1701.36,4339.57,0.0
1778,Bulk carrier,176.0,29.0,19762.0,32178.0,,14.8,9.1,359.5,669.11,0.0
1779,General cargo ship,138.0,21.0,9611.0,12828.0,5400 KW,13.8,10.4,640.0,1343.58,6.0
1782,Oil tanker,144.0,23.0,11935.0,16614.0,11935 KW,13.4,10.1,4374.58,7811.74,8.0
1784,Chemical tanker,138.0,23.0,11191.0,16882.0,6300 KW,12.2,10.6,2285.77,6618.16,1.0
1785,Ro-pax ship,186.0,25.0,24409.0,7000.0,18900 KW,22.9,21.8,5244.23,40633.82,11.0
1786,Ro-pax ship,186.0,27.0,25995.0,7150.0,,20.3,18.4,5094.1,46530.31,11.0
1787,Chemical tanker,175.0,31.0,25443.0,40059.0,,15.5,12.7,1752.9,6455.61,1.0
1789,Chemical tanker,174.0,27.0,20055.0,34551.0,,13.0,12.3,1093.5,4354.68,1.0
1790,Container ship,197.0,30.0,26342.0,30804.0,,19.8,11.4,2313.98,10655.09,4.0
1791,Container ship,197.0,30.0,26342.0,30804.0,24487 KW,16.6,14.6,2832.59,16445.26,4.0
1792,Container ship,197.0,30.0,26342.0,30804.0,24947 KW,15.0,15.0,2758.9,17324.2,4.0
1794,Bulk carrier,189.0,32.0,27989.0,50344.0,8090 KW,13.5,10.8,1797.4,6604.64,0.0
1795,Ro-ro ship,230.0,26.0,37722.0,14424.0,,20.6,19.2,6294.58,49093.87,12.0
1796,Oil tanker,227.0,32.0,40013.0,73021.0,,13.8,11.0,563.2,4633.02,8.0
1798,Container ship,299.0,40.0,75484.0,81171.0,,16.4,11.6,0.0,0.0,4.0
1800,Bulk carrier,224.0,32.0,38938.0,74181.0,8678 KW,5.8,5.8,509.0,1995.89,0.0
1802,Bulk carrier,189.0,30.0,26574.0,48104.0,,12.7,9.7,600.4,3943.63,0.0
1804,Ro-pax ship,160.0,23.0,16686.0,7209.0,25200 KW,19.4,19.4,2821.45,22162.51,11.0
1806,Ro-pax ship,213.0,26.0,35736.0,4700.0,,21.1,19.3,2374.89,38091.3,11.0
1808,Chemical tanker,123.0,20.0,6837.0,12503.0,,4.7,3.8,4295.58,8162.92,1.0
1811,Gas carrier,119.0,19.0,6694.0,7930.0,,13.1,11.9,4077.9,3975.3,5.0
1816,Container ship,132.0,19.0,6704.0,8015.0,6300 KW,13.6,10.9,3503.86,7267.26,4.0
1818,Ro-pax ship,142.0,24.0,20024.0,3520.0,,21.0,17.9,597.57,5177.77,11.0
1819,Ro-pax ship,142.0,24.0,20024.0,3520.0,12600 KW,22.7,21.7,276.67,2922.15,11.0
1820,Container ship,148.0,23.0,9966.0,13858.0,9730 KW,14.9,5.7,3701.51,8286.32,4.0
1821,Container ship,147.0,23.0,9966.0,13760.0,9732 KW,11.7,10.6,1118.93,2635.74,4.0
1822,Oil tanker,180.0,32.0,28323.0,45974.0,8000 KW,16.4,13.3,4173.07,15121.94,8.0
1823,Chemical tanker,183.0,32.0,30018.0,46248.0,,13.3,12.2,2299.85,8575.5,1.0
1825,Bulk carrier,177.0,28.0,20212.0,32385.0,6650 KW,15.3,11.4,2038.48,4793.26,0.0
1826,Bulk carrier,189.0,32.0,27986.0,50246.0,8090 KW,13.8,7.9,0.0,0.0,0.0
1827,Chemical tanker,145.0,24.0,11769.0,19508.0,,16.7,13.4,770.14,2362.19,1.0
1828,Chemical tanker,158.0,25.0,15895.0,25148.0,,16.3,14.4,1758.15,5595.58,1.0
1829,Chemical tanker,159.0,25.0,15992.0,25023.0,,15.5,12.4,1514.47,4992.29,1.0
1832,Bulk carrier,189.0,32.0,30054.0,52425.0,7610 KW,12.0,5.2,824.0,3747.3,0.0
1835,General cargo ship,151.0,21.0,8383.0,9422.0,,18.6,15.6,1973.5,8417.56,6.0
1837,Oil tanker,240.0,42.0,58070.0,106070.0,,14.6,13.4,2789.9,15431.43,8.0
1838,Oil tanker,241.0,42.0,58070.0,106021.0,,14.7,11.3,2646.7,13503.49,8.0
1839,Bulk carrier,176.0,29.0,19796.0,31817.0,6620 KW,13.9,11.1,2233.53,6049.12,0.0
1841,LNG carrier,285.0,43.0,97561.0,83068.0,,18.9,13.5,4325.8,32943.26,7.0
1842,LNG carrier,285.0,43.0,97561.0,83068.0,,17.9,12.9,4205.0,35967.39,7.0
1843,LNG carrier,285.0,43.0,97561.0,83068.0,,18.8,15.2,2453.53,18372.67,7.0
1844,LNG carrier,285.0,43.0,97561.0,83068.0,,15.7,8.9,3157.4,35954.67,7.0
1845,Chemical tanker,173.0,29.0,25507.0,38877.0,8280 KW,14.8,8.3,3613.5,10739.57,1.0
1847,Bulk carrier,199.0,23.0,20661.0,36489.0,,13.4,8.1,834.3,2476.95,0.0
1849,Ro-pax ship,111.0,20.0,8072.0,1590.0,,18.6,17.9,1538.87,14055.46,11.0
1850,Oil tanker,139.0,21.0,9910.0,14750.0,,13.4,12.6,4928.7,11589.66,8.0
1851,Chemical tanker,139.0,21.0,9910.0,14665.0,,14.8,12.5,4408.64,11048.83,1.0
1852,Container ship,299.0,40.0,76199.0,80270.0,64200 KW,15.3,12.6,785.9,11222.57,4.0
1857,Ro-ro ship,153.0,21.0,12635.0,9000.0,9450 KW,17.6,14.8,5120.0,18395.61,12.0
1858,Ro-ro ship,153.0,21.0,12635.0,8600.0,,15.9,13.8,5405.0,18538.09,12.0
1862,Gas carrier,119.0,19.0,6502.0,8064.0,,15.7,12.1,3654.8,5432.27,5.0
1863,Oil tanker,113.0,18.0,5364.0,8016.0,,13.4,10.7,155.32,337.92,8.0
1867,Chemical tanker,136.0,20.0,8428.0,12004.0,9600 KW,15.0,11.2,3444.18,11141.62,1.0
1868,Ro-pax ship,184.0,30.0,40859.0,4803.0,,16.8,16.8,2868.0,55535.91,11.0
1870,Bulk carrier,174.0,27.0,19829.0,33745.0,,11.0,10.2,1896.6,5567.75,0.0
1871,Bulk carrier,174.0,27.0,19829.0,33745.0,5670 KW,16.4,10.9,2265.5,6274.8,0.0
1872,Bulk carrier,225.0,32.0,38871.0,75730.0,,17.5,8.6,291.3,1065.92,0.0
1877,LNG carrier,288.0,43.0,98798.0,83965.0,23772 KW,18.1,12.6,6310.5,59888.58,7.0
1878,Container ship,279.0,40.0,66433.0,69303.0,,16.5,13.9,848.16,9589.03,4.0
1879,Oil tanker,229.0,32.0,40763.0,72365.0,11300 KW,13.7,9.4,696.22,2827.93,8.0
1880,Container ship,187.0,29.0,23289.0,30058.0,18000 KW,14.5,10.9,1437.1,5274.02,4.0
1881,Container ship,187.0,29.0,23289.0,30078.0,18000 KW,16.2,14.6,1836.6,8814.24,4.0
1882,Container ship,187.0,29.0,23200.0,29870.0,,24.6,24.6,603.8,2690.72,4.0
1883,Oil tanker,179.0,32.0,28799.0,47999.0,,13.9,10.5,983.0,4464.62,8.0
1884,Ro-ro ship,154.0,24.0,21528.0,5200.0,,19.3,15.7,5071.95,23981.43,12.0
1885,Bulk carrier,177.0,28.0,19891.0,32723.0,,11.9,10.4,2326.0,5794.5,0.0
1886,LNG carrier,288.0,49.0,121597.0,84878.0,27600 KW,17.2,10.1,1780.89,25473.32,7.0
1889,Bulk carrier,299.0,50.0,101933.0,203277.0,,9.0,7.9,1851.73,9870.28,0.0
1892,Chemical tanker,144.0,21.0,11548.0,17653.0,,16.8,12.0,3380.63,7079.5,1.0
1893,Chemical tanker,144.0,21.0,11548.0,17592.0,,15.2,11.7,3887.0,6235.99,1.0
1894,General cargo ship,199.0,27.0,24167.0,30435.0,16250 KW,13.6,12.1,1778.08,7306.72,6.0
1897,General cargo ship,199.0,27.0,24167.0,30435.0,16250 KW,15.7,11.9,0.0,0.0,6.0
1898,General cargo ship,199.0,27.0,24167.0,30469.0,16250 KW,17.0,12.6,1228.63,4894.47,6.0
1899,General cargo ship,199.0,27.0,24167.0,30435.0,16250 KW,14.8,11.9,1357.28,5542.3,6.0
1902,Chemical tanker,170.0,25.0,18703.0,29709.0,,15.8,12.7,432.33,1717.8,1.0
1903,Chemical tanker,118.0,18.0,5770.0,8506.0,4525 KW,14.4,12.1,5029.85,7596.84,1.0
1904,Chemical tanker,118.0,19.0,5955.0,8571.0,4440 KW,13.8,12.2,4851.0,8348.42,1.0
1905,Chemical tanker,118.0,18.0,5955.0,8571.0,4440 KW,13.8,10.5,4961.0,8675.43,1.0
1906,General cargo ship,171.0,27.0,19883.0,32263.0,,15.1,11.4,1182.9,2935.99,6.0
1907,Bulk carrier,189.0,32.0,30174.0,52428.0,6480 KW,15.1,11.3,432.88,1397.61,0.0
1909,Bulk carrier,217.0,32.0,39746.0,65878.0,,18.0,11.4,0.0,0.0,0.0
1911,Oil tanker,276.0,46.0,80918.0,148644.0,,15.4,6.5,5410.33,28731.76,8.0
1912,Oil tanker,228.0,32.0,42469.0,74999.0,13853 KW,14.6,10.8,1200.0,6762.22,8.0
1914,Oil tanker,227.0,32.0,41503.0,72718.0,,15.8,11.6,1200.2,4541.93,8.0
1915,Oil tanker,179.0,32.0,28203.0,45849.0,,14.7,11.5,3699.0,12285.64,8.0
1916,Oil tanker,227.0,32.0,41503.0,72652.0,12269 KW,15.5,12.5,3478.07,14957.14,8.0
1917,Oil tanker,276.0,46.0,80918.0,148706.0,,14.0,9.5,4838.1,21278.06,8.0
1918,Chemical tanker,183.0,32.0,30032.0,46101.0,9480 KW,15.5,12.3,144.07,668.58,1.0
1921,Chemical tanker,185.0,32.0,30411.0,46719.0,,16.5,11.2,1367.48,6266.18,1.0
1923,Container ship,208.0,29.0,25709.0,33890.0,,16.3,11.1,77.02,195.56,4.0
1924,Chemical tanker,158.0,25.0,15711.0,25230.0,,16.3,13.1,935.48,3208.17,1.0
1925,Chemical tanker,158.0,25.0,15976.0,25147.0,,12.8,10.8,1526.22,4472.96,1.0
1928,Oil tanker,277.0,48.0,83119.0,150939.0,,9.4,9.4,1776.6,11026.23,8.0
1930,Chemical tanker,117.0,18.0,5145.0,8182.0,3600 KW,14.3,12.9,1470.0,3767.95,1.0
1931,Chemical tanker,116.0,18.0,5145.0,8184.0,3600 KW,14.1,12.3,783.09,1632.76,1.0
1934,Ro-ro ship,229.0,26.0,37939.0,14330.0,,21.6,20.0,6207.53,51146.31,12.0
1935,Bulk carrier,189.0,32.0,30064.0,52498.0,7800 KW,15.2,11.3,680.36,2134.25,0.0
1936,Container ship,210.0,30.0,26833.0,34273.0,21560 KW,9.7,9.7,3008.2,18930.78,4.0
1937,Container ship,210.0,30.0,26833.0,34295.0,21560 KW,18.6,15.5,669.0,11210.29,4.0
1939,Container ship,210.0,30.0,26833.0,34317.0,21560 KW,18.0,15.8,3918.0,22490.4,4.0
1940,Container ship,154.0,25.0,14308.0,16396.0,11060 KW,13.8,12.8,870.0,3117.86,4.0
1942,Oil tanker,171.0,27.0,22184.0,34656.0,9700 KW,13.7,9.7,1575.9,5977.58,8.0
1943,Oil tanker,171.0,27.0,22184.0,34648.0,7800 KW,12.9,7.5,1252.8,4564.42,8.0
1944,Bulk carrier,189.0,32.0,28171.0,48821.0,,15.5,11.0,876.7,3037.08,0.0
1945,LNG carrier,289.0,48.0,118571.0,75485.0,27000 KW,15.3,9.8,2591.6,27184.82,7.0
1946,Gas carrier,289.0,49.0,118363.0,80920.0,26496 KW,12.3,8.2,1184.88,22551.87,5.0
1947,Container ship,234.0,32.0,34610.0,43093.0,28880 KW,15.9,13.2,4744.3,29889.98,4.0
1950,Oil tanker,228.0,40.0,43075.0,72909.0,11522 KW,14.7,12.4,721.5,3022.3,8.0
1951,Container ship,303.0,40.0,73819.0,85806.0,,18.3,14.1,4099.1,54405.47,4.0
1955,LNG carrier,289.0,48.0,118571.0,75485.0,,17.5,14.3,4475.9,58445.26,7.0
1959,Oil tanker,243.0,42.0,58193.0,103755.0,,15.3,12.7,1029.02,4629.65,8.0
1963,General cargo ship,119.0,15.0,5057.0,7250.0,3840 KW,14.0,12.1,3462.3,4270.29,6.0
1964,General cargo ship,119.0,15.0,5057.0,7707.0,3840 KW,13.1,11.5,3952.43,5597.62,6.0
1965,General cargo ship,119.0,15.0,5057.0,7701.0,3840 KW,15.5,11.0,3268.31,5531.79,6.0
1966,General cargo ship,119.0,15.0,5057.0,7750.0,6750 KW,14.1,12.1,5000.62,6728.65,6.0
1967,Chemical tanker,141.0,21.0,9993.0,14796.0,,14.7,12.0,5140.12,10855.93,1.0
1968,Container ship,137.0,21.0,7519.0,8634.0,,13.1,11.1,5569.93,16930.39,4.0
1970,Container ship,137.0,21.0,7519.0,8635.0,8400 KW,14.6,12.9,6131.9,15504.43,4.0
1971,Bulk carrier,177.0,28.0,19885.0,32759.0,,12.6,10.5,2040.0,6068.6,0.0
1972,Bulk carrier,189.0,32.0,29995.0,52818.0,,13.8,13.0,1636.92,6209.48,0.0
1973,Bulk carrier,189.0,32.0,29995.0,52810.0,,16.0,11.6,858.2,3007.79,0.0
1980,Gas carrier,205.0,32.0,35158.0,44807.0,11275 KW,17.0,15.5,4006.35,20742.25,5.0
1981,Chemical tanker,183.0,32.0,30131.0,51318.0,9488 KW,14.9,10.7,2115.2,8683.9,1.0
1982,Chemical tanker,183.0,32.0,30095.0,51314.0,9480 KW,14.7,11.8,2203.36,6779.92,1.0
1983,Container ship,274.0,40.0,64254.0,68615.0,,21.3,16.7,2516.12,26957.44,4.0
1984,Container ship,294.0,32.0,54881.0,68254.0,,18.2,11.6,3486.1,36744.94,4.0
1985,Ro-pax ship,223.0,41.0,75027.0,6133.0,,21.3,18.4,3780.0,51493.85,11.0
1986,Bulk carrier,225.0,32.0,39802.0,76267.0,,13.9,10.4,0.0,0.0,0.0
1987,Bulk carrier,225.0,32.0,39802.0,76343.0,9210 KW,16.2,12.9,0.0,0.0,0.0
1989,Oil tanker,185.0,32.0,30636.0,46383.0,,4.6,4.2,1391.33,5636.21,8.0
1990,Chemical tanker,159.0,26.0,16232.0,26197.0,,15.7,13.8,1548.84,5006.42,1.0
1992,Bulk carrier,189.0,32.0,29342.0,52898.0,,15.9,12.5,1578.3,5594.85,0.0
1993,Bulk carrier,188.0,32.0,29342.0,52988.0,,14.8,11.7,476.0,1562.75,0.0
1994,Bulk carrier,199.0,23.0,20661.0,36489.0,10710 KW,12.7,9.8,1067.9,3145.45,0.0
1995,Bulk carrier,188.0,32.0,29398.0,52686.0,,11.8,9.7,1074.6,3786.68,0.0
1996,Bulk carrier,189.0,32.0,30124.0,52451.0,7800 KW,7.3,5.8,1703.0,6157.65,0.0
1997,Bulk carrier,189.0,32.0,30012.0,52483.0,,14.1,10.0,2576.9,8143.77,0.0
2001,Chemical tanker,162.0,26.0,14916.0,23740.0,8700 KW,13.7,12.7,2175.1,9108.3,1.0
2005,Bulk carrier,225.0,32.0,38851.0,75611.0,,16.1,11.5,504.0,2014.82,0.0
2006,Bulk carrier,225.0,32.0,38845.0,75499.0,12200 KW,13.4,11.2,2099.73,2327.17,0.0
2007,Bulk carrier,176.0,26.0,17679.0,28657.0,,13.4,8.4,981.0,2738.31,0.0
2009,Bulk carrier,225.0,32.0,40002.0,76015.0,,15.3,11.6,1545.0,5224.2,0.0
2011,Bulk carrier,189.0,33.0,28171.0,48821.0,7700 KW,12.9,11.2,3774.47,11603.06,0.0
2012,Container ship,294.0,32.0,54774.0,66694.0,,18.0,13.9,3481.2,34197.06,4.0
2013,Container ship,294.0,32.0,54774.0,66786.0,,19.2,17.6,262.7,3036.35,4.0
2014,Container ship,303.0,40.0,73819.0,85680.0,,18.0,15.1,3121.0,35769.39,4.0
2015,Oil tanker,228.0,32.0,38833.0,71024.0,,13.5,6.7,1422.3,9616.82,8.0
2016,Container ship,277.0,40.0,65247.0,73235.0,51700 KW,19.7,13.9,488.2,3437.1,4.0
2017,Container ship,277.0,40.0,65247.0,73235.0,,17.5,14.5,735.95,6804.59,4.0
2018,Bulk carrier,225.0,32.0,40524.0,74823.0,8550 KW,12.7,10.5,1264.57,5087.78,0.0
2019,Container ship,260.0,32.0,40952.0,55495.0,40952 KW,17.0,12.7,0.0,0.0,4.0
2020,Container ship,294.0,32.0,54304.0,68372.0,41107 KW,11.8,9.9,577.5,4956.85,4.0
2021,Container ship,294.0,32.0,54304.0,68578.0,,19.1,16.3,3140.42,31660.29,4.0
2022,Ro-pax ship,192.0,29.0,40975.0,4930.0,26240 KW,20.0,14.9,1733.57,23244.52,11.0
2023,Ro-pax ship,142.0,24.0,17343.0,3500.0,16800 KW,17.4,15.5,2242.34,21413.75,11.0
2024,Ro-pax ship,142.0,24.0,17343.0,3500.0,16800 KW,20.0,17.3,2600.37,21299.25,11.0
2025,Bulk carrier,224.0,32.0,40135.0,73880.0,,17.1,11.7,2058.63,9410.87,0.0
2026,General cargo ship,127.0,17.0,5197.0,6315.0,,7.7,7.7,777.7,565.12,6.0
2027,General cargo ship,127.0,16.0,5197.0,6315.0,2000 KW,8.5,5.5,1300.9,888.77,6.0
2028,General cargo ship,127.0,16.0,5197.0,6315.0,2000 KW,10.3,8.5,1447.5,1058.63,6.0
2029,General cargo ship,127.0,16.0,5197.0,6315.0,2000 KW,11.7,7.8,2493.1,1641.12,6.0
2032,Chemical tanker,183.0,32.0,30095.0,51319.0,9480 KW,15.9,10.7,3208.7,7939.28,1.0
2035,Oil tanker,249.0,43.0,62929.0,115444.0,19460 KW,15.1,9.6,987.2,4822.7,8.0
2036,General cargo ship,146.0,23.0,9528.0,12930.0,9780 KW,15.0,9.5,489.9,1587.18,6.0
2039,Chemical tanker,111.0,19.0,5384.0,8521.0,,12.3,8.3,2815.0,4087.4,1.0
2040,Bulk carrier,189.0,32.0,30881.0,55580.0,,14.4,10.5,1484.05,4232.07,0.0
2041,Bulk carrier,189.0,32.0,30881.0,55646.0,,15.2,8.8,1136.82,4148.54,0.0
2045,Oil tanker,179.0,32.0,28309.0,46821.0,,14.2,10.9,3213.0,11928.94,8.0
2046,Oil tanker,179.0,32.0,28245.0,46847.0,,11.2,7.4,678.9,2082.17,8.0
2048,Oil tanker,228.0,32.0,40690.0,72825.0,,14.2,11.2,768.0,4055.85,8.0
2050,Chemical tanker,175.0,31.0,25364.0,40095.0,,14.2,12.8,2154.88,5517.4,1.0
2051,Chemical tanker,141.0,24.0,11549.0,20810.0,,15.4,13.6,1365.62,3713.6,1.0
2053,Oil tanker,228.0,32.0,41526.0,72514.0,9480 KW,15.4,7.8,1781.0,11466.64,8.0
2054,Container ship,207.0,29.0,25391.0,33853.0,21560 KW,18.7,16.8,377.8,1694.64,4.0
2055,Container ship,272.0,40.0,69132.0,71372.0,,20.4,17.8,4089.72,29502.75,4.0
2056,Container ship,272.0,40.0,69132.0,64730.0,45760 KW,15.5,10.7,3508.32,27426.58,4.0
2057,Container ship,272.0,40.0,69132.0,71475.0,45760 KW,20.6,17.4,3657.9,28256.13,4.0
2058,Container ship,272.0,40.0,69132.0,71415.0,,20.6,18.0,3562.67,29664.88,4.0
2060,Bulk carrier,185.0,23.0,18825.0,27782.0,7860 KW,17.8,14.1,1241.8,3409.1,0.0
2061,Bulk carrier,185.0,23.0,18825.0,27781.0,7300 KW,14.9,12.4,1333.0,4347.0,0.0
2064,Oil tanker,228.0,32.0,42432.0,74999.0,,13.6,11.4,2175.0,10987.03,8.0
2065,Container ship,210.0,30.0,26833.0,34567.0,,20.4,17.4,4938.0,33612.2,4.0
2067,Chemical tanker,183.0,32.0,29284.0,46889.0,,13.9,12.5,1725.38,5438.21,1.0
2068,Oil tanker,176.0,31.0,25124.0,37432.0,11640 KW,15.9,10.3,2876.4,9035.65,8.0
2072,General cargo ship,138.0,21.0,9611.0,12786.0,8000 KW,17.2,13.4,3399.65,7352.4,6.0
2073,General cargo ship,138.0,21.0,9611.0,12672.0,5400 KW,14.4,11.8,4519.26,7821.07,6.0
2075,Bulk carrier,177.0,28.0,19887.0,32773.0,,20.2,13.0,697.0,1871.98,0.0
2076,Gas carrier,204.0,32.0,35306.0,44451.0,11409 KW,17.3,14.0,788.0,5651.7,5.0
2077,Gas carrier,204.0,32.0,35306.0,44399.0,11409 KW,17.2,13.5,633.3,5320.26,5.0
2078,LNG carrier,288.0,49.0,121597.0,84878.0,,18.5,11.6,419.55,5318.65,7.0
2079,Bulk carrier,189.0,32.0,31336.0,56006.0,,14.0,12.7,1360.8,5342.66,0.0
2080,Bulk carrier,289.0,45.0,88490.0,177640.0,,15.4,11.9,764.0,4538.07,0.0
2081,Bulk carrier,182.0,32.0,31242.0,56042.0,9480 KW,14.6,12.2,1119.33,3359.97,0.0
2084,Chemical tanker,137.0,20.0,8748.0,13776.0,5800 KW,12.6,9.5,3841.8,7727.84,1.0
2085,Bulk carrier,188.0,32.0,29357.0,52994.0,,13.2,10.4,1111.0,3669.78,0.0
2086,Bulk carrier,189.0,32.0,29372.0,52980.0,10450 KW,14.8,11.4,3654.05,7427.36,0.0
2087,Bulk carrier,188.0,32.0,29414.0,52949.0,7685 KW,12.6,11.5,1622.81,4516.42,0.0
2089,Chemical tanker,174.0,27.0,20058.0,32858.0,,15.1,13.5,3422.9,10013.95,1.0
2090,Bulk carrier,190.0,23.0,19264.0,32762.0,7080 KW,18.2,13.5,1972.0,4466.96,0.0
2091,Oil tanker,179.0,32.0,28059.0,45898.0,,12.7,8.5,220.7,618.76,8.0
2096,Bulk carrier,190.0,32.0,30012.0,52483.0,7800 KW,14.2,9.6,2370.49,7935.28,0.0
2097,Bulk carrier,225.0,32.0,39974.0,76466.0,9350 KW,17.2,12.0,601.5,2560.03,0.0
2098,Bulk carrier,225.0,32.0,40108.0,76339.0,,14.1,11.8,493.0,2331.93,0.0
2100,Container ship,322.0,42.0,89010.0,105483.0,,10.6,8.9,3475.9,47156.52,4.0
2102,Bulk carrier,190.0,28.0,24109.0,38890.0,7368 KW,13.3,7.7,2481.77,7222.23,0.0
2104,Bulk carrier,189.0,32.0,30953.0,55676.0,,15.0,12.0,0.0,0.0,0.0
2105,Bulk carrier,189.0,32.0,30953.0,55604.0,,15.8,11.3,1608.74,5716.25,0.0
2106,Bulk carrier,189.0,28.0,24109.0,38981.0,7368 KW,16.2,10.0,2605.33,6282.02,0.0
2107,Bulk carrier,189.0,28.0,24109.0,38995.0,7368 KW,10.1,9.2,323.66,970.27,0.0
2108,Bulk carrier,190.0,28.0,24109.0,38981.0,,11.8,10.0,1326.33,3526.39,0.0
2109,Chemical tanker,119.0,20.0,6688.0,10632.0,,11.7,10.6,178.3,493.47,1.0
2110,General cargo ship,182.0,28.0,24140.0,37821.0,,15.2,9.5,131.92,398.33,6.0
2111,Bulk carrier,179.0,28.0,22072.0,34790.0,,14.3,10.6,2646.75,7215.28,0.0
2112,Container ship,323.0,42.0,89097.0,99600.0,68520 KW,16.2,12.5,1272.8,17910.49,4.0
2118,Container ship,299.0,42.0,83133.0,93659.0,68640 KW,16.6,15.0,4371.6,58029.87,4.0
2119,Container ship,299.0,42.0,83133.0,93728.0,68640 KW,16.8,10.3,1962.62,19977.59,4.0
2120,Container ship,300.0,42.0,83133.0,93638.0,68640 KW,13.3,12.7,5382.2,73272.2,4.0
2121,Oil tanker,249.0,43.0,62806.0,115341.0,,12.9,7.1,693.4,3049.21,8.0
2122,Oil tanker,241.0,43.0,62806.0,115340.0,,15.0,7.7,1871.5,11681.5,8.0
2124,Oil tanker,243.0,42.0,58193.0,103124.0,19464 KW,16.3,12.4,4401.6,18006.57,8.0
2125,Bulk carrier,199.0,23.0,22792.0,37193.0,,11.9,6.8,1175.83,3648.71,0.0
2126,Bulk carrier,199.0,23.0,22792.0,37228.0,,16.8,10.9,2661.62,8614.17,0.0
2127,LNG carrier,283.0,43.0,95824.0,78542.0,,18.2,14.2,4745.18,71770.46,7.0
2128,Container ship,334.0,42.0,90645.0,101612.0,68490 KW,12.6,12.6,4342.4,63180.7,4.0
2135,Container ship,137.0,20.0,8656.0,11643.0,,12.6,9.5,3135.1,6210.39,4.0
2137,Bulk carrier,228.0,32.0,42895.0,82849.0,,14.2,11.1,2924.39,10618.86,0.0
2138,Bulk carrier,228.0,32.0,42887.0,82977.0,,11.7,10.0,706.7,2869.51,0.0
2139,Bulk carrier,228.0,32.0,42887.0,82926.0,,11.4,10.3,1296.98,5309.28,0.0
2140,Bulk carrier,225.0,32.0,39964.0,76294.0,8830 KW,14.7,9.2,2016.2,6627.3,0.0
2141,Bulk carrier,225.0,32.0,40230.0,73630.0,,14.7,13.0,1405.16,6071.12,0.0
2142,Container ship,210.0,30.0,26833.0,34287.0,21590 KW,15.6,11.1,3285.1,18151.75,4.0
2143,Container ship,210.0,30.0,26833.0,34282.0,21560 KW,12.9,11.5,4962.5,32082.47,4.0
2144,Bulk carrier,289.0,45.0,87250.0,171681.0,18600 KW,14.8,11.3,1852.25,11547.83,0.0
2145,Oil tanker,134.0,20.0,8829.0,13700.0,5300 KW,13.6,11.0,4168.95,7318.97,8.0
2146,Bulk carrier,224.0,32.0,39727.0,76602.0,,14.6,11.9,492.5,2105.12,0.0
2147,Bulk carrier,225.0,32.0,39727.0,76633.0,,12.9,9.8,1327.6,4747.49,0.0
2148,Bulk carrier,225.0,32.0,38871.0,75798.0,9104 KW,11.4,11.4,2409.5,9666.99,0.0
2150,Bulk carrier,225.0,32.0,40017.0,77171.0,9326 KW,14.4,8.8,762.9,3343.84,0.0
2152,General cargo ship,136.0,21.0,8938.0,13988.0,5760 KW,12.6,9.9,3495.58,6170.87,6.0
2153,General cargo ship,171.0,27.0,19748.0,31751.0,7040 KW,13.4,12.3,1585.52,4813.56,6.0
2155,Ro-pax ship,186.0,25.0,26302.0,7499.0,,20.1,19.2,6683.52,64811.51,11.0
2156,Container ship,137.0,21.0,7519.0,8720.0,7950 KW,11.3,9.8,5599.0,19513.03,4.0
2157,Container ship,137.0,21.0,7519.0,8645.0,7950 KW,14.2,13.5,6117.88,18169.39,4.0
2158,Container ship,137.0,21.0,7519.0,8658.0,8400 KW,17.9,12.0,5936.77,17314.49,4.0
2159,Container ship,140.0,22.0,7852.0,9296.0,8400 KW,12.9,12.0,5582.0,16786.62,4.0
2162,Bulk carrier,189.0,32.0,31198.0,53688.0,9480 KW,11.6,10.8,519.3,1603.83,0.0
2163,Oil tanker,183.0,32.0,30600.0,45800.0,9480 KW,14.6,12.9,2653.7,9309.5,8.0
2164,General cargo ship,172.0,25.0,16676.0,21250.0,12600 KW,19.9,14.2,4908.0,21015.15,6.0
2165,General cargo ship,185.0,25.0,18321.0,23660.0,12000 KW,20.6,15.7,4767.6,20374.1,6.0
2166,General cargo ship,185.0,25.0,18321.0,23660.0,12060 KW,17.5,12.8,4357.0,21226.36,6.0
2167,General cargo ship,185.0,25.0,18321.0,23688.0,12060 KW,17.3,13.6,4275.0,20138.69,6.0
2168,Bulk carrier,177.0,28.0,19885.0,32739.0,,12.7,11.7,1428.69,4392.27,0.0
2169,Oil tanker,179.0,32.0,28059.0,45913.0,,12.4,10.3,3113.8,8395.66,8.0
2170,Bulk carrier,190.0,23.0,19165.0,32583.0,,17.8,10.2,2248.7,5793.85,0.0
2171,Bulk carrier,189.0,32.0,30936.0,55426.0,,10.4,10.4,2105.1,8210.01,0.0
2172,Bulk carrier,189.0,32.0,30936.0,55452.0,,13.3,7.9,881.1,3265.62,0.0
2174,Bulk carrier,225.0,32.0,39964.0,76492.0,8830 KW,13.9,10.7,887.0,2606.27,0.0
2175,Bulk carrier,225.0,32.0,39964.0,76498.0,,13.4,10.0,0.0,0.0,0.0
2176,Bulk carrier,225.0,32.0,39964.0,76508.0,8830 KW,16.5,12.1,854.27,3222.01,0.0
2177,Bulk carrier,189.0,32.0,30042.0,52409.0,,14.5,10.9,756.3,2026.65,0.0
2182,Oil tanker,244.0,42.0,57296.0,105042.0,11324 KW,15.1,11.3,5459.15,17336.14,8.0
2184,Oil tanker,184.0,30.0,29335.0,46803.0,9620 KW,14.0,11.4,2172.98,8642.72,8.0
2185,Oil tanker,176.0,31.0,25124.0,37432.0,,15.2,10.8,3053.98,8459.16,8.0
2186,Chemical tanker,176.0,31.0,25124.0,37432.0,8680 KW,11.7,11.7,228.69,627.24,1.0
2187,Oil tanker,183.0,32.0,29335.0,46803.0,9480 KW,12.7,10.2,1015.57,3623.2,8.0
2188,Chemical tanker,184.0,32.0,29214.0,47210.0,11785 KW,14.5,11.4,3586.62,14227.29,1.0
2189,Oil tanker,183.0,32.0,29214.0,47210.0,,15.2,12.7,2053.93,8247.87,8.0
2191,Oil tanker,249.0,43.0,62796.0,115633.0,,16.7,12.3,3279.4,11158.07,8.0
2192,Oil tanker,274.0,48.0,83594.0,159331.0,,18.2,10.8,2014.2,11689.13,8.0
2193,Oil tanker,176.0,31.0,25108.0,39999.0,,13.8,6.6,2671.27,9908.87,8.0
2194,Oil tanker,176.0,31.0,25063.0,39999.0,,13.4,11.3,4400.51,14730.75,8.0
2195,Chemical tanker,175.0,31.0,25364.0,40099.0,,16.8,12.2,3786.4,10395.88,1.0
2196,Bulk carrier,190.0,32.0,32474.0,53565.0,12889 KW,14.2,11.1,1697.9,6033.79,0.0
2197,Bulk carrier,190.0,32.0,32474.0,53162.0,,12.4,8.9,2577.25,8745.54,0.0
2199,Container ship,324.0,42.0,89954.0,104904.0,68640 KW,16.0,13.9,1686.6,21871.03,4.0
2200,Container ship,324.0,42.0,89954.0,105034.0,61800 KW,17.3,16.2,1229.7,16246.5,4.0
2201,Container ship,324.0,42.0,89954.0,104954.0,68666 KW,8.6,7.7,3935.05,50246.43,4.0
2202,Container ship,324.0,42.0,89954.0,104849.0,,14.5,13.9,1395.8,20407.31,4.0
2203,Container ship,324.0,42.0,89954.0,105008.0,68666 KW,21.1,16.5,2151.4,29804.09,4.0
2204,Oil tanker,213.0,32.0,35711.0,61369.0,10010 KW,15.9,11.8,512.9,2421.25,8.0
2205,Container ship,195.0,32.0,24488.0,28936.0,21240 KW,11.6,10.3,1796.58,6742.94,4.0
2206,Container ship,195.0,32.0,24488.0,22890.0,,17.1,8.7,3152.83,15414.76,4.0
2210,Container ship,294.0,32.0,54592.0,66633.0,51480 KW,17.4,15.4,4035.86,39607.08,4.0
2211,Chemical tanker,183.0,32.0,30048.0,46994.0,9622 KW,8.6,8.6,2309.8,8326.48,1.0
2215,General cargo ship,145.0,18.0,7813.0,10384.0,7200 KW,12.4,10.6,3991.0,6493.88,6.0
2216,General cargo ship,145.0,18.0,7767.0,10500.0,4320 KW,13.9,12.8,4756.45,9761.74,6.0
2217,Container ship,260.0,32.0,39941.0,50869.0,36459 KW,18.4,15.3,4937.25,33030.21,4.0
2218,Container ship,260.0,32.0,39941.0,50500.0,36515 KW,18.3,14.6,4975.07,34901.21,4.0
2219,Container ship,178.0,27.0,17188.0,22506.0,16980 KW,12.9,12.4,4947.55,19587.95,4.0
2220,Container ship,178.0,27.0,17188.0,22513.0,16980 KW,6.3,4.6,5068.9,28384.95,4.0
2221,Bulk carrier,189.0,32.0,30054.0,52384.0,7900 KW,14.2,11.6,0.0,0.0,0.0
2222,Container ship,334.0,42.0,90745.0,107366.0,,21.2,17.0,3836.2,47049.58,4.0
2223,Oil tanker,244.0,42.0,58722.0,105642.0,,14.6,9.8,1295.3,7858.07,8.0
2224,Oil tanker,274.0,48.0,81074.0,159092.0,,16.2,11.6,1241.2,8070.17,8.0
2225,Oil tanker,274.0,48.0,81074.0,159081.0,,13.5,5.1,970.9,6706.6,8.0
2226,Oil tanker,269.0,46.0,79969.0,152622.0,,18.2,12.6,3104.52,17445.68,8.0
2227,Oil tanker,243.0,42.0,57162.0,105472.0,11327 KW,15.8,11.1,5044.02,19669.37,8.0
2230,Container ship,294.0,32.0,54809.0,67255.0,45760 KW,17.3,12.1,3542.11,28759.43,4.0
2232,Container ship,299.0,42.0,82794.0,93546.0,93120 KW,19.2,13.8,332.6,5313.42,4.0
2234,Chemical tanker,182.0,27.0,23240.0,37371.0,8500 KW,13.1,10.2,3019.65,8355.78,1.0
2236,Container ship,336.0,45.0,108930.0,117064.0,,13.8,8.1,2730.6,45588.45,4.0
2237,Container ship,336.0,45.0,108930.0,117095.0,,16.5,15.0,1913.7,28097.84,4.0
2238,Oil tanker,183.0,32.0,30018.0,46187.0,,15.8,10.6,594.38,1895.9,8.0
2240,Chemical tanker,182.0,32.0,27547.0,46938.0,,14.0,9.4,1188.35,4310.26,1.0
2241,Oil tanker,183.0,32.0,29242.0,46920.0,11640 KW,15.9,12.0,1212.0,4034.51,8.0
2244,Bulk carrier,189.0,32.0,31336.0,55955.0,,15.2,11.1,290.6,1225.87,0.0
2246,Oil tanker,274.0,48.0,78922.0,150037.0,16440 KW,14.0,9.3,2068.8,13323.42,8.0
2247,Oil tanker,227.0,32.0,41690.0,72650.0,12360 KW,15.4,12.6,801.5,2750.04,8.0
2248,Chemical tanker,138.0,23.0,11191.0,16882.0,6300 KW,13.0,8.1,1864.0,4394.79,1.0
2249,Bulk carrier,225.0,32.0,38845.0,75300.0,,15.1,11.5,0.0,0.0,0.0
2250,Gas carrier,119.0,18.0,5835.0,6539.0,,13.6,12.2,4595.07,4221.14,5.0
2254,Bulk carrier,190.0,32.0,30743.0,55695.0,,14.7,10.3,546.3,1705.08,0.0
2256,Bulk carrier,225.0,32.0,40060.0,76838.0,,15.2,11.6,2382.44,6967.07,0.0
2257,Chemical tanker,145.0,23.0,11628.0,20704.0,,13.3,11.4,692.9,1684.32,1.0
2258,Chemical tanker,148.0,21.0,10917.0,15995.0,,9.0,7.7,1296.13,3432.97,1.0
2260,Bulk carrier,225.0,32.0,39818.0,76390.0,,11.5,10.0,1852.8,7012.59,0.0
2261,General cargo ship,138.0,21.0,9618.0,12837.0,,11.5,9.9,878.31,2030.53,6.0
2263,Oil tanker,182.0,32.0,27725.0,46697.0,,14.9,10.4,3703.8,11845.99,8.0
2264,Gas carrier,180.0,29.0,25994.0,29213.0,4500 KW,16.2,11.0,354.1,1568.13,5.0
2268,Oil tanker,243.0,42.0,57177.0,105926.0,,11.4,11.4,4443.6,19920.94,8.0
2269,Oil tanker,176.0,31.0,25063.0,39999.0,,15.9,11.8,3501.6,12692.87,8.0
2270,Oil tanker,176.0,31.0,24996.0,40157.0,,13.4,10.3,2322.0,10216.89,8.0
2271,Container ship,154.0,24.0,14067.0,17266.0,11060 KW,13.7,12.1,3570.8,11944.19,4.0
2273,Oil tanker,249.0,43.0,62929.0,115525.0,19460 KW,14.2,7.6,961.5,5245.83,8.0
2274,Oil tanker,189.0,32.0,30971.0,50375.0,9623 KW,13.6,11.9,3503.0,15570.68,8.0
2275,Oil tanker,175.0,31.0,25364.0,39999.0,,15.4,11.3,3073.7,10649.25,8.0
2276,Bulk carrier,225.0,32.0,41059.0,75331.0,9700 KW,14.1,11.9,1366.22,4462.8,0.0
2277,Gas carrier,180.0,29.0,25994.0,29328.0,10126 KW,17.7,11.8,1078.6,4525.43,5.0
2280,Ro-pax ship,186.0,29.0,35923.0,6160.0,,19.6,18.0,6009.0,50411.29,11.0
2281,Ro-pax ship,186.0,29.0,35923.0,6164.0,,18.5,17.5,5703.0,52133.32,11.0
2283,Container ship,294.0,32.0,58289.0,64519.0,51480 KW,15.4,13.7,3692.7,51312.02,4.0
2284,Container ship,294.0,32.0,58289.0,64513.0,51480 KW,16.9,15.4,2644.1,36030.62,4.0
2287,Ro-pax ship,214.0,26.0,39798.0,5000.0,,18.5,13.7,3729.99,46969.67,11.0
2288,Ro-ro ship,193.0,26.0,29060.0,11636.0,,5.8,4.6,6889.14,44338.63,12.0
2289,Ro-ro ship,193.0,26.0,29004.0,11636.0,7330 KW,20.1,19.1,6953.82,47467.36,12.0
2290,Container ship,294.0,32.0,54519.0,64989.0,44584 KW,17.9,15.0,1818.6,20119.15,4.0
2301,Bulk carrier,189.0,32.0,31144.0,53589.0,9480 KW,16.9,12.2,269.0,1097.71,0.0
2305,Bulk carrier,190.0,23.0,19201.0,32594.0,,14.1,10.8,1649.3,4205.29,0.0
2306,Chemical tanker,175.0,31.0,25373.0,40085.0,,7.5,5.2,2510.1,7565.17,1.0
2307,Chemical tanker,175.0,31.0,25373.0,40102.0,8620 KW,14.6,10.9,2549.1,5825.81,1.0
2309,Container ship,207.0,29.0,25672.0,33648.0,20930 KW,13.4,11.4,389.8,2994.3,4.0
2311,Bulk carrier,189.0,32.0,29407.0,52050.0,,14.9,10.9,1497.63,4673.27,0.0
2312,Ro-pax ship,97.0,26.0,6662.0,710.0,,29.9,29.3,1716.1,21957.61,11.0
2315,Container ship,266.0,37.0,50624.0,67082.0,47542 KW,15.9,13.2,1706.57,10512.02,4.0
2316,Container ship,265.0,37.0,50624.0,62994.0,45760 KW,19.7,14.8,2014.15,12089.73,4.0
2317,Container ship,265.0,37.0,50624.0,63150.0,45760 KW,20.5,18.0,1531.28,10118.54,4.0
2318,Container ship,266.0,37.0,50736.0,62994.0,45760 KW,20.4,17.0,1966.0,14850.84,4.0
2319,Bulk carrier,225.0,32.0,40014.0,76801.0,,12.5,9.8,789.8,3000.1,0.0
2320,Container ship,267.0,32.0,42382.0,52683.0,40611 KW,14.6,11.2,982.93,8384.3,4.0
2321,Container ship,267.0,32.0,42382.0,52600.0,42000 KW,11.3,11.3,3868.1,27187.65,4.0
2325,Container ship,336.0,42.0,93811.0,103691.0,,11.3,11.3,3960.5,40872.24,4.0
2326,Oil tanker,176.0,31.0,25063.0,34643.0,,13.4,12.1,4351.7,13277.43,8.0
2327,Oil tanker,182.0,27.0,23240.0,37467.0,9480 KW,13.0,9.8,2671.72,8930.3,8.0
2328,Oil tanker,182.0,27.0,23240.0,37343.0,9147 KW,15.3,7.2,3600.6,10356.07,8.0
2329,Container ship,274.0,40.0,65483.0,71949.0,57866 KW,21.1,14.0,2674.8,36555.54,4.0
2330,Container ship,274.0,40.0,65483.0,72064.0,57100 KW,20.7,16.0,4874.3,57615.5,4.0
2331,Container ship,274.0,40.0,65483.0,72045.0,,18.0,15.4,3853.8,42408.52,4.0
2332,Container ship,274.0,40.0,65483.0,72037.0,51485 KW,18.6,16.6,3012.7,36555.52,4.0
2333,Container ship,264.0,32.0,41359.0,52863.0,43100 KW,18.3,14.5,421.0,1157.74,4.0
2334,Chemical tanker,115.0,18.0,5815.0,8674.0,4440 KW,13.3,12.9,4543.0,7659.14,1.0
2335,Chemical tanker,115.0,18.0,5815.0,8643.0,4200 KW,11.6,9.1,4946.0,8800.47,1.0
2336,Chemical tanker,115.0,18.0,5815.0,8657.0,4400 KW,15.5,12.5,4582.0,7223.12,1.0
2337,Chemical tanker,115.0,18.0,5815.0,8650.0,,13.7,12.1,4799.13,9617.74,1.0
2339,Container ship,161.0,25.0,16162.0,17350.0,12640 KW,15.4,8.5,1758.6,5359.54,4.0
2340,Container ship,140.0,23.0,9935.0,12343.0,7427 KW,15.3,10.3,2568.69,6774.35,4.0
2341,Container ship,140.0,23.0,9909.0,12193.0,9000 KW,17.6,12.0,3556.0,10346.38,4.0
2342,Gas carrier,204.0,32.0,35306.0,44379.0,11409 KW,14.9,9.0,1308.0,7926.11,5.0
2345,Container ship,275.0,40.0,66280.0,68228.0,54900 KW,12.3,12.3,4755.1,43484.36,4.0
2346,Container ship,267.0,32.0,42382.0,51870.0,40040 KW,17.2,11.3,1426.6,11936.83,4.0
2347,Container ship,267.0,32.0,42382.0,52683.0,,19.9,18.1,4778.32,54606.6,4.0
2348,Chemical tanker,175.0,31.0,25400.0,40046.0,8580 KW,13.5,11.6,2986.0,7591.13,1.0
2349,Oil tanker,246.0,42.0,58118.0,107197.0,13530 KW,12.7,10.2,2426.0,11777.24,8.0
2350,Bulk carrier,288.0,45.0,90091.0,180202.0,,12.1,10.4,508.1,2983.57,0.0
2352,Bulk carrier,225.0,32.0,38895.0,75621.0,9000 KW,5.9,3.4,1378.91,5205.07,0.0
2353,Bulk carrier,176.0,26.0,17660.0,28653.0,,15.0,11.1,1039.27,2256.5,0.0
2354,Bulk carrier,176.0,26.0,17660.0,28671.0,,13.7,11.0,215.05,561.82,0.0
2355,Oil tanker,274.0,48.0,78845.0,149996.0,16440 KW,16.0,12.1,1194.5,6820.9,8.0
2359,Oil tanker,179.0,32.0,28059.0,45897.0,,18.7,12.0,2027.0,6136.5,8.0
2361,Chemical tanker,174.0,27.0,20058.0,32858.0,,15.8,14.1,2756.67,8356.02,1.0
2362,Bulk carrier,225.0,32.0,40219.0,77326.0,9320 KW,17.0,11.2,1430.25,4078.61,0.0
2364,Chemical tanker,141.0,24.0,11568.0,20587.0,,13.7,10.0,2741.7,5883.43,1.0
2365,Oil tanker,243.0,42.0,58156.0,103194.0,19479 KW,21.6,11.4,3977.5,14884.62,8.0
2366,Oil tanker,243.0,42.0,58156.0,103232.0,14511 KW,13.6,10.5,3307.1,13275.16,8.0
2368,Oil tanker,228.0,32.0,42443.0,74999.0,,9.9,9.9,1598.5,5202.63,8.0
2371,Container ship,155.0,24.0,14193.0,17307.0,,15.4,13.8,1326.05,4210.83,4.0
2372,Container ship,149.0,22.0,11662.0,13711.0,8400 KW,15.5,11.6,4712.9,11478.96,4.0
2373,Container ship,134.0,22.0,9981.0,11286.0,8400 KW,17.9,14.7,3914.0,13401.67,4.0
2374,Container ship,134.0,23.0,9990.0,11181.0,8400 KW,15.6,14.8,5208.16,15387.7,4.0
2375,Container ship,134.0,22.0,9990.0,11202.0,8400 KW,14.1,9.1,1927.0,4311.69,4.0
2376,Container ship,294.0,32.0,55510.0,66821.0,,14.1,13.2,3495.82,34412.73,4.0
2377,Container ship,294.0,32.0,54771.0,66799.0,,4.8,4.7,2423.9,22692.07,4.0
2378,Oil tanker,274.0,50.0,84601.0,163292.0,,14.2,10.7,3253.4,17140.04,8.0
2380,Bulk carrier,225.0,32.0,40230.0,73691.0,10200 KW,16.2,13.1,1845.83,6862.47,0.0
2381,Bulk carrier,225.0,32.0,40230.0,73691.0,10200 KW,16.8,12.5,873.87,3622.52,0.0
2382,Chemical tanker,184.0,28.0,22346.0,37557.0,8340 KW,13.6,12.5,3323.83,9844.65,1.0
2383,Oil tanker,177.0,28.0,21329.0,32302.0,8340 KW,17.9,10.1,3326.38,11090.9,8.0
2386,Oil tanker,228.0,32.0,41966.0,73869.0,11460 KW,15.6,10.3,629.89,2597.97,8.0
2387,Chemical tanker,164.0,23.0,12776.0,20677.0,7860 KW,14.8,11.7,429.8,1252.44,1.0
2388,Chemical tanker,164.0,23.0,12776.0,20540.0,10800 KW,13.8,11.6,2254.7,4501.76,1.0
2389,Chemical tanker,164.0,23.0,12776.0,20635.0,7860 KW,14.8,11.1,2256.75,6490.36,1.0
2390,Chemical tanker,164.0,23.0,12776.0,20610.0,7860 KW,13.2,11.7,5164.9,11571.68,1.0
2391,LNG carrier,283.0,43.0,95824.0,78542.0,10564 KW,20.1,16.9,3911.7,55776.72,7.0
2392,Chemical tanker,127.0,20.0,8446.0,12984.0,4440 KW,14.1,10.2,1315.0,1955.5,1.0
2395,Bulk carrier,189.0,32.0,30051.0,52489.0,,13.4,11.0,708.19,2300.56,0.0
2396,Bulk carrier,189.0,32.0,30051.0,52514.0,,10.6,4.5,2501.88,5186.12,0.0
2397,Oil tanker,161.0,23.0,13674.0,21600.0,8100 KW,15.0,13.9,3410.2,7733.08,8.0
2398,Container ship,132.0,19.0,6704.0,8329.0,6300 KW,16.0,13.0,889.5,2258.24,4.0
2400,Oil tanker,248.0,43.0,60007.0,107115.0,,12.9,10.5,3211.72,13149.27,8.0
2401,Container ship,292.0,32.0,50686.0,61454.0,,14.9,10.3,5298.02,48930.26,4.0
2402,Container ship,292.0,32.0,50686.0,61454.0,,20.0,14.5,4405.88,35172.9,4.0
2404,Oil tanker,274.0,50.0,84844.0,163759.0,,15.3,7.6,2171.0,13690.33,8.0
2405,Oil tanker,276.0,50.0,84844.0,163759.0,,15.0,11.0,481.0,4600.33,8.0
2406,Oil tanker,274.0,50.0,84844.0,163927.0,,16.4,9.4,538.0,3082.81,8.0
2408,Container ship,207.0,29.0,25406.0,33783.0,21700 KW,16.8,16.2,2891.65,12862.46,4.0
2409,Ro-pax ship,126.0,30.0,8973.0,1000.0,32800 KW,29.9,29.0,3175.39,45197.7,11.0
2410,Chemical tanker,243.0,42.0,59486.0,99990.0,13530 KW,13.6,10.2,1619.9,13113.07,1.0
2412,Oil tanker,169.0,27.0,18034.0,27300.0,7650 KW,11.9,11.9,2435.63,6675.45,8.0
2413,Bulk carrier,190.0,32.0,32474.0,53565.0,,13.3,11.3,224.5,706.14,0.0
2414,Bulk carrier,190.0,32.0,32474.0,53195.0,,10.3,10.3,1784.0,5685.08,0.0
2415,Oil tanker,245.0,42.0,61724.0,109672.0,,10.5,5.5,2328.22,11613.82,8.0
2419,Oil tanker,175.0,29.0,19758.0,29050.0,,14.4,12.3,2549.4,6932.01,8.0
2420,Oil tanker,175.0,29.0,19758.0,29032.0,,14.2,12.4,2718.65,7538.87,8.0
2421,Oil tanker,175.0,29.0,19758.0,29040.0,,13.4,7.5,1502.8,3495.32,8.0
2423,Container ship,207.0,29.0,25414.0,33796.0,20930 KW,20.9,15.9,2465.07,13783.7,4.0
2424,Oil tanker,182.0,27.0,24048.0,38512.0,,12.7,10.6,2757.6,7280.62,8.0
2425,Container ship,134.0,21.0,7642.0,9500.0,,17.6,15.8,4073.75,16087.68,4.0
2426,Container ship,324.0,42.0,89954.0,105084.0,69619 KW,17.6,13.1,3195.3,42965.28,4.0
2427,Container ship,324.0,42.0,89954.0,105014.0,68640 KW,13.6,13.6,4105.2,50087.73,4.0
2428,Container ship,324.0,42.0,89954.0,105083.0,,7.6,6.0,3407.8,40241.86,4.0
2429,Container ship,324.0,42.0,89954.0,105101.0,,24.3,19.3,3664.3,46953.8,4.0
2430,Oil tanker,228.0,32.0,40690.0,72807.0,,12.8,9.7,956.0,4310.86,8.0
2431,Container ship,334.0,42.0,91410.0,101810.0,,22.5,13.0,2415.21,24548.07,4.0
2432,Container ship,334.0,42.0,91410.0,101879.0,,20.0,15.2,1342.01,17966.87,4.0
2434,Oil tanker,274.0,50.0,85431.0,164608.0,,15.4,11.8,4327.0,32210.64,8.0
2435,Oil tanker,274.0,50.0,85431.0,164565.0,,14.1,13.2,4054.67,19158.01,8.0
2436,Oil tanker,244.0,42.0,57248.0,109841.0,,13.9,8.6,4176.05,17418.84,8.0
2437,Oil tanker,244.0,42.0,57248.0,109919.0,11327 KW,15.0,10.7,2761.0,14324.54,8.0
2438,Oil tanker,244.0,42.0,57248.0,109857.0,11324 KW,14.3,10.1,5434.93,18229.14,8.0
2439,Oil tanker,244.0,42.0,57248.0,110084.0,11326 KW,14.7,11.1,4954.27,17115.97,8.0
2442,Oil tanker,243.0,42.0,57243.0,106061.0,15300 KW,13.5,11.9,4264.83,20250.02,8.0
2443,Container ship,334.0,42.0,91410.0,101818.0,68640 KW,19.1,13.7,3661.28,46304.89,4.0
2444,Container ship,334.0,42.0,91410.0,101779.0,,17.2,9.4,3657.27,40968.73,4.0
2445,Container ship,349.0,42.0,107711.0,113964.0,,20.9,12.6,298.94,5729.8,4.0
2446,Container ship,349.0,42.0,107711.0,113909.0,,22.9,15.6,543.3,7981.5,4.0
2448,Chemical tanker,183.0,32.0,29646.0,45998.0,9770 KW,16.5,12.5,626.8,1941.33,1.0
2450,General cargo ship,177.0,28.0,20225.0,32355.0,6618 KW,15.2,13.3,2588.05,7606.82,6.0
2452,Bulk carrier,189.0,32.0,30822.0,55862.0,,15.2,11.6,1479.32,4194.57,0.0
2453,Bulk carrier,189.0,32.0,31091.0,54043.0,,15.2,11.8,1859.9,7338.91,0.0
2454,Container ship,300.0,42.0,75246.0,78715.0,,14.6,12.1,2382.02,37659.63,4.0
2455,Container ship,300.0,42.0,76261.0,78733.0,,21.1,14.0,1480.7,22453.35,4.0
2456,Bulk carrier,189.0,32.0,31255.0,55912.0,,15.8,10.7,722.51,2598.49,0.0
2457,Bulk carrier,188.0,32.0,29753.0,52223.0,,11.4,6.2,1961.88,5319.29,0.0
2458,Container ship,155.0,24.0,14193.0,34973.0,,13.6,10.8,1254.75,4613.57,4.0
2460,Container ship,322.0,42.0,89010.0,105320.0,,19.7,17.8,832.8,9779.41,4.0
2461,Container ship,322.0,42.0,89010.0,105545.0,,20.0,17.9,4403.0,58495.58,4.0
2462,Chemical tanker,141.0,21.0,9993.0,14825.0,,13.5,11.0,5340.15,10593.49,1.0
2464,Bulk carrier,178.0,28.0,19971.0,30541.0,,14.9,11.2,2617.0,6389.1,0.0
2465,General cargo ship,149.0,24.0,13694.0,19950.0,,15.6,10.3,1003.8,2302.48,6.0
2466,General cargo ship,149.0,24.0,13694.0,19949.0,,14.5,9.7,419.0,925.71,6.0
2467,Container ship,212.0,32.0,32968.0,38608.0,28880 KW,17.7,16.8,551.6,5954.23,4.0
2468,Oil tanker,239.0,42.0,56373.0,105363.0,12000 KW,12.9,10.2,648.18,2435.88,8.0
2469,Bulk carrier,228.0,32.0,42887.0,82790.0,,13.6,13.6,2521.5,10693.83,0.0
2471,Container ship,160.0,25.0,15633.0,16987.0,13560 KW,17.1,13.4,1334.4,4951.72,4.0
2472,Container ship,160.0,25.0,15633.0,17002.0,13560 KW,16.1,10.1,2521.23,8781.6,4.0
2473,Bulk carrier,190.0,32.0,31144.0,53702.0,9400 KW,15.1,11.2,0.0,0.0,0.0
2474,Bulk carrier,189.0,32.0,31261.0,53533.0,,16.3,9.6,1255.0,5340.37,0.0
2475,Bulk carrier,189.0,32.0,31261.0,53533.0,,14.7,11.4,1132.2,4527.18,0.0
2476,Container ship,154.0,21.0,8971.0,10744.0,8100 KW,15.8,13.4,4882.71,14007.02,4.0
2477,Oil tanker,179.0,32.0,25804.0,40471.0,,13.8,10.9,3225.68,10319.73,8.0
2478,Oil tanker,179.0,32.0,25804.0,40426.0,18050 KW,13.0,9.6,3901.48,12088.25,8.0
2482,Container ship,210.0,30.0,26836.0,34243.0,21560 KW,19.6,15.9,2834.0,19232.5,4.0
2483,Container ship,334.0,42.0,89941.0,102756.0,68640 KW,7.0,5.5,2537.6,46072.47,4.0
2486,Container ship,147.0,23.0,9956.0,13728.0,9730 KW,3.7,3.3,2321.0,4990.38,4.0
2489,Bulk carrier,189.0,32.0,31264.0,55317.0,8200 KW,13.1,10.4,1896.6,6551.18,0.0
2490,Oil tanker,228.0,32.0,38832.0,70377.0,,14.6,8.5,3072.4,8735.29,8.0
2491,Oil tanker,228.0,32.0,38832.0,70372.0,,7.0,7.0,1754.4,3944.42,8.0
2492,Container ship,260.0,32.0,39941.0,50869.0,,19.9,13.3,3532.98,23970.42,4.0
2493,Container ship,260.0,32.0,39941.0,50869.0,31990 KW,23.2,15.3,3918.33,28001.14,4.0
2494,Container ship,260.0,32.0,39941.0,50869.0,36515 KW,18.7,12.2,2311.6,13437.41,4.0
2495,Container ship,260.0,32.0,39941.0,50869.0,35543 KW,13.7,13.7,2587.62,20088.34,4.0
2496,Container ship,260.0,32.0,39941.0,50500.0,,12.8,10.9,198.7,1312.54,4.0
2497,Chemical tanker,144.0,21.0,11719.0,17557.0,,18.8,14.6,3798.72,6991.6,1.0
2498,Chemical tanker,175.0,31.0,25373.0,40057.0,8700 KW,13.5,10.4,3173.9,8654.65,1.0
2499,Chemical tanker,176.0,31.0,25385.0,40161.0,9480 KW,12.9,9.9,1683.72,6162.71,1.0
2500,Oil tanker,182.0,32.0,29683.0,51371.0,,12.9,10.3,757.7,2259.23,8.0
2501,Container ship,210.0,30.0,26671.0,34396.0,24823 KW,13.8,11.7,1024.4,5199.61,4.0
2502,Container ship,210.0,30.0,26671.0,34704.0,24823 KW,19.4,16.9,1322.6,9756.54,4.0
2503,Oil tanker,228.0,32.0,42403.0,74933.0,,15.4,13.6,355.0,2481.12,8.0
2508,Container ship,336.0,45.0,98747.0,98849.0,,20.0,15.9,3073.72,45160.76,4.0
2509,Container ship,336.0,45.0,98747.0,98849.0,,20.8,18.2,3229.17,44650.71,4.0
2510,Container ship,336.0,45.0,98747.0,98849.0,,20.2,17.8,3115.4,46278.92,4.0
2511,Container ship,336.0,45.0,98747.0,98849.0,,12.9,11.9,1813.6,20139.22,4.0
2513,Container ship,141.0,21.0,7713.0,9604.0,9420 KW,17.0,14.0,5081.55,16460.37,4.0
2514,Container ship,141.0,21.0,7713.0,9654.0,9240 KW,16.5,13.1,4312.62,16539.48,4.0
2516,Container ship,207.0,29.0,25406.0,33781.0,,13.7,11.1,1069.7,4190.5,4.0
2517,LNG carrier,285.0,43.0,97496.0,84659.0,,17.3,14.1,2578.75,37168.02,7.0
2519,Container ship,294.0,32.0,54214.0,68165.0,,17.1,13.6,0.0,0.0,4.0
2520,Oil tanker,274.0,50.0,85421.0,163216.0,18660 KW,14.6,9.9,3642.85,21488.65,8.0
2521,Oil tanker,274.0,50.0,85421.0,163250.0,,17.1,11.7,5304.87,30548.82,8.0
2522,Container ship,335.0,42.0,90389.0,101411.0,69670 KW,19.7,13.8,568.02,9211.01,4.0
2523,Container ship,335.0,42.0,90389.0,101597.0,68665 KW,15.2,13.1,1608.44,25171.48,4.0
2524,Chemical tanker,176.0,31.0,25108.0,40327.0,8679 KW,14.5,10.4,3235.12,9276.42,1.0
2526,Bulk carrier,224.0,32.0,39727.0,76602.0,10320 KW,15.3,13.6,2933.95,11196.44,0.0
2527,Bulk carrier,224.0,32.0,39727.0,76619.0,,13.6,10.3,1287.0,4400.24,0.0
2528,Bulk carrier,189.0,32.0,30807.0,55888.0,,10.6,10.6,252.7,792.94,0.0
2529,Bulk carrier,189.0,32.0,31360.0,55947.0,,10.7,8.6,423.5,1538.63,0.0
2530,General cargo ship,171.0,27.0,19799.0,31700.0,,14.8,11.4,845.6,2241.25,6.0
2534,Oil tanker,274.0,48.0,79235.0,150205.0,,12.8,6.8,2164.9,9957.41,8.0
2535,Oil tanker,274.0,48.0,79235.0,150296.0,22920 KW,14.1,10.9,1073.9,4402.3,8.0
2536,Bulk carrier,189.0,32.0,31247.0,56023.0,,14.2,11.7,1285.0,4820.35,0.0
2543,General cargo ship,143.0,23.0,12936.0,17305.0,5800 KW,16.6,13.1,3139.84,8220.99,6.0
2544,Bulk carrier,177.0,28.0,19887.0,32776.0,6620 KW,13.7,7.4,879.5,2357.29,0.0
2545,Bulk carrier,172.0,29.0,20283.0,32316.0,,17.2,12.4,734.67,2284.36,0.0
2547,LNG carrier,277.0,43.0,97491.0,84894.0,23500 KW,19.1,11.6,842.8,14276.09,7.0
2548,Chemical tanker,174.0,27.0,20117.0,33916.0,,15.5,13.4,1008.18,2939.63,1.0
2549,Oil tanker,183.0,27.0,24048.0,38554.0,,12.6,8.3,3048.78,7557.62,8.0
2551,Container ship,222.0,32.0,35581.0,44053.0,28880 KW,16.0,16.0,412.6,3381.39,4.0
2552,Container ship,222.0,32.0,35581.0,44022.0,28833 KW,16.0,10.7,2032.0,10919.88,4.0
2554,Container ship,222.0,30.0,28592.0,39266.0,,12.3,10.8,1752.83,10932.24,4.0
2555,Passenger ship,294.0,37.0,93558.0,7500.0,,22.5,20.2,2130.12,38320.19,9.0
2556,Bulk carrier,225.0,32.0,40424.0,77073.0,9400 KW,16.5,11.3,613.37,2140.58,0.0
2557,Bulk carrier,189.0,32.0,30688.0,55697.0,,13.1,9.9,424.3,1719.8,0.0
2558,Bulk carrier,189.0,32.0,30684.0,55699.0,8208 KW,13.7,11.0,476.8,2005.72,0.0
2559,Bulk carrier,255.0,43.0,58107.0,106445.0,,15.5,7.1,1123.5,4354.25,0.0
2561,Bulk carrier,225.0,32.0,40040.0,76830.0,9230 KW,14.5,11.1,454.4,1600.1,0.0
2564,Bulk carrier,225.0,32.0,40039.0,76739.0,,17.5,12.2,1916.3,7477.36,0.0
2565,Bulk carrier,225.0,32.0,40042.0,76806.0,,11.9,6.8,2730.52,11128.2,0.0
2566,Chemical tanker,146.0,23.0,11924.0,19707.0,,12.2,10.6,1396.7,3123.55,1.0
2567,Chemical tanker,112.0,19.0,5451.0,8807.0,3900 KW,15.2,10.6,5069.48,7956.79,1.0
2568,Oil tanker,145.0,23.0,11626.0,19953.0,6150 KW,14.0,11.5,2339.7,4501.64,8.0
2570,Container ship,336.0,45.0,107849.0,117206.0,68520 KW,8.1,8.1,3078.2,43798.37,4.0
2571,Container ship,336.0,45.0,107849.0,117334.0,93120 KW,17.4,13.9,1961.2,30405.04,4.0
2573,Container ship,336.0,45.0,107849.0,110697.0,44010 KW,17.9,15.2,1052.3,18720.06,4.0
2574,General cargo ship,139.0,21.0,9990.0,12578.0,8200 KW,14.4,9.5,1885.52,3316.95,6.0
2575,Oil tanker,183.0,32.0,30091.0,49999.0,,14.9,10.4,1024.1,2961.51,8.0
2576,Oil tanker,276.0,50.0,83742.0,159450.0,,11.6,11.6,433.5,1930.37,8.0
2579,Container ship,211.0,29.0,27059.0,34884.0,18000 KW,15.2,13.9,1430.6,6146.68,4.0
2581,Container ship,211.0,29.0,27059.0,35465.0,21560 KW,18.3,15.7,3302.4,19413.82,4.0
2582,Container ship,211.0,29.0,27059.0,35465.0,21560 KW,16.4,12.4,3300.1,18912.39,4.0
2583,Container ship,279.0,40.0,66452.0,69229.0,,18.5,14.2,1774.29,20672.5,4.0
2586,Chemical tanker,183.0,32.0,30020.0,46792.0,,14.2,10.9,829.0,2819.38,1.0
2587,Chemical tanker,144.0,23.0,11935.0,16716.0,6300 KW,16.1,11.7,4238.38,9642.36,1.0
2589,Ro-pax ship,214.0,26.0,39798.0,7031.0,,17.2,15.2,4054.83,63477.34,11.0
2591,Container ship,292.0,32.0,50686.0,61499.0,46412 KW,18.0,16.6,4013.23,40194.86,4.0
2593,Container ship,334.0,42.0,91649.0,101532.0,69618 KW,17.5,13.1,864.7,11405.0,4.0
2595,Oil tanker,250.0,44.0,65293.0,117153.0,16660 KW,11.6,11.6,3158.52,13206.12,8.0
2596,Container ship,350.0,42.0,109149.0,107498.0,,20.6,11.9,1364.5,22235.88,4.0
2597,Oil tanker,249.0,44.0,66919.0,117055.0,,15.8,13.9,4420.68,19542.48,8.0
2598,Oil tanker,249.0,44.0,66919.0,117055.0,,16.2,12.3,3879.7,20542.17,8.0
2599,Container ship,348.0,42.0,107551.0,114909.0,,18.9,16.3,1805.0,30681.43,4.0
2600,Ro-pax ship,186.0,27.0,33940.0,5700.0,,20.0,13.6,5327.95,40985.51,11.0
2601,Oil tanker,183.0,32.0,29021.0,50922.0,13548 KW,15.3,8.6,3035.12,7886.3,8.0
2602,Oil tanker,183.0,32.0,29032.0,50922.0,,19.3,12.6,388.5,1386.15,8.0
2603,Container ship,184.0,24.0,17665.0,22033.0,10296 KW,14.9,13.8,4462.17,17638.73,4.0
2604,Container ship,183.0,24.0,17665.0,22049.0,,14.9,9.3,4670.37,17973.52,4.0
2607,Container ship,137.0,21.0,8890.0,10900.0,,17.3,13.7,5539.0,21733.32,4.0
2608,Bulk carrier,166.0,24.0,17434.0,27711.0,,17.4,12.1,5411.88,18887.14,0.0
2609,Container ship,167.0,25.0,15487.0,20614.0,16520 KW,16.0,14.8,4052.1,13993.69,4.0
2610,Container ship,168.0,25.0,15487.0,20580.0,16520 KW,17.1,13.5,4679.9,13686.17,4.0
2611,Container ship,304.0,40.0,73934.0,81250.0,60200 KW,21.3,16.1,3075.5,38621.22,4.0
2612,Container ship,304.0,40.0,73934.0,81247.0,,20.9,15.4,4560.2,47063.06,4.0
2613,Container ship,168.0,25.0,15487.0,20614.0,15487 KW,15.6,13.5,5087.33,14404.5,4.0
2614,Container ship,168.0,25.0,15345.0,20993.0,16520 KW,14.5,14.5,3418.09,10776.69,4.0
2616,Container ship,168.0,25.0,15345.0,20955.0,16520 KW,13.4,12.8,3312.25,11745.99,4.0
2617,Container ship,147.0,23.0,9957.0,13872.0,9780 KW,14.4,10.4,2637.3,9941.04,4.0
2618,Container ship,147.0,23.0,9957.0,13839.0,9730 KW,15.4,13.1,3836.9,10889.86,4.0
2620,General cargo ship,108.0,18.0,5581.0,8200.0,2800 KW,10.2,9.3,4088.8,5357.17,6.0
2622,General cargo ship,108.0,18.0,5581.0,8107.0,2800 KW,10.1,10.1,730.25,920.97,6.0
2623,General cargo ship,108.0,18.0,5581.0,8153.0,,11.6,10.4,3702.41,4118.34,6.0
2625,General cargo ship,108.0,18.0,5581.0,7560.0,2800 KW,10.7,9.3,1903.21,2074.66,6.0
2626,General cargo ship,108.0,18.0,5581.0,8259.0,2700 KW,11.7,9.0,3194.74,3982.11,6.0
2627,General cargo ship,108.0,18.0,5581.0,7601.0,2800 KW,12.6,8.2,3735.0,4908.35,6.0
2628,General cargo ship,108.0,18.0,5581.0,8259.0,3000 KW,12.4,8.4,3964.52,5364.9,6.0
2629,Oil tanker,244.0,42.0,61724.0,109672.0,,14.7,11.0,789.7,3541.01,8.0
2631,Oil tanker,171.0,27.0,22184.0,34662.0,7150 KW,15.7,12.1,2179.7,5451.55,8.0
2632,Oil tanker,171.0,27.0,22184.0,34628.0,7150 KW,10.6,10.6,2606.06,4980.91,8.0
2633,Ro-ro ship,165.0,26.0,27788.0,7210.0,6300 KW,16.4,15.9,5875.0,17280.39,12.0
2634,Ro-ro ship,165.0,26.0,27788.0,6200.0,6300 KW,16.4,15.0,3574.0,11114.5,12.0
2635,Oil tanker,244.0,42.0,57248.0,109989.0,,13.2,10.2,4814.2,19265.39,8.0
2636,Oil tanker,244.0,42.0,57248.0,109987.0,11484 KW,15.2,10.7,6626.22,19024.86,8.0
2638,General cargo ship,147.0,23.0,9931.0,10400.0,5032 KW,6.3,4.3,1666.0,5212.17,6.0
2639,Oil tanker,171.0,27.0,22184.0,35192.0,7143 KW,15.2,8.2,3894.0,7522.07,8.0
2640,Oil tanker,228.0,32.0,42010.0,73675.0,,13.7,9.9,544.1,1768.96,8.0
2641,LNG carrier,283.0,43.0,95824.0,78594.0,14817 KW,21.3,15.9,2487.67,40797.65,7.0
2643,Container ship,336.0,45.0,108069.0,111889.0,68520 KW,15.3,10.8,396.1,3332.35,4.0
2644,Container ship,336.0,45.0,108069.0,111737.0,68520 KW,18.5,13.6,2879.09,38585.15,4.0
2645,Container ship,336.0,45.0,108069.0,111737.0,,20.0,12.7,607.1,6578.73,4.0
2646,Container ship,336.0,45.0,108069.0,111737.0,68520 KW,20.0,13.9,3501.57,49798.82,4.0
2647,Container ship,210.0,30.0,27100.0,34496.0,20930 KW,10.1,9.1,423.6,2499.94,4.0
2648,Oil tanker,213.0,32.0,35711.0,61213.0,,12.7,7.9,523.0,2384.53,8.0
2649,General cargo ship,205.0,25.0,28301.0,18250.0,,18.8,15.1,3759.0,33068.47,6.0
2652,Oil tanker,144.0,23.0,11943.0,16607.0,,15.4,11.7,4434.82,9912.19,8.0
2653,Oil tanker,229.0,32.0,42048.0,73701.0,,16.9,13.2,1766.0,6358.95,8.0
2655,Oil tanker,183.0,32.0,28960.0,50922.0,,14.7,11.6,795.7,2709.14,8.0
2657,Container ship,238.0,32.0,36483.0,42822.0,,16.6,10.9,818.29,4891.62,4.0
2658,Container ship,238.0,32.0,36483.0,42806.0,,15.7,13.1,2067.42,18035.32,4.0
2660,Oil tanker,228.0,32.0,41994.0,73917.0,,15.5,11.9,1037.52,4799.3,8.0
2661,Oil tanker,228.0,32.0,41994.0,73911.0,11300 KW,13.1,11.9,1366.74,5303.79,8.0
2662,Bulk carrier,190.0,32.0,32474.0,53284.0,9480 KW,14.1,12.1,1232.67,3814.9,0.0
2663,Bulk carrier,189.0,32.0,32474.0,53308.0,9480 KW,14.0,12.3,238.4,1005.21,0.0
2666,Bulk carrier,189.0,32.0,31236.0,55921.0,,12.2,12.2,1372.6,5298.05,0.0
2668,LNG carrier,285.0,43.0,97496.0,84659.0,,14.7,13.8,3990.99,54357.46,7.0
2670,Container ship,350.0,42.0,109149.0,107498.0,,18.4,13.5,349.0,5798.03,4.0
2671,Chemical tanker,154.0,23.0,13769.0,19999.0,,11.9,10.7,2099.96,6551.77,1.0
2672,Chemical tanker,155.0,23.0,13798.0,19999.0,6400 KW,10.9,6.4,3917.38,10430.9,1.0
2673,Container ship,139.0,22.0,9981.0,11798.0,9600 KW,14.3,8.1,2949.4,7230.91,4.0
2675,Container ship,139.0,22.0,9981.0,11816.0,9600 KW,13.8,12.2,4200.3,9844.17,4.0
2676,Container ship,139.0,22.0,9981.0,11836.0,,13.5,12.3,3130.89,9156.76,4.0
2677,Container ship,139.0,22.0,9981.0,11827.0,9600 KW,18.1,17.0,2516.07,6256.56,4.0
2681,Oil tanker,243.0,42.0,58667.0,105047.0,,12.9,8.9,2336.33,12248.19,8.0
2689,Container ship,230.0,32.0,35975.0,42102.0,31920 KW,17.9,11.0,4463.94,36346.43,4.0
2690,Container ship,222.0,30.0,28592.0,39374.0,25270 KW,20.6,12.9,2637.3,13323.74,4.0
2691,Oil tanker,254.0,44.0,63619.0,114850.0,17896 KW,11.7,7.1,3621.4,12181.31,8.0
2692,Oil tanker,254.0,44.0,63619.0,114850.0,17897 KW,15.0,12.1,6144.4,20620.72,8.0
2693,Container ship,331.0,43.0,94489.0,114108.0,,16.8,14.1,786.4,5390.17,4.0
2695,Container ship,331.0,43.0,94489.0,114125.0,,19.3,9.9,2875.0,49740.9,4.0
2696,Container ship,331.0,43.0,94489.0,114106.0,,19.7,18.4,1361.3,26375.7,4.0
2697,Bulk carrier,229.0,36.0,46982.0,87036.0,,14.7,11.1,545.53,2052.88,0.0
2698,Chemical tanker,170.0,25.0,18733.0,32051.0,,18.1,14.2,932.48,2924.75,1.0
2699,General cargo ship,188.0,27.0,24960.0,35200.0,8720 KW,13.1,10.8,0.0,0.0,6.0
2700,Chemical tanker,182.0,32.0,27357.0,47197.0,9480 KW,14.1,11.3,73.0,236.57,1.0
2701,Chemical tanker,147.0,24.0,11986.0,19999.0,,20.0,13.1,1816.4,4941.36,1.0
2702,Bulk carrier,190.0,32.0,30369.0,51966.0,,14.6,13.5,670.7,2550.04,0.0
2703,Oil tanker,183.0,27.0,24048.0,38492.0,,16.4,9.2,3121.5,9535.45,8.0
2706,General cargo ship,143.0,21.0,9490.0,14889.0,4440 KW,13.7,11.1,1623.92,3215.14,6.0
2707,Bulk carrier,228.0,32.0,42898.0,82962.0,,19.8,10.4,626.2,2809.36,0.0
2708,Chemical tanker,124.0,18.0,7515.0,9189.0,,13.8,12.5,7189.57,10637.93,1.0
2709,Bulk carrier,224.0,32.0,39736.0,76633.0,,16.2,12.2,1492.17,5271.81,0.0
2712,Bulk carrier,228.0,32.0,42910.0,82922.0,,9.5,9.5,1190.0,5363.04,0.0
2713,Bulk carrier,228.0,32.0,42887.0,83002.0,9800 KW,14.4,11.1,932.22,2827.82,0.0
2714,Oil tanker,179.0,32.0,28823.0,48658.0,9480 KW,13.3,11.2,1550.05,4949.1,8.0
2716,Bulk carrier,177.0,28.0,19885.0,32555.0,,16.0,12.2,1012.0,2689.57,0.0
2717,Oil tanker,219.0,32.0,40803.0,74994.0,12409 KW,13.5,11.8,500.1,2689.34,8.0
2718,Oil tanker,179.0,32.0,28059.0,45838.0,9267 KW,14.8,10.8,1016.52,3068.89,8.0
2719,Chemical tanker,174.0,27.0,20059.0,33929.0,7980 KW,16.0,11.7,2466.45,6756.88,1.0
2722,Bulk carrier,225.0,32.0,40033.0,75880.0,,14.6,10.9,1337.3,4854.26,0.0
2723,Bulk carrier,228.0,32.0,43193.0,82595.0,14115 KW,9.8,9.8,2246.33,8690.82,0.0
2724,Bulk carrier,228.0,32.0,42887.0,83007.0,,13.6,11.7,974.0,4234.48,0.0
2725,Bulk carrier,228.0,32.0,42887.0,82936.0,,15.8,12.3,149.9,584.29,0.0
2726,Chemical tanker,145.0,23.0,11642.0,20762.0,,15.9,12.0,3148.0,6703.78,1.0
2727,Bulk carrier,175.0,29.0,19791.0,33505.0,,13.6,10.2,505.6,1630.28,0.0
2728,Bulk carrier,289.0,45.0,88906.0,176882.0,,13.7,10.1,2595.0,14921.49,0.0
2729,Bulk carrier,289.0,45.0,88491.0,177544.0,16860 KW,12.0,9.4,0.0,0.0,0.0
2731,Bulk carrier,189.0,32.0,31260.0,56023.0,8640 KW,12.8,10.1,1720.56,5247.18,0.0
2732,LNG carrier,288.0,43.0,98798.0,83961.0,,17.5,14.7,3937.3,33654.86,7.0
2733,LNG carrier,288.0,43.0,98798.0,83688.0,23757 KW,18.7,11.9,3222.7,29859.33,7.0
2734,LNG carrier,288.0,43.0,98798.0,83688.0,23772 KW,13.4,9.8,3194.3,29795.23,7.0
2735,Oil tanker,280.0,50.0,87146.0,162362.0,22028 KW,15.9,12.1,529.1,4223.81,8.0
2745,General cargo ship,112.0,23.0,10308.0,8870.0,,16.0,13.1,1441.08,4269.61,6.0
2746,Container ship,220.0,32.0,35881.0,42200.0,26636 KW,13.5,12.8,3123.1,20595.76,4.0
2747,General cargo ship,139.0,16.0,5684.0,6933.0,2240 KW,14.0,7.4,872.6,785.88,6.0
2748,Chemical tanker,144.0,23.0,11935.0,16642.0,6600 KW,13.0,10.1,3559.9,9337.32,1.0
2752,Oil tanker,274.0,50.0,84844.0,163759.0,18881 KW,14.7,9.7,1700.0,12253.71,8.0
2753,General cargo ship,138.0,21.0,9615.0,12711.0,5400 KW,15.0,11.1,1166.56,2294.03,6.0
2754,General cargo ship,138.0,21.0,9611.0,12791.0,5400 KW,11.8,8.8,2987.0,6115.7,6.0
2755,Container ship,134.0,21.0,7642.0,9137.0,7200 KW,13.4,11.9,4134.58,13178.85,4.0
2756,Container ship,134.0,21.0,7642.0,9146.0,7200 KW,16.9,14.4,4716.03,14754.98,4.0
2757,Container ship,134.0,21.0,7642.0,9137.0,,16.1,13.6,4607.57,14388.34,4.0
2759,Chemical tanker,115.0,18.0,5551.0,8907.0,3900 KW,11.7,10.5,4275.6,8671.39,1.0
2760,Container ship,207.0,29.0,25406.0,33868.0,21770 KW,17.6,12.6,648.2,4082.31,4.0
2764,Container ship,175.0,27.0,18327.0,23410.0,8562 KW,10.2,9.0,333.4,1670.2,4.0
2765,Container ship,338.0,45.0,97825.0,103310.0,,14.8,14.8,3218.1,43779.56,4.0
2766,Container ship,338.0,45.0,97825.0,103207.0,64033 KW,19.0,15.6,2614.1,40814.58,4.0
2767,Container ship,338.0,45.0,97825.0,103260.0,68666 KW,15.1,13.4,2443.66,35944.8,4.0
2768,Container ship,338.0,45.0,97825.0,103284.0,,22.1,18.3,3513.3,52817.42,4.0
2771,Oil tanker,243.0,42.0,57325.0,99999.0,13500 KW,15.5,11.0,874.0,3838.29,8.0
2772,Oil tanker,243.0,42.0,57325.0,99999.0,,13.3,7.6,649.51,2254.22,8.0
2774,Oil tanker,244.0,42.0,57248.0,109919.0,15424 KW,15.5,11.2,1809.5,9919.74,8.0
2779,Container ship,336.0,45.0,98799.0,99563.0,,18.5,16.3,2464.8,36134.94,4.0
2780,Container ship,336.0,45.0,98799.0,104525.0,65210 KW,19.0,14.5,2109.2,25982.77,4.0
2781,Container ship,336.0,45.0,98799.0,104525.0,65308 KW,17.9,15.1,2640.3,33804.06,4.0
2782,Container ship,336.0,45.0,99543.0,104525.0,,15.9,9.9,3192.7,40419.45,4.0
2783,Bulk carrier,189.0,32.0,30002.0,53489.0,,13.5,10.0,683.0,2866.5,0.0
2785,Container ship,169.0,27.0,16324.0,15952.0,12640 KW,14.7,13.5,3781.4,15623.85,4.0
2786,Container ship,169.0,27.0,16324.0,15952.0,12540 KW,15.9,9.4,3525.0,16734.13,4.0
2788,Container ship,169.0,27.0,16324.0,15956.0,12640 KW,15.2,13.9,4038.46,17375.26,4.0
2790,Bulk carrier,289.0,45.0,88955.0,174222.0,16860 KW,12.5,8.8,694.0,4561.21,0.0
2791,Oil tanker,164.0,27.0,19549.0,29006.0,11600 KW,6.8,6.8,1260.9,3892.87,8.0
2793,Oil tanker,164.0,27.0,19549.0,29006.0,7860 KW,14.1,12.3,704.1,2377.28,8.0
2794,Bulk carrier,189.0,32.0,30936.0,55447.0,,11.6,11.6,2050.0,8007.64,0.0
2795,Oil tanker,183.0,27.0,24242.0,35692.0,,11.4,11.4,2990.03,13651.34,8.0
2796,Container ship,293.0,32.0,48788.0,53634.0,,21.4,16.0,1398.3,15184.84,4.0
2797,Container ship,294.0,32.0,48853.0,53700.0,50000 KW,13.8,11.1,2744.82,22593.12,4.0
2799,Container ship,294.0,32.0,48788.0,53807.0,,19.6,14.4,2444.28,17004.61,4.0
2801,Bulk carrier,288.0,45.0,90398.0,180310.0,18630 KW,14.3,9.7,1242.9,7305.84,0.0
2805,Oil tanker,228.0,32.0,42531.0,73672.0,18420 KW,14.7,10.6,1396.6,5781.67,8.0
2806,Container ship,292.0,32.0,50686.0,61433.0,45780 KW,19.1,15.7,4898.5,51748.65,4.0
2807,General cargo ship,139.0,16.0,5166.0,6081.0,,8.4,5.7,736.55,409.41,6.0
2808,Chemical tanker,123.0,20.0,6868.0,12430.0,3640 KW,14.4,12.1,4514.0,8668.02,1.0
2809,Chemical tanker,118.0,18.0,5986.0,9456.0,,13.6,13.0,4790.02,10123.54,1.0
2810,Chemical tanker,118.0,18.0,5955.0,8571.0,4440 KW,14.5,10.2,5330.0,8768.41,1.0
2811,Oil tanker,182.0,27.0,23240.0,37311.0,18000 KW,14.1,13.4,4137.1,11348.63,8.0
2814,Oil tanker,182.0,27.0,23240.0,37289.0,9480 KW,13.7,11.3,6318.02,14115.9,8.0
2815,Oil tanker,182.0,27.0,23315.0,37258.0,8044 KW,15.7,11.7,3249.15,11780.28,8.0
2817,Oil tanker,182.0,27.0,23315.0,37312.0,9480 KW,16.5,13.9,4066.9,15543.95,8.0
2819,Oil tanker,182.0,27.0,23325.0,39378.0,,15.7,10.4,3574.37,11909.64,8.0
2820,Oil tanker,182.0,27.0,23325.0,39378.0,11084 KW,6.6,5.2,3330.62,11079.76,8.0
2821,Oil tanker,183.0,32.0,29348.0,46700.0,,5.6,5.6,1297.14,7969.1,8.0
2822,Container ship,222.0,30.0,28927.0,39418.0,,18.9,17.7,1468.27,7106.7,4.0
2825,Container ship,149.0,22.0,11662.0,13713.0,8400 KW,12.2,10.1,3778.6,12302.74,4.0
2826,Container ship,134.0,22.0,9981.0,11424.0,8399 KW,10.5,7.9,2666.7,7505.71,4.0
2827,Chemical tanker,183.0,32.0,30068.0,51213.0,12900 KW,13.8,11.8,4393.78,14816.91,1.0
2828,Oil tanker,274.0,50.0,85421.0,163216.0,,11.3,3.6,4689.2,22995.85,8.0
2829,Oil tanker,274.0,50.0,85421.0,163216.0,,7.6,7.6,3973.68,20109.13,8.0
2830,Container ship,318.0,40.0,80503.0,85250.0,,18.0,17.6,3443.15,45934.39,4.0
2831,Container ship,318.0,40.0,80503.0,85250.0,,21.3,15.4,3574.52,46113.77,4.0
2832,Container ship,306.0,40.0,79702.0,85250.0,62944 KW,22.9,13.4,4195.4,49080.61,4.0
2833,Container ship,318.0,40.0,79702.0,85250.0,,19.9,14.6,4097.8,47297.51,4.0
2834,Container ship,306.0,40.0,79702.0,85250.0,62920 KW,18.8,14.2,2482.7,29969.52,4.0
2835,Container ship,318.0,40.0,79702.0,87608.0,62920 KW,14.5,9.1,4474.82,46479.62,4.0
2837,Container ship,185.0,23.0,18825.0,27780.0,7860 KW,14.6,12.1,1518.3,4513.7,4.0
2838,Bulk carrier,185.0,23.0,18825.0,27740.0,7860 KW,17.1,11.2,2710.0,6721.2,0.0
2839,Oil tanker,274.0,48.0,83469.0,158706.0,,15.4,10.5,2446.0,17861.39,8.0
2842,Oil tanker,185.0,32.0,29348.0,46702.0,,13.4,7.0,4673.15,14480.57,8.0
2843,Chemical tanker,183.0,32.0,29348.0,46700.0,,13.0,11.6,3698.7,11894.37,1.0
2844,Oil tanker,182.0,27.0,23325.0,39378.0,,14.0,11.6,4331.13,14972.92,8.0
2845,Oil tanker,182.0,27.0,23325.0,39378.0,,14.3,10.8,2142.65,7533.94,8.0
2846,Container ship,222.0,30.0,28592.0,39426.0,25270 KW,16.8,14.5,224.6,1979.59,4.0
2847,Container ship,222.0,30.0,28592.0,39000.0,,9.3,9.3,739.1,10883.49,4.0
2848,Container ship,222.0,30.0,28592.0,39382.0,25270 KW,20.3,9.5,2381.4,12938.59,4.0
2849,Chemical tanker,184.0,32.0,27916.0,47781.0,,15.5,12.0,1932.3,8146.47,1.0
2851,Bulk carrier,225.0,32.0,40042.0,76741.0,,15.2,10.6,1431.32,3867.83,0.0
2852,Container ship,147.0,23.0,9957.0,13710.0,9730 KW,14.2,13.3,426.3,1219.41,4.0
2853,General cargo ship,147.0,23.0,9957.0,13715.0,9730 KW,10.8,10.3,3249.9,8839.81,6.0
2854,Oil tanker,280.0,50.0,87146.0,163545.0,21770 KW,17.1,11.3,1353.38,7232.46,8.0
2856,Bulk carrier,189.0,32.0,31069.0,55435.0,,15.7,13.5,1893.0,6259.36,0.0
2857,Bulk carrier,189.0,32.0,31069.0,55407.0,,15.8,12.7,718.7,2311.12,0.0
2858,Bulk carrier,189.0,32.0,31264.0,55317.0,,12.8,8.5,1813.6,6689.8,0.0
2859,Oil tanker,228.0,32.0,42167.0,73870.0,11300 KW,9.1,9.1,414.41,2517.62,8.0
2860,Ro-ro ship,147.0,26.0,23498.0,7750.0,,16.9,11.2,6119.86,21755.97,12.0
2861,Ro-ro ship,147.0,26.0,23498.0,7750.0,,16.7,14.9,5564.64,23552.88,12.0
2862,Ro-ro ship,147.0,25.0,23498.0,7788.0,9170 KW,18.2,13.4,5539.49,21985.65,12.0
2863,Ro-ro ship,148.0,25.0,23498.0,8100.0,9340 KW,18.7,14.1,5889.88,20236.07,12.0
2864,Oil tanker,121.0,19.0,7064.0,10813.0,4489 KW,14.6,12.2,2534.8,4150.29,8.0
2866,Chemical tanker,176.0,31.0,25400.0,39999.0,,13.4,11.7,1707.42,5892.26,1.0
2868,Bulk carrier,225.0,32.0,38849.0,75756.0,,15.0,11.3,359.0,1692.89,0.0
2869,Bulk carrier,225.0,32.0,38887.0,75698.0,,13.7,12.0,0.0,0.0,0.0
2870,Bulk carrier,225.0,32.0,38893.0,75674.0,,12.6,10.3,2481.8,6431.75,0.0
2871,Bulk carrier,170.0,27.0,17958.0,29858.0,,13.4,10.6,502.0,944.42,0.0
2873,Bulk carrier,189.0,32.0,30057.0,52454.0,,12.9,10.3,229.2,791.81,0.0
2875,Bulk carrier,189.0,32.0,30046.0,52454.0,,13.5,10.8,1224.2,4198.76,0.0
2877,Gas carrier,289.0,49.0,118608.0,77282.0,,16.1,11.3,656.4,10570.06,5.0
2878,Bulk carrier,189.0,32.0,31385.0,54881.0,,14.8,10.7,1017.2,3537.79,0.0
2879,Bulk carrier,189.0,32.0,31385.0,54881.0,,16.1,10.5,861.3,3280.39,0.0
2880,Bulk carrier,189.0,32.0,31385.0,54881.0,,14.3,9.3,782.6,2523.27,0.0
2881,General cargo ship,199.0,30.0,29758.0,46627.0,,10.5,9.8,529.8,1797.6,6.0
2882,General cargo ship,199.0,30.0,29758.0,46618.0,,13.0,9.6,2617.2,9984.51,6.0
2884,Bulk carrier,225.0,32.0,40017.0,77171.0,,13.0,9.3,3797.79,13014.47,0.0
2886,Bulk carrier,189.0,32.0,30678.0,55381.0,8202 KW,14.9,11.8,296.91,1333.3,0.0
2887,General cargo ship,177.0,28.0,22698.0,37000.0,7080 KW,12.6,11.9,575.25,1390.67,6.0
2888,General cargo ship,177.0,28.0,22698.0,37534.0,7080 KW,13.6,11.4,1527.96,4618.96,6.0
2890,Bulk carrier,175.0,29.0,19781.0,33562.0,6839 KW,12.2,10.2,2700.1,6062.92,0.0
2891,Bulk carrier,175.0,29.0,19789.0,31896.0,,14.0,9.8,1463.95,3879.5,0.0
2892,General cargo ship,120.0,16.0,5057.0,7763.0,3840 KW,13.4,11.4,5344.55,7380.95,6.0
2893,Bulk carrier,229.0,37.0,47051.0,87144.0,,12.9,11.1,2389.0,9184.56,0.0
2894,Chemical tanker,170.0,25.0,18734.0,32046.0,,15.6,12.1,847.4,2469.73,1.0
2895,Chemical tanker,170.0,25.0,18760.0,32044.0,8093 KW,17.7,13.5,2653.09,7982.91,1.0
2896,Chemical tanker,170.0,25.0,18429.0,30086.0,,7.0,6.6,1708.68,6912.82,1.0
2899,Oil tanker,249.0,44.0,67032.0,116779.0,15807 KW,13.8,11.7,4150.7,12961.17,8.0
2900,Container ship,294.0,32.0,54309.0,65930.0,,21.3,13.0,3664.14,37183.57,4.0
2901,Oil tanker,183.0,32.0,28960.0,50921.0,,13.1,10.2,4802.6,12996.31,8.0
2905,Container ship,334.0,42.0,91649.0,100680.0,68640 KW,19.4,13.2,3132.5,39410.12,4.0
2906,Oil tanker,274.0,48.0,81339.0,159233.0,16762 KW,15.1,9.2,1080.42,5061.39,8.0
2908,Oil tanker,274.0,48.0,81339.0,159233.0,,16.2,12.4,2845.1,10586.32,8.0
2909,Container ship,294.0,32.0,54309.0,65954.0,57866 KW,16.2,14.8,1685.97,16015.88,4.0
2910,Oil tanker,274.0,50.0,84796.0,167295.0,18881 KW,13.6,9.6,800.0,3428.04,8.0
2911,Oil tanker,274.0,50.0,84796.0,167282.0,,7.8,7.0,2066.0,12825.65,8.0
2913,Container ship,260.0,32.0,39906.0,50689.0,36560 KW,18.5,12.9,1653.2,15767.3,4.0
2914,Container ship,260.0,32.0,39906.0,50532.0,36560 KW,17.6,12.1,93.1,868.96,4.0
2915,Chemical tanker,129.0,19.0,7636.0,11249.0,4320 KW,11.1,11.1,4853.16,8456.24,1.0
2916,Gas carrier,174.0,28.0,22901.0,26500.0,,18.5,16.0,4109.3,19321.98,5.0
2917,Ro-pax ship,186.0,29.0,35923.0,6874.0,30400 KW,19.6,18.9,5936.8,50742.31,11.0
2918,Bulk carrier,225.0,32.0,40488.0,74405.0,,15.0,11.8,622.0,2899.39,0.0
2924,Oil tanker,281.0,48.0,84315.0,166300.0,,14.9,11.2,1363.0,8038.98,8.0
2925,Chemical tanker,182.0,32.0,27357.0,46941.0,,16.3,12.9,640.0,2649.22,1.0
2926,Chemical tanker,182.0,32.0,27357.0,46941.0,,16.4,12.6,1306.9,3740.96,1.0
2927,Oil tanker,144.0,23.0,11935.0,16596.0,6300 KW,11.9,7.7,4341.64,7649.8,8.0
2928,Bulk carrier,225.0,32.0,40224.0,73593.0,,12.5,9.9,1328.9,5259.84,0.0
2930,Container ship,140.0,22.0,9701.0,11023.0,7900 KW,12.9,11.7,4546.92,10126.34,4.0
2931,General cargo ship,119.0,20.0,7002.0,7920.0,6300 KW,17.9,13.7,1966.0,3856.82,6.0
2932,General cargo ship,115.0,16.0,5232.0,6419.0,3840 KW,10.9,10.7,4000.47,5744.32,6.0
2933,General cargo ship,159.0,24.0,16690.0,21353.0,9672 KW,15.5,11.6,3890.5,7078.3,6.0
2934,Container ship,172.0,27.0,16488.0,22027.0,,17.0,15.7,1806.4,5427.7,4.0
2935,LNG carrier,289.0,44.0,101094.0,79556.0,,7.2,7.2,1053.82,20249.93,7.0
2936,Ro-pax ship,218.0,30.0,45923.0,9653.0,,22.0,20.5,6851.0,103054.98,11.0
2938,Ro-pax ship,218.0,30.0,45923.0,9653.0,,22.7,21.2,6794.0,103117.95,11.0
2939,Chemical tanker,170.0,25.0,18427.0,30058.0,,14.2,12.1,2410.32,9647.89,1.0
2940,General cargo ship,147.0,23.0,9910.0,13950.0,9600 KW,7.6,7.6,3925.6,11645.91,6.0
2941,Container ship,139.0,22.0,9981.0,11842.0,9600 KW,19.9,12.3,3627.88,9217.49,4.0
2943,Oil tanker,244.0,42.0,61724.0,109647.0,,14.3,10.1,2604.2,15432.77,8.0
2944,Oil tanker,245.0,42.0,61724.0,109672.0,,17.9,11.8,1478.2,6489.37,8.0
2947,Container ship,139.0,19.0,6901.0,9193.0,7200 KW,14.9,11.7,4953.02,12322.14,4.0
2950,Container ship,207.0,29.0,25406.0,33813.0,22100 KW,18.9,9.9,1284.3,6172.17,4.0
2951,Container ship,221.0,29.0,27971.0,37938.0,16234 KW,19.4,15.9,3273.07,14961.71,4.0
2952,Oil tanker,129.0,19.0,7636.0,11283.0,7636 KW,13.9,12.1,4418.08,8461.19,8.0
2953,LNG carrier,289.0,43.0,97741.0,86389.0,,18.3,14.2,788.1,6028.0,7.0
2954,Passenger ship,293.0,32.0,92409.0,10000.0,,15.6,14.5,570.3,25824.98,9.0
2955,Passenger ship,293.0,32.0,92409.0,10000.0,58000 KW,18.3,15.4,4220.24,61829.56,9.0
2956,Ro-pax ship,142.0,24.0,18940.0,3608.0,,22.8,18.6,4894.25,25433.26,11.0
2957,Ro-pax ship,142.0,24.0,18940.0,2900.0,,19.3,17.8,3716.2,19253.89,11.0
2958,Container ship,366.0,42.0,98648.0,115700.0,68658 KW,9.8,9.8,155.97,1972.11,4.0
2959,Container ship,366.0,42.0,98648.0,126453.0,,22.4,19.0,1193.03,16152.54,4.0
2960,Bulk carrier,178.0,28.0,19918.0,30618.0,6480 KW,13.2,10.3,1187.22,2932.36,0.0
2961,LNG carrier,277.0,43.0,97491.0,84823.0,,15.7,15.7,706.87,10150.36,7.0
2962,LNG carrier,285.0,43.0,97496.0,84863.0,,15.5,14.4,2665.13,39310.66,7.0
2963,Container ship,283.0,40.0,62702.0,79403.0,48000 KW,12.9,12.9,4930.03,55296.94,4.0
2964,Container ship,275.0,32.0,50963.0,59587.0,,16.4,13.2,3606.1,32193.57,4.0
2966,Container ship,274.0,32.0,50963.0,63411.0,,20.3,19.1,4516.8,42395.96,4.0
2967,Container ship,282.0,39.0,62702.0,79403.0,39970 KW,17.9,15.5,5124.5,64619.16,4.0
2968,Container ship,274.0,32.0,50963.0,63427.0,39352 KW,15.3,9.1,2980.0,28264.54,4.0
2970,General cargo ship,146.0,18.0,7767.0,10585.0,4320 KW,17.2,12.8,2364.3,4836.79,6.0
2971,General cargo ship,146.0,18.0,7767.0,10609.0,4320 KW,11.9,11.9,3328.8,6609.05,6.0
2972,Ro-ro ship,229.0,26.0,37939.0,15990.0,,19.4,16.1,5491.58,47642.01,12.0
2973,Container ship,335.0,42.0,93750.0,103681.0,,20.1,12.7,1508.8,15942.03,4.0
2974,Container ship,335.0,42.0,93750.0,103800.0,,20.6,15.9,1751.8,18713.82,4.0
2976,Gas carrier,156.0,25.0,16938.0,19392.0,,12.3,11.9,1265.57,4956.09,5.0
2977,Bulk carrier,189.0,32.0,31091.0,54243.0,,13.0,10.9,1458.22,5854.8,0.0
2978,Bulk carrier,189.0,32.0,31091.0,53820.0,,14.9,12.2,1616.6,5612.85,0.0
2979,General cargo ship,145.0,18.0,7767.0,10574.0,4320 KW,16.9,12.8,3351.0,6971.51,6.0
2980,General cargo ship,146.0,18.0,7767.0,10567.0,4320 KW,13.3,12.0,3621.2,7362.57,6.0
2981,Oil tanker,228.0,32.0,40964.0,74995.0,12240 KW,16.4,12.1,1667.88,7138.3,8.0
2982,Oil tanker,228.0,32.0,40964.0,74998.0,,15.3,8.9,2094.03,4128.5,8.0
2983,Oil tanker,113.0,18.0,5573.0,8057.0,,13.3,10.5,3360.9,5871.53,8.0
2985,Chemical tanker,113.0,18.0,5573.0,8036.0,,13.9,10.1,1945.44,3526.47,1.0
2986,Chemical tanker,113.0,18.0,5573.0,8102.0,,12.9,8.9,3131.75,5214.56,1.0
2987,Container ship,215.0,29.0,27915.0,38133.0,21700 KW,17.3,12.7,2709.83,11389.78,4.0
2988,Container ship,397.0,56.0,171542.0,174239.0,68068 KW,22.8,17.8,1522.27,12450.16,4.0
2990,Container ship,398.0,56.0,171542.0,174239.0,,18.3,16.1,1219.0,12369.05,4.0
2991,Container ship,398.0,56.0,171542.0,174239.0,99439 KW,21.5,18.2,1485.43,12125.52,4.0
2992,Container ship,397.0,56.0,171542.0,174239.0,80080 KW,21.7,17.1,1130.35,13650.17,4.0
2993,Container ship,398.0,56.0,171542.0,174239.0,,22.8,18.2,1051.63,13777.65,4.0
2994,Container ship,397.0,56.0,171542.0,158200.0,,17.2,12.7,1341.42,13012.83,4.0
2995,Container ship,398.0,56.0,171542.0,174239.0,,22.1,17.4,734.8,7311.31,4.0
2996,Oil tanker,228.0,32.0,41096.0,74999.0,12240 KW,15.4,10.9,1465.0,4634.45,8.0
2997,Chemical tanker,124.0,18.0,7515.0,9181.0,,14.8,12.1,4781.12,7904.68,1.0
3003,LNG carrier,283.0,43.0,96508.0,77803.0,,14.4,12.5,3612.6,53210.17,7.0
3004,LNG carrier,283.0,43.0,95753.0,79084.0,,17.5,14.8,2687.68,35874.81,7.0
3005,LNG carrier,283.0,43.0,95753.0,79006.0,29052 KW,20.0,16.2,4151.52,58208.1,7.0
3007,Chemical tanker,159.0,27.0,16232.0,26180.0,,13.5,8.9,1937.42,6266.5,1.0
3008,Chemical tanker,159.0,27.0,16232.0,26151.0,,14.5,11.1,1931.78,5420.72,1.0
3010,Bulk carrier,225.0,32.0,40914.0,75527.0,11060 KW,15.1,12.4,368.4,1566.95,0.0
3012,Chemical tanker,128.0,20.0,8539.0,13040.0,5050 KW,14.0,13.0,2426.32,6116.95,1.0
3014,Oil tanker,332.0,58.0,157844.0,306543.0,38004 KW,15.6,11.5,1373.4,13357.27,8.0
3015,Container ship,260.0,32.0,39906.0,50629.0,49148 KW,21.3,16.2,4094.1,38095.33,4.0
3016,Container ship,260.0,32.0,39906.0,50532.0,,21.9,13.4,4103.0,41063.98,4.0
3017,Container ship,261.0,32.0,39906.0,50532.0,48990 KW,12.0,12.0,4044.61,39144.86,4.0
3018,Chemical tanker,186.0,32.0,29654.0,48356.0,9871 KW,14.4,10.2,984.91,3624.93,1.0
3019,Ro-ro ship,193.0,26.0,29004.0,9481.0,,20.9,18.0,6895.42,48605.74,12.0
3020,Ro-ro ship,193.0,26.0,29060.0,11636.0,7330 KW,21.6,18.7,7079.0,44856.83,12.0
3022,Container ship,222.0,32.0,35573.0,44133.0,28800 KW,18.1,12.8,0.0,0.0,4.0
3023,Container ship,222.0,32.0,35573.0,44165.0,28800 KW,22.1,15.1,0.0,0.0,4.0
3025,Container ship,140.0,21.0,7852.0,9322.0,8400 KW,16.4,11.4,5046.0,15069.55,4.0
3026,Container ship,140.0,21.0,7852.0,9500.0,,16.6,14.9,4380.88,15015.1,4.0
3027,Container ship,140.0,21.0,7852.0,9340.0,8400 KW,16.9,13.5,4372.0,12681.67,4.0
3028,Gas carrier,230.0,36.0,46272.0,49772.0,12360 KW,15.2,11.7,985.28,6511.7,5.0
3031,Oil tanker,144.0,23.0,12105.0,16511.0,6300 KW,14.2,10.9,3668.4,8824.96,8.0
3032,Bulk carrier,169.0,27.0,16980.0,28556.0,,3.4,3.4,584.88,1225.63,0.0
3033,Bulk carrier,189.0,32.0,30002.0,53474.0,9480 KW,14.8,12.2,1158.5,1111.04,0.0
3034,LNG carrier,285.0,43.0,97874.0,82030.0,,17.8,15.0,2377.65,27052.51,7.0
3035,LNG carrier,285.0,43.0,97874.0,81997.0,,16.2,11.3,5239.22,54578.87,7.0
3036,Container ship,126.0,20.0,7578.0,8546.0,7200 KW,12.2,11.3,1475.0,2490.75,4.0
3037,Chemical tanker,175.0,31.0,25400.0,40045.0,,9.2,9.2,3301.72,9962.78,1.0
3038,Chemical tanker,176.0,31.0,25467.0,40119.0,,13.4,11.6,4380.8,14203.15,1.0
3040,Chemical tanker,145.0,23.0,11638.0,20811.0,,12.5,10.9,1879.6,1843.67,1.0
3044,Chemical tanker,195.0,32.0,30641.0,52660.0,9650 KW,14.6,12.3,2082.52,7097.85,1.0
3045,Chemical tanker,195.0,32.0,30641.0,52642.0,9650 KW,13.8,10.1,1511.35,4657.46,1.0
3046,Chemical tanker,195.0,32.0,30641.0,52684.0,9650 KW,14.1,10.4,4461.25,13920.61,1.0
3047,Chemical tanker,195.0,32.0,30641.0,52648.0,9620 KW,17.4,12.3,3027.5,10094.57,1.0
3048,Chemical tanker,195.0,32.0,30641.0,52650.0,9650 KW,14.7,12.6,1275.9,4705.97,1.0
3049,Chemical tanker,195.0,32.0,30641.0,52620.0,9600 KW,15.3,12.5,1807.6,5964.32,1.0
3050,Chemical tanker,196.0,32.0,30641.0,52606.0,10000 KW,14.4,11.0,2415.35,8604.45,1.0
3051,Container ship,140.0,21.0,7852.0,9342.0,8400 KW,20.8,15.6,3609.73,11344.06,4.0
3052,Container ship,140.0,21.0,7852.0,9340.0,8400 KW,20.8,16.2,4300.0,16295.87,4.0
3054,Container ship,176.0,27.0,18480.0,23735.0,18800 KW,17.6,16.1,4691.6,19729.59,4.0
3055,Bulk carrier,189.0,32.0,30962.0,55589.0,,15.2,11.5,2362.1,8214.16,0.0
3056,Chemical tanker,176.0,31.0,25400.0,40165.0,,14.9,12.0,2283.07,6179.74,1.0
3058,Bulk carrier,178.0,28.0,19891.0,30193.0,,15.7,7.8,652.0,1860.76,0.0
3059,Bulk carrier,178.0,28.0,19891.0,30197.0,,14.4,10.5,1491.1,4598.8,0.0
3060,LNG carrier,288.0,44.0,100244.0,85513.0,,17.7,13.0,0.0,0.0,7.0
3061,Ro-pax ship,129.0,23.0,14551.0,5142.0,8640 KW,18.8,17.2,4789.36,17747.3,11.0
3062,Oil tanker,144.0,23.0,12105.0,16631.0,6300 KW,13.3,12.6,4157.83,9276.75,8.0
3063,Oil tanker,122.0,19.0,7998.0,12412.0,,15.4,13.0,2504.7,6848.39,8.0
3064,Bulk carrier,229.0,37.0,47051.0,87144.0,,9.4,8.8,1868.82,7139.72,0.0
3065,Bulk carrier,190.0,32.0,31532.0,56678.0,,11.1,11.1,564.0,1645.98,0.0
3066,Bulk carrier,229.0,36.0,47100.0,86949.0,,14.6,11.6,2557.0,10659.3,0.0
3067,Oil tanker,213.0,32.0,35711.0,61284.0,10010 KW,14.6,12.1,111.2,374.7,8.0
3069,Bulk carrier,189.0,32.0,31199.0,56010.0,,12.8,10.6,420.0,1498.32,0.0
3071,Container ship,154.0,25.0,14308.0,16393.0,,17.0,15.1,2126.29,7924.96,4.0
3073,LNG carrier,288.0,44.0,100253.0,85602.0,,19.0,13.4,701.6,12793.21,7.0
3075,Oil tanker,228.0,32.0,43797.0,76604.0,,13.3,11.5,818.9,2947.91,8.0
3076,Oil tanker,228.0,32.0,43797.0,76574.0,12240 KW,13.4,12.1,1452.0,5104.99,8.0
3078,Gas carrier,220.0,35.0,52855.0,39520.0,13500 KW,15.4,13.5,3729.91,52879.41,5.0
3079,Gas carrier,219.0,35.0,52855.0,39483.0,13500 KW,16.1,12.4,3357.92,48481.94,5.0
3080,LNG carrier,285.0,43.0,97496.0,84554.0,24600 KW,14.6,12.8,2761.2,43389.26,7.0
3081,Ro-ro ship,203.0,31.0,49166.0,17023.0,21600 KW,19.4,13.8,3708.63,21901.49,12.0
3082,Bulk carrier,189.0,32.0,30046.0,52346.0,5850 KW,15.1,10.5,1280.4,3275.22,0.0
3084,General cargo ship,139.0,16.0,5684.0,6970.0,2240 KW,9.8,6.6,695.55,619.65,6.0
3085,Container ship,260.0,32.0,39906.0,50629.0,,9.5,9.5,4867.84,37101.9,4.0
3086,Container ship,260.0,32.0,39906.0,50538.0,,20.3,17.7,4502.73,36573.71,4.0
3087,General cargo ship,147.0,23.0,9957.0,13760.0,,15.8,12.7,3768.0,10529.16,6.0
3088,Bulk carrier,288.0,45.0,90085.0,180265.0,,14.9,11.9,733.3,4778.73,0.0
3091,Bulk carrier,224.0,32.0,39736.0,76620.0,10540 KW,16.5,11.4,680.16,2354.68,0.0
3093,Bulk carrier,170.0,27.0,17979.0,29671.0,,13.1,10.1,1498.7,3065.88,0.0
3097,Bulk carrier,327.0,55.0,150918.0,297541.0,,16.2,10.8,5975.9,41224.46,0.0
3098,Oil tanker,179.0,32.0,28799.0,47999.0,,15.3,12.0,1153.0,3754.89,8.0
3099,Bulk carrier,189.0,32.0,30001.0,53464.0,,13.9,11.6,444.8,1630.49,0.0
3100,Container ship,199.0,32.0,27191.0,33355.0,21735 KW,17.3,13.2,2319.75,11111.74,4.0
3102,LNG carrier,288.0,43.0,99106.0,90617.0,,14.2,12.2,1752.25,26409.42,7.0
3103,LNG carrier,288.0,43.0,99106.0,90617.0,,17.9,13.3,3289.5,54725.52,7.0
3104,LNG carrier,288.0,43.0,99106.0,90617.0,,15.0,13.7,4807.72,87995.29,7.0
3105,Oil tanker,179.0,32.0,28059.0,45822.0,,14.0,12.5,4555.1,12308.29,8.0
3107,Chemical tanker,174.0,27.0,20117.0,33849.0,,13.0,10.2,499.1,2125.16,1.0
3108,Oil tanker,253.0,44.0,63448.0,115091.0,,10.5,7.0,3821.15,14517.1,8.0
3110,Bulk carrier,139.0,25.0,11751.0,18830.0,,14.3,11.3,4321.75,7728.84,0.0
3111,Bulk carrier,139.0,25.0,11681.0,18849.0,5150 KW,14.2,11.7,378.92,880.18,0.0
3112,Bulk carrier,254.0,43.0,58135.0,105500.0,,12.6,9.6,1774.7,7938.22,0.0
3113,General cargo ship,147.0,22.0,12899.0,18500.0,6000 KW,11.1,10.7,3239.34,7244.22,6.0
3114,Chemical tanker,182.0,32.0,29683.0,51371.0,,14.0,8.7,0.0,0.0,1.0
3115,Chemical tanker,182.0,32.0,29683.0,51371.0,15050 KW,15.3,11.0,0.0,0.0,1.0
3116,Oil tanker,175.0,31.0,25382.0,40083.0,,12.6,12.5,171.2,639.9,8.0
3118,Gas carrier,277.0,43.0,93915.0,77541.0,,21.1,14.0,3812.0,56311.08,5.0
3119,Chemical tanker,128.0,20.0,8503.0,13116.0,,13.9,11.7,3696.0,8006.75,1.0
3120,Oil tanker,274.0,48.0,81084.0,158738.0,,16.2,11.2,4491.2,25431.16,8.0
3121,Container ship,210.0,30.0,26836.0,34248.0,21560 KW,10.2,10.2,2876.18,19115.97,4.0
3122,Container ship,210.0,30.0,26836.0,34253.0,16077 KW,19.9,12.8,2293.1,13882.28,4.0
3127,Container ship,134.0,22.0,9962.0,11416.0,8400 KW,15.9,13.6,5781.9,16848.9,4.0
3128,Container ship,134.0,22.0,9962.0,11404.0,8399 KW,3.6,3.3,5994.68,17876.04,4.0
3129,Container ship,134.0,23.0,9990.0,11209.0,7950 KW,18.4,14.1,4932.71,18304.33,4.0
3132,Container ship,134.0,22.0,9990.0,11206.0,10000 KW,15.5,14.3,4522.52,15127.21,4.0
3134,Oil tanker,228.0,32.0,42048.0,73711.0,,11.5,5.8,1691.95,7254.12,8.0
3135,Oil tanker,228.0,32.0,42048.0,73711.0,,15.9,12.7,1982.0,7200.46,8.0
3136,Chemical tanker,126.0,19.0,7903.0,11340.0,5400 KW,13.4,12.4,4012.0,9845.62,1.0
3137,Chemical tanker,126.0,19.0,7903.0,11340.0,5400 KW,12.3,12.3,3889.0,10589.42,1.0
3139,Chemical tanker,168.0,26.0,16913.0,24025.0,7000 KW,13.4,12.5,1726.9,3498.11,1.0
3140,General cargo ship,119.0,15.0,5057.0,7750.0,3840 KW,14.1,10.9,2189.33,3226.94,6.0
3141,Oil tanker,183.0,27.0,23337.0,37067.0,12792 KW,14.6,11.3,4150.0,12201.53,8.0
3143,Oil tanker,183.0,27.0,23337.0,37039.0,11060 KW,15.3,12.0,4267.3,9044.04,8.0
3144,Chemical tanker,181.0,27.0,23337.0,37048.0,11066 KW,7.6,7.6,3368.2,11286.6,1.0
3145,Chemical tanker,183.0,27.0,23337.0,37100.0,11060 KW,16.5,10.6,5128.2,12796.91,1.0
3149,Oil tanker,183.0,32.0,27916.0,47872.0,7952 KW,14.1,12.3,1991.78,11597.47,8.0
3150,Chemical tanker,184.0,32.0,27916.0,47782.0,,14.0,12.3,1727.0,6339.45,1.0
3152,Chemical tanker,129.0,22.0,9416.0,12497.0,5400 KW,12.3,10.2,4451.2,8617.86,1.0
3153,General cargo ship,147.0,23.0,9957.0,13734.0,,15.8,13.9,5297.0,18237.08,6.0
3154,General cargo ship,147.0,23.0,9957.0,13733.0,9730 KW,13.4,12.5,2244.6,7053.83,6.0
3156,Ro-pax ship,122.0,16.0,6554.0,579.0,,24.8,18.6,429.0,5325.17,11.0
3158,Container ship,140.0,21.0,7852.0,9500.0,8400 KW,13.6,12.8,3932.0,15073.25,4.0
3159,Container ship,140.0,22.0,7852.0,9344.0,8400 KW,18.1,11.7,4574.0,16819.03,4.0
3160,Container ship,140.0,21.0,7852.0,9312.0,8400 KW,16.1,14.1,4623.0,17015.12,4.0
3165,Container ship,230.0,32.0,35991.0,42201.0,31990 KW,12.3,11.7,2187.4,11989.44,4.0
3166,Bulk carrier,190.0,32.0,32474.0,53565.0,,12.9,10.0,2538.2,8230.12,0.0
3167,Bulk carrier,190.0,32.0,32474.0,53565.0,9480 KW,11.7,10.5,1451.3,5495.79,0.0
3168,Bulk carrier,224.0,32.0,39643.0,75397.0,12590 KW,13.5,11.3,1483.08,5389.53,0.0
3169,Container ship,139.0,19.0,6901.0,9218.0,,17.6,14.3,5091.94,12668.0,4.0
3170,Container ship,154.0,24.0,14072.0,18457.0,,14.6,11.6,5280.0,23080.47,4.0
3171,Container ship,154.0,24.0,14072.0,18530.0,,17.5,15.9,5198.0,21428.78,4.0
3173,Bulk carrier,189.0,32.0,31242.0,56024.0,,13.4,8.6,1130.88,3844.28,0.0
3175,Bulk carrier,228.0,32.0,43189.0,82209.0,,13.7,10.7,962.0,4320.61,0.0
3176,Chemical tanker,148.0,11.0,10810.0,15602.0,,12.1,9.3,1722.58,5155.71,1.0
3177,Oil tanker,116.0,20.0,7687.0,11298.0,,12.9,11.7,3685.58,6196.03,8.0
3178,Oil tanker,241.0,42.0,56347.0,105865.0,,20.8,11.0,2972.0,18823.25,8.0
3179,Bulk carrier,177.0,28.0,22698.0,37426.0,,14.5,10.9,3057.8,8243.68,0.0
3182,Container ship,259.0,32.0,40168.0,50554.0,31076 KW,18.2,12.2,5627.5,41325.89,4.0
3183,Container ship,129.0,20.0,7464.0,8262.0,7200 KW,14.3,13.4,2772.0,5856.75,4.0
3184,Chemical tanker,176.0,31.0,25467.0,40149.0,,15.9,11.8,3892.39,15544.88,1.0
3185,Chemical tanker,176.0,31.0,25467.0,40119.0,9480 KW,16.2,12.0,235.5,1208.74,1.0
3186,Bulk carrier,289.0,45.0,88484.0,177456.0,,13.7,11.7,0.0,0.0,0.0
3189,Container ship,332.0,43.0,94322.0,108448.0,68510 KW,11.8,11.8,3201.2,38226.44,4.0
3194,Bulk carrier,224.0,32.0,40689.0,77075.0,9930 KW,15.1,10.8,876.0,3582.08,0.0
3196,Oil tanker,228.0,32.0,41966.0,73869.0,11300 KW,14.4,12.2,1603.5,6003.7,8.0
3197,Chemical tanker,134.0,20.0,8254.0,14246.0,,17.3,9.2,3404.11,9298.63,1.0
3200,Chemical tanker,148.0,21.0,10955.0,15551.0,7200 KW,4.4,3.1,1960.7,5131.64,1.0
3201,Container ship,222.0,30.0,28616.0,39359.0,25270 KW,16.0,10.7,2944.63,16416.81,4.0
3205,Bulk carrier,190.0,32.0,32578.0,53521.0,9480 KW,12.2,9.3,460.2,2185.16,0.0
3209,Bulk carrier,225.0,32.0,41115.0,76499.0,,14.5,11.2,0.0,0.0,0.0
3212,LNG carrier,285.0,43.0,97491.0,84823.0,24600 KW,17.1,14.6,2522.8,35219.34,7.0
3214,Container/ro-ro cargo ship,145.0,22.0,11197.0,7282.0,,15.7,14.3,5589.34,18207.92,3.0
3215,Container/ro-ro cargo ship,145.0,22.0,11197.0,7238.0,,15.7,11.8,6100.4,18626.34,3.0
3216,Chemical tanker,147.0,24.0,12105.0,20854.0,6230 KW,14.7,11.9,1000.0,2609.09,1.0
3217,Bulk carrier,299.0,50.0,101911.0,203153.0,,14.0,9.7,1797.6,8064.81,0.0
3219,LNG carrier,294.0,46.0,107633.0,91201.0,,18.7,14.2,1059.22,11556.25,7.0
3220,LNG carrier,294.0,46.0,107633.0,91198.0,,20.6,17.2,699.22,7925.24,7.0
3221,Bulk carrier,190.0,32.0,32578.0,53529.0,9480 KW,15.9,12.7,617.52,3155.2,0.0
3222,Bulk carrier,190.0,32.0,32637.0,53430.0,9480 KW,15.5,11.8,879.4,3443.56,0.0
3224,Bulk carrier,189.0,32.0,31236.0,56071.0,,13.8,11.5,0.0,0.0,0.0
3225,Bulk carrier,189.0,32.0,31236.0,56049.0,,13.6,12.2,720.9,2527.31,0.0
3226,Bulk carrier,229.0,36.0,49973.0,92710.0,,16.8,11.1,775.0,3574.85,0.0
3227,Oil tanker,183.0,32.0,29266.0,47128.0,,14.3,10.9,1177.98,4623.26,8.0
3228,Gas carrier,174.0,28.0,22941.0,26528.0,9480 KW,15.4,13.7,2483.9,9183.07,5.0
3230,Chemical tanker,183.0,32.0,29266.0,47128.0,9130 KW,14.5,13.0,1598.53,4719.36,1.0
3231,Bulk carrier,225.0,32.0,39233.0,76000.0,8833 KW,12.5,10.3,1263.38,4741.01,0.0
3232,Chemical tanker,183.0,32.0,29266.0,49999.0,,13.4,9.2,921.9,3236.02,1.0
3234,Chemical tanker,129.0,20.0,8689.0,13153.0,4440 KW,13.1,8.4,923.32,2117.49,1.0
3235,Container ship,332.0,43.0,94193.0,113478.0,61776 KW,19.4,14.5,332.8,4107.84,4.0
3236,Ro-pax ship,186.0,25.0,27522.0,7000.0,21600 KW,20.3,17.4,5076.84,43203.84,11.0
3239,Oil tanker,228.0,32.0,42827.0,74925.0,13560 KW,12.8,12.5,1791.61,8952.68,8.0
3241,Container ship,147.0,23.0,9957.0,13792.0,,16.9,11.1,530.5,1757.47,4.0
3242,Container ship,147.0,23.0,9957.0,13801.0,,15.0,10.5,217.6,536.6,4.0
3243,Oil tanker,244.0,42.0,59158.0,115536.0,11866 KW,12.3,9.8,4058.1,16008.83,8.0
3247,Container ship,293.0,40.0,71786.0,72982.0,62920 KW,15.3,14.0,1233.63,18459.82,4.0
3252,Bulk carrier,289.0,45.0,87927.0,171810.0,,15.0,8.2,1652.45,12658.88,0.0
3253,Bulk carrier,189.0,32.0,31263.0,56032.0,,12.0,10.9,886.9,3477.18,0.0
3254,Container ship,299.0,40.0,74642.0,84775.0,57222 KW,15.2,10.2,3336.47,37071.25,4.0
3255,Container ship,299.0,40.0,74642.0,84704.0,,18.3,16.1,3669.73,43922.74,4.0
3256,Container ship,299.0,40.0,74642.0,84771.0,57222 KW,17.6,15.6,3881.05,40629.58,4.0
3257,Container ship,299.0,40.0,74642.0,84783.0,57222 KW,21.8,16.9,4382.85,48453.02,4.0
3258,Container ship,299.0,40.0,74642.0,84688.0,,17.0,13.2,3541.1,41529.16,4.0
3259,Container ship,299.0,40.0,74642.0,84688.0,,13.5,11.6,3684.53,46286.99,4.0
3260,Container ship,299.0,40.0,74642.0,84626.0,57222 KW,14.6,8.9,2906.03,34419.55,4.0
3261,Container ship,222.0,32.0,35573.0,44239.0,28350 KW,17.0,14.3,1225.75,7519.98,4.0
3262,Container ship,222.0,32.0,35573.0,44234.0,28800 KW,18.7,12.4,0.0,0.0,4.0
3263,Oil tanker,118.0,18.0,5776.0,8636.0,4200 KW,11.4,9.9,2903.5,5981.68,8.0
3264,Passenger ship,288.0,36.0,116017.0,8044.0,89000 KW,20.0,14.2,1591.92,34396.09,9.0
3265,Container ship,134.0,22.0,9981.0,11269.0,8100 KW,17.4,13.7,4297.0,13870.55,4.0
3266,Container ship,134.0,22.0,9981.0,11285.0,6000 KW,12.7,12.7,3964.23,12863.59,4.0
3267,Container ship,178.0,27.0,17360.0,22248.0,,19.4,18.6,94.6,522.42,4.0
3268,Container ship,178.0,27.0,17360.0,22243.0,16980 KW,15.9,10.6,5256.0,28914.0,4.0
3269,Container ship,178.0,27.0,17360.0,22229.0,16980 KW,12.4,12.4,5521.07,18985.58,4.0
3270,Oil tanker,183.0,32.0,29902.0,47125.0,13560 KW,14.0,11.7,2769.82,13860.54,8.0
3271,Oil tanker,183.0,32.0,29844.0,47187.0,13560 KW,16.4,11.5,262.0,1165.16,8.0
3272,Oil tanker,183.0,32.0,29844.0,47095.0,13974 KW,17.4,11.7,3712.03,16635.01,8.0
3273,Oil tanker,161.0,23.0,13671.0,21600.0,8100 KW,13.1,12.0,3021.8,10298.25,8.0
3275,General cargo ship,143.0,21.0,11864.0,17356.0,5280 KW,12.5,9.7,1613.0,4233.4,6.0
3276,General cargo ship,143.0,21.0,11864.0,17355.0,,15.5,12.4,554.0,1543.77,6.0
3277,General cargo ship,143.0,21.0,11864.0,17300.0,7800 KW,12.7,11.5,2991.42,7817.74,6.0
3279,LNG carrier,289.0,44.0,102064.0,84491.0,,20.2,15.1,1479.84,17126.84,7.0
3281,Oil tanker,228.0,32.0,38832.0,70374.0,,12.9,7.2,1743.6,3794.07,8.0
3283,Oil tanker,244.0,42.0,59164.0,115577.0,11700 KW,15.5,13.1,4042.57,20872.92,8.0
3284,Bulk carrier,290.0,47.0,92993.0,185897.0,,14.6,10.7,650.8,4507.26,0.0
3285,Container ship,294.0,32.0,54098.0,62953.0,,19.2,13.4,926.99,8555.89,4.0
3286,Container ship,294.0,32.0,54098.0,62949.0,,20.8,14.7,1277.82,10682.61,4.0
3287,Oil tanker,248.0,43.0,61342.0,115867.0,,15.6,9.2,2904.6,14506.03,8.0
3288,LNG carrier,283.0,43.0,95824.0,79000.0,,18.7,16.8,1588.35,24160.59,7.0
3289,Container ship,260.0,32.0,39906.0,52000.0,,16.9,12.9,2979.45,18227.26,4.0
3290,Container ship,260.0,32.0,39906.0,52000.0,,17.8,12.1,2624.83,16536.21,4.0
3292,General cargo ship,143.0,21.0,9490.0,14889.0,4440 KW,13.5,10.7,5351.09,4576.27,6.0
3293,Oil tanker,155.0,25.0,14701.0,20890.0,,12.7,10.5,4297.1,10143.58,8.0
3294,Container ship,220.0,32.0,35824.0,42166.0,,20.7,16.1,5895.0,38089.24,4.0
3295,Container ship,220.0,32.0,35824.0,42213.0,26270 KW,12.3,12.3,6147.4,36512.05,4.0
3296,Container ship,220.0,32.0,34642.0,41850.0,26270 KW,18.4,15.2,2135.58,13130.89,4.0
3297,Chemical tanker,118.0,19.0,6522.0,10016.0,,16.1,12.5,4088.02,7939.02,1.0
3298,Oil tanker,228.0,32.0,40865.0,73956.0,13560 KW,14.7,10.4,3192.4,16872.33,8.0
3299,Oil tanker,228.0,32.0,40865.0,73965.0,,10.5,8.8,296.4,1133.0,8.0
3300,Container ship,332.0,43.0,94193.0,113478.0,61776 KW,23.0,17.5,211.4,1458.04,4.0
3301,Oil tanker,246.0,42.0,59315.0,108932.0,13560 KW,10.5,10.5,4609.42,15929.69,8.0
3302,Oil tanker,246.0,42.0,59315.0,108932.0,,9.0,7.1,3096.35,14355.18,8.0
3304,Container ship,175.0,27.0,18327.0,23420.0,16600 KW,17.2,15.2,5039.7,18553.88,4.0
3305,Passenger ship,251.0,37.0,69203.0,8811.0,,15.4,12.7,536.05,21107.95,9.0
3306,Passenger ship,251.0,37.0,69203.0,8654.0,,15.5,13.0,1351.33,25408.52,9.0
3307,Container ship,348.0,45.0,115776.0,111385.0,,18.8,11.0,901.33,11234.21,4.0
3308,Ro-ro ship,190.0,30.0,23128.0,13800.0,,8.8,5.0,6760.39,36814.5,12.0
3309,Chemical tanker,183.0,32.0,29575.0,45951.0,9620 KW,7.2,7.2,2164.2,7937.55,1.0
3313,Container/ro-ro cargo ship,145.0,22.0,11197.0,7342.0,,15.8,14.3,711.5,3058.39,3.0
3314,Container ship,294.0,32.0,54778.0,68281.0,41130 KW,14.3,8.4,4974.47,48089.4,4.0
3315,Container ship,294.0,32.0,54778.0,68281.0,41130 KW,19.4,18.3,3567.65,34105.63,4.0
3316,Chemical tanker,170.0,26.0,19391.0,33682.0,,14.7,11.4,1604.7,3946.09,1.0
3317,Chemical tanker,178.0,27.0,20538.0,34497.0,,15.1,11.4,1759.09,6647.84,1.0
3318,Chemical tanker,183.0,27.0,24112.0,38402.0,6500 KW,14.3,11.3,3694.0,14021.1,1.0
3320,Bulk carrier,224.0,32.0,40608.0,76942.0,,15.1,11.1,2559.0,9447.16,0.0
3321,Container ship,336.0,45.0,107849.0,117077.0,93120 KW,15.9,10.5,3108.15,48415.51,4.0
3325,Container ship,208.0,30.0,26435.0,34305.0,21660 KW,16.3,14.8,1038.8,3969.34,4.0
3326,Container ship,208.0,30.0,26435.0,38000.0,21660 KW,15.7,12.8,3626.5,21724.25,4.0
3327,Container ship,155.0,21.0,9902.0,13101.0,12600 KW,15.2,14.7,5552.0,25856.55,4.0
3329,Ro-pax ship,218.0,30.0,45923.0,9653.0,,19.0,17.3,6893.0,105107.55,11.0
3330,Container ship,132.0,19.0,6701.0,8238.0,6300 KW,16.2,14.8,5444.0,15094.75,4.0
3332,Chemical tanker,182.0,32.0,30906.0,45704.0,12725 KW,13.7,8.6,1631.6,6946.21,1.0
3334,Bulk carrier,224.0,32.0,39643.0,75356.0,,13.3,10.8,1376.0,3367.58,0.0
3335,Gas carrier,180.0,29.0,25937.0,29565.0,9480 KW,18.1,14.7,1677.8,7278.01,5.0
3337,LNG carrier,285.0,43.0,104169.0,81400.0,,9.5,9.5,2615.78,34399.69,7.0
3338,Bulk carrier,177.0,28.0,19885.0,32741.0,,14.3,10.8,2158.1,6491.0,0.0
3339,Bulk carrier,189.0,30.0,30570.0,50199.0,9480 KW,14.0,11.8,1738.16,6050.63,0.0
3340,Bulk carrier,224.0,32.0,42647.0,82331.0,,10.8,10.8,1458.0,7118.41,0.0
3341,Bulk carrier,224.0,32.0,42647.0,82331.0,,14.7,11.3,1771.9,5620.59,0.0
3342,Oil tanker,274.0,48.0,78809.0,150393.0,16440 KW,12.3,8.9,2851.4,14692.55,8.0
3343,Oil tanker,274.0,48.0,78809.0,149993.0,,14.1,6.3,943.0,4498.26,8.0
3344,Container ship,191.0,28.0,23633.0,27209.0,19040 KW,17.2,16.3,2006.4,8857.54,4.0
3345,Oil tanker,239.0,36.0,56172.0,105544.0,,9.9,4.5,673.87,3365.12,8.0
3347,General cargo ship,138.0,21.0,9620.0,12834.0,5400 KW,13.5,12.7,1566.53,3402.87,6.0
3349,Chemical tanker,183.0,32.0,30105.0,50548.0,,15.7,11.5,3414.3,14702.36,1.0
3350,Oil tanker,245.0,42.0,59745.0,110769.0,,15.9,11.5,1846.56,10967.62,8.0
3352,Container ship,183.0,24.0,17687.0,22014.0,,14.5,13.0,4984.33,16014.02,4.0
3353,Container ship,183.0,24.0,17687.0,22016.0,,17.4,15.2,3345.72,12416.58,4.0
3354,Oil tanker,238.0,42.0,56172.0,105576.0,10800 KW,14.2,10.1,1358.1,8155.4,8.0
3356,Container ship,333.0,42.0,90507.0,103614.0,,15.5,12.4,4378.5,58588.01,4.0
3357,Chemical tanker,183.0,32.0,29266.0,49999.0,,13.6,11.8,1068.3,4441.2,1.0
3358,Container ship,294.0,32.0,55487.0,65867.0,,19.8,16.1,1454.4,13808.6,4.0
3359,Container ship,294.0,32.0,55534.0,65919.0,,12.9,9.5,1332.6,11466.75,4.0
3360,Container ship,294.0,32.0,55534.0,65935.0,,20.8,17.9,1378.5,9628.93,4.0
3361,Container ship,294.0,32.0,55534.0,65922.0,41129 KW,19.1,13.1,947.2,8169.9,4.0
3362,Container ship,294.0,32.0,55487.0,65950.0,,21.0,12.8,737.9,5267.71,4.0
3363,Container ship,294.0,32.0,55487.0,65953.0,,18.3,15.2,807.9,7622.96,4.0
3364,LNG carrier,315.0,50.0,136410.0,106898.0,37836 KW,19.9,15.3,1763.6,28060.13,7.0
3365,LNG carrier,315.0,50.0,136168.0,107160.0,34680 KW,15.2,10.7,3830.0,63538.45,7.0
3366,LNG carrier,315.0,50.0,136410.0,106896.0,37836 KW,19.2,14.6,1969.0,29678.19,7.0
3367,LNG carrier,315.0,50.0,136410.0,106983.0,37836 KW,20.0,17.6,1502.4,26467.21,7.0
3368,Oil tanker,116.0,20.0,7687.0,11298.0,4200 KW,15.7,11.7,4869.7,6561.58,8.0
3369,Gas carrier,156.0,25.0,16938.0,19277.0,,16.4,15.3,2046.55,23308.19,5.0
3370,LNG carrier,315.0,50.0,137535.0,121823.0,33556 KW,19.0,13.4,884.5,14397.22,7.0
3371,LNG carrier,315.0,50.0,137535.0,121963.0,33100 KW,16.9,12.1,609.5,12347.18,7.0
3372,LNG carrier,315.0,50.0,137535.0,121639.0,33100 KW,19.4,15.4,905.3,16777.47,7.0
3373,LNG carrier,315.0,50.0,137535.0,121730.0,33100 KW,20.4,16.1,1741.39,31344.12,7.0
3378,Bulk carrier,175.0,29.0,19816.0,31931.0,,14.2,10.5,815.36,2240.19,0.0
3381,General cargo ship,139.0,16.0,5684.0,6933.0,,8.2,7.6,1707.65,891.15,6.0
3382,Ro-ro ship,199.0,32.0,60876.0,22755.0,,18.3,16.6,1442.2,8657.46,12.0
3385,LNG carrier,284.0,42.0,90478.0,77204.0,,18.3,10.6,1875.0,25446.47,7.0
3386,Oil tanker,182.0,32.0,26900.0,47344.0,,15.6,12.2,1915.0,7507.6,8.0
3393,Oil tanker,248.0,43.0,61473.0,115754.0,12363 KW,12.6,11.4,3892.1,16725.99,8.0
3394,Oil tanker,248.0,43.0,61473.0,115824.0,,12.6,11.2,3462.8,16863.04,8.0
3395,Container ship,175.0,27.0,18334.0,23679.0,15820 KW,14.0,11.0,3208.0,13059.79,4.0
3397,LNG carrier,285.0,43.0,104169.0,82187.0,,20.4,14.2,1202.25,15287.04,7.0
3398,Container ship,336.0,45.0,107849.0,117236.0,,3.6,3.3,4663.8,62024.46,4.0
3399,Container ship,336.0,45.0,108930.0,116932.0,,18.7,15.3,1520.7,26061.35,4.0
3400,Container ship,336.0,45.0,107849.0,117247.0,68382 KW,19.2,13.1,3722.2,51313.39,4.0
3401,Oil tanker,248.0,43.0,61449.0,115857.0,,15.9,14.3,3589.24,22345.73,8.0
3402,Oil tanker,248.0,43.0,61449.0,115831.0,,13.8,11.3,4090.82,21667.0,8.0
3403,Oil tanker,248.0,43.0,61449.0,115849.0,13650 KW,16.3,11.8,3667.4,20301.96,8.0
3404,Container ship,196.0,27.0,21971.0,24279.0,21660 KW,14.0,11.6,1249.6,6065.42,4.0
3405,Container ship,209.0,30.0,26358.0,34439.0,21660 KW,18.0,16.2,2818.7,19841.16,4.0
3406,Oil tanker,171.0,27.0,22184.0,34671.0,,11.6,10.6,2890.0,8221.4,8.0
3412,Chemical tanker,183.0,27.0,24112.0,38396.0,,11.0,11.0,2521.5,7137.84,1.0
3419,Oil tanker,175.0,29.0,19758.0,29017.0,7150 KW,14.6,8.9,2444.55,5750.65,8.0
3420,Oil tanker,175.0,29.0,19758.0,29015.0,7150 KW,13.5,9.2,1843.95,5551.42,8.0
3421,Oil tanker,144.0,23.0,12105.0,16675.0,,12.6,9.2,3852.2,8306.59,8.0
3422,Oil tanker,116.0,20.0,7687.0,11283.0,4440 KW,12.6,9.9,4202.4,6413.56,8.0
3423,Oil tanker,243.0,42.0,57248.0,110119.0,13548 KW,15.9,11.0,3711.77,17725.27,8.0
3424,Oil tanker,244.0,42.0,57248.0,110066.0,,16.1,11.9,2991.32,14451.26,8.0
3425,Oil tanker,244.0,42.0,57248.0,109908.0,11324 KW,14.2,11.2,2672.62,10411.15,8.0
3426,Oil tanker,244.0,42.0,57248.0,109716.0,,15.5,11.6,4812.11,21935.42,8.0
3427,General cargo ship,115.0,16.0,5232.0,7018.0,3840 KW,13.2,11.4,4013.92,6742.05,6.0
3428,Chemical tanker,182.0,32.0,27547.0,46927.0,,14.0,7.5,2861.8,9920.39,1.0
3429,General cargo ship,113.0,15.0,5325.0,7670.0,,15.2,9.2,5016.42,6185.24,6.0
3430,General cargo ship,113.0,15.0,5325.0,7670.0,3850 KW,13.1,12.3,5177.23,7033.2,6.0
3432,Chemical tanker,149.0,22.0,10549.0,15652.0,5760 KW,11.1,11.1,2265.23,5471.94,1.0
3433,Chemical tanker,149.0,22.0,10549.0,15625.0,5760 KW,12.7,10.6,2242.88,4847.63,1.0
3438,Gas carrier,119.0,19.0,7218.0,9127.0,,15.7,14.0,3522.61,6252.46,5.0
3439,Oil tanker,229.0,32.0,43797.0,76578.0,,15.4,10.6,1428.98,4954.64,8.0
3441,Container ship,129.0,20.0,7545.0,8200.0,7200 KW,17.3,16.3,5025.67,15695.18,4.0
3442,Container ship,299.0,40.0,74642.0,84688.0,57222 KW,19.1,14.3,3680.88,39109.12,4.0
3444,Oil tanker,228.0,32.0,43797.0,76580.0,12240 KW,13.5,7.8,2354.33,10141.48,8.0
3447,Refrigerated cargo carrier,204.0,32.0,33070.0,43420.0,15909 KW,17.9,14.4,3254.9,18036.04,10.0
3448,Bulk carrier,224.0,32.0,39738.0,76596.0,,17.6,11.3,1195.78,5114.73,0.0
3450,Container ship,222.0,30.0,27910.0,39426.0,,14.9,10.0,1644.47,9319.9,4.0
3451,Container/ro-ro cargo ship,210.0,32.0,47115.0,26653.0,32459 KW,18.1,16.3,3563.6,23471.64,3.0
3452,Container/ro-ro cargo ship,210.0,32.0,47115.0,25000.0,,20.9,18.0,2646.37,18320.0,3.0
3453,Container/ro-ro cargo ship,210.0,32.0,47120.0,26097.0,,17.6,17.1,2637.3,18539.18,3.0
3457,Ro-ro ship,190.0,20.0,23128.0,13800.0,,15.7,15.5,6887.42,31221.41,12.0
3458,Bulk carrier,225.0,32.0,40042.0,76598.0,,17.4,11.8,1031.9,3201.79,0.0
3459,Oil tanker,244.0,42.0,59164.0,115577.0,,12.2,7.7,4231.5,16210.12,8.0
3460,Oil tanker,243.0,42.0,59164.0,115577.0,,12.4,8.2,449.5,1925.06,8.0
3461,Bulk carrier,190.0,32.0,32661.0,53840.0,,13.9,11.7,806.6,2212.95,0.0
3465,General cargo ship,199.0,30.0,29758.0,46550.0,9642 KW,13.4,10.5,912.5,3298.57,6.0
3466,General cargo ship,199.0,30.0,29758.0,46500.0,,11.0,8.7,1884.6,6745.54,6.0
3467,General cargo ship,199.0,30.0,29758.0,46500.0,,14.8,9.9,1983.3,6222.79,6.0
3468,General cargo ship,177.0,28.0,20236.0,32327.0,6620 KW,12.6,9.5,1810.75,4874.56,6.0
3470,Chemical tanker,159.0,26.0,16452.0,26046.0,,13.1,11.6,2240.85,6641.08,1.0
3471,Bulk carrier,115.0,19.0,7341.0,12526.0,3640 KW,13.4,10.1,2330.0,3122.63,0.0
3472,Bulk carrier,115.0,19.0,7341.0,12523.0,3640 KW,13.0,9.2,3138.06,4343.79,0.0
3474,Bulk carrier,229.0,36.0,49973.0,92598.0,,15.2,10.8,1405.0,5737.82,0.0
3476,Bulk carrier,229.0,36.0,49973.0,92567.0,,12.8,12.0,1187.0,5774.12,0.0
3477,Bulk carrier,229.0,36.0,49973.0,92576.0,,16.1,11.2,1935.0,9444.68,0.0
3479,Bulk carrier,229.0,36.0,49973.0,92524.0,,15.1,10.1,1841.0,7880.15,0.0
3481,Oil tanker,179.0,32.0,28069.0,45976.0,,14.4,11.4,4279.78,13969.07,8.0
3482,Bulk carrier,228.0,32.0,43143.0,82578.0,,14.3,9.9,1705.0,7580.44,0.0
3483,Oil tanker,184.0,32.0,29588.0,45672.0,9360 KW,17.1,10.9,1767.75,4896.99,8.0
3484,Chemical tanker,114.0,18.0,5303.0,8824.0,3900 KW,12.3,8.8,4976.35,7130.23,1.0
3485,Container ship,139.0,22.0,8280.0,11005.0,8400 KW,17.3,14.8,786.0,2995.67,4.0
3486,Container ship,139.0,19.0,6901.0,9236.0,7200 KW,15.9,12.8,4537.68,10836.14,4.0
3487,Chemical tanker,144.0,23.0,12164.0,16979.0,6500 KW,13.5,12.4,3337.06,10807.66,1.0
3488,Oil tanker,144.0,23.0,12164.0,16979.0,,13.0,11.4,3562.8,9273.07,8.0
3492,Container ship,178.0,27.0,17360.0,22267.0,9480 KW,14.6,13.0,6012.07,23521.47,4.0
3493,Container ship,178.0,27.0,17360.0,22263.0,16980 KW,11.9,11.0,4709.6,18933.35,4.0
3494,Chemical tanker,128.0,20.0,8539.0,13017.0,4522 KW,15.8,11.2,3263.2,6460.57,1.0
3497,Container ship,349.0,45.0,114394.0,109968.0,,17.4,11.5,1400.6,16611.74,4.0
3498,Container ship,349.0,45.0,114394.0,109950.0,,22.9,19.1,1279.5,18358.42,4.0
3500,Oil tanker,248.0,43.0,61473.0,115814.0,,14.7,10.7,2670.5,13017.27,8.0
3501,Oil tanker,182.0,32.0,26913.0,47302.0,8740 KW,14.7,9.2,1384.4,4689.56,8.0
3503,Chemical tanker,144.0,24.0,11641.0,19885.0,,6.3,6.3,1078.26,3409.28,1.0
3507,Bulk carrier,288.0,45.0,90085.0,180230.0,16800 KW,12.5,10.6,1539.0,6114.83,0.0
3509,Container ship,294.0,32.0,54851.0,66441.0,55890 KW,19.2,16.3,1224.0,17557.56,4.0
3510,Oil tanker,248.0,43.0,61473.0,115878.0,13940 KW,15.1,11.2,2313.3,10209.97,8.0
3512,Bulk carrier,189.0,28.0,24109.0,38981.0,7368 KW,12.5,10.9,1751.2,4005.45,0.0
3513,Bulk carrier,189.0,28.0,24109.0,38981.0,,13.8,9.9,1576.05,4356.92,0.0
3515,Bulk carrier,189.0,28.0,24109.0,38980.0,7368 KW,15.1,10.7,1293.29,3513.36,0.0
3516,Oil tanker,246.0,42.0,59611.0,110295.0,,13.6,8.0,334.7,990.49,8.0
3517,Oil tanker,246.0,42.0,59611.0,110295.0,,10.8,9.9,2395.6,12490.41,8.0
3518,General cargo ship,143.0,23.0,12936.0,17349.0,7074 KW,15.6,11.9,2773.55,7796.49,6.0
3519,General cargo ship,143.0,23.0,12936.0,17290.0,7074 KW,17.8,15.4,3130.58,7726.13,6.0
3522,Chemical tanker,184.0,27.0,23353.0,37304.0,9480 KW,16.8,11.6,3319.83,10306.33,1.0
3523,Oil tanker,183.0,32.0,26911.0,47286.0,,14.3,6.9,1388.1,4644.21,8.0
3524,Gas carrier,225.0,36.0,47173.0,58691.0,12400 KW,16.0,14.5,579.47,3103.24,5.0
3525,Container ship,294.0,32.0,53100.0,63071.0,,18.2,16.4,3058.2,21880.72,4.0
3526,General cargo ship,129.0,19.0,8407.0,11169.0,6000 KW,13.0,10.9,880.67,1906.34,6.0
3528,Chemical tanker,129.0,19.0,7232.0,11336.0,4500 KW,12.3,9.6,1123.08,2159.08,1.0
3529,Container ship,139.0,22.0,9981.0,11819.0,9600 KW,15.3,11.3,1335.6,4401.41,4.0
3531,Container ship,139.0,22.0,9981.0,11846.0,9600 KW,14.0,14.0,4357.26,19901.5,4.0
3532,Container ship,139.0,22.0,9981.0,11807.0,9600 KW,15.7,13.2,796.89,3094.46,4.0
3533,Container ship,139.0,22.0,9981.0,11814.0,10100 KW,16.0,13.9,3569.56,12490.42,4.0
3534,Container ship,139.0,22.0,9981.0,11832.0,9300 KW,14.3,11.8,4010.0,13351.35,4.0
3535,Container ship,139.0,22.0,9981.0,11821.0,9600 KW,14.7,14.1,3247.04,10591.13,4.0
3536,General cargo ship,119.0,20.0,7223.0,7968.0,5400 KW,15.3,12.7,379.0,951.86,6.0
3537,General cargo ship,119.0,20.0,7223.0,8004.0,,15.3,13.1,405.0,1066.4,6.0
3538,General cargo ship,119.0,20.0,7223.0,7947.0,5400 KW,16.5,12.5,1542.0,3196.36,6.0
3539,General cargo ship,119.0,20.0,7223.0,7973.0,,16.7,12.0,2988.0,7098.5,6.0
3540,Bulk carrier,189.0,32.0,31135.0,53360.0,9480 KW,14.9,11.5,985.4,3296.39,0.0
3541,Container ship,148.0,23.0,9948.0,13797.0,9938 KW,13.5,10.7,1115.5,3761.07,4.0
3543,Container ship,272.0,40.0,69132.0,71256.0,,15.7,12.2,3453.27,29628.08,4.0
3544,Container ship,272.0,40.0,69132.0,71273.0,45765 KW,21.2,16.0,3912.58,32303.65,4.0
3545,Container ship,232.0,32.0,35491.0,41238.0,28900 KW,18.5,16.0,3517.42,21173.99,4.0
3546,Container ship,232.0,32.0,35491.0,41281.0,28880 KW,14.7,11.1,179.5,912.23,4.0
3548,Chemical tanker,144.0,23.0,12137.0,16744.0,6300 KW,17.1,11.3,3470.84,9544.63,1.0
3549,Oil tanker,144.0,23.0,12162.0,16791.0,,3.7,3.5,2363.25,6195.1,8.0
3550,Oil tanker,248.0,43.0,61473.0,115838.0,,11.3,8.1,2267.4,11538.63,8.0
3551,Ro-pax ship,130.0,21.0,12895.0,1894.0,18000 KW,21.5,20.7,4282.27,36565.73,11.0
3552,Container ship,159.0,24.0,14016.0,18091.0,,13.4,12.8,4087.32,15830.41,4.0
3553,Container ship,159.0,24.0,14016.0,18108.0,,14.8,14.1,4019.59,19317.83,4.0
3554,Container ship,299.0,40.0,74642.0,84705.0,,19.5,14.6,2935.63,34823.28,4.0
3555,Container ship,299.0,40.0,74642.0,84868.0,57222 KW,21.6,14.2,763.6,8829.96,4.0
3556,Container ship,294.0,32.0,54675.0,68618.0,41130 KW,19.5,15.2,2607.0,17687.12,4.0
3557,Container ship,294.0,32.0,54675.0,68411.0,41130 KW,18.3,11.7,3162.0,27147.25,4.0
3558,Container ship,294.0,32.0,54675.0,68579.0,41130 KW,12.9,10.6,3437.0,26537.71,4.0
3559,Container/ro-ro cargo ship,165.0,25.0,15586.0,11407.0,15000 KW,2.6,2.5,5641.07,21786.23,3.0
3560,Container/ro-ro cargo ship,165.0,25.0,15586.0,11405.0,,14.0,12.3,6040.4,30021.14,3.0
3561,Container ship,140.0,23.0,10965.0,12611.0,9600 KW,15.5,12.4,874.5,3010.18,4.0
3562,Container ship,139.0,22.0,8273.0,10977.0,8400 KW,2.8,2.5,2871.0,10939.83,4.0
3563,Container ship,141.0,20.0,7720.0,9544.0,7999 KW,17.2,9.4,5041.0,14254.75,4.0
3564,Container ship,199.0,32.0,27213.0,32878.0,21735 KW,16.8,11.2,432.0,4513.24,4.0
3565,General cargo ship,106.0,18.0,6668.0,9653.0,3840 KW,13.7,9.7,5481.6,9422.79,6.0
3566,General cargo ship,107.0,18.0,5995.0,10500.0,3840 KW,14.2,10.8,2065.22,3115.21,6.0
3567,General cargo ship,107.0,18.0,6668.0,9697.0,3840 KW,10.3,9.8,4155.15,6168.85,6.0
3568,General cargo ship,106.0,18.0,6668.0,9705.0,3840 KW,14.0,10.0,5205.5,8196.34,6.0
3571,Container ship,306.0,40.0,75579.0,85517.0,62920 KW,22.0,18.3,3164.7,38776.86,4.0
3580,Ro-pax ship,186.0,25.0,27522.0,7000.0,,20.7,18.8,4927.96,53649.73,11.0
3583,Container ship,274.0,32.0,50963.0,54549.0,39952 KW,18.8,17.1,2265.1,25275.63,4.0
3584,Container ship,274.0,32.0,50963.0,63359.0,54326 KW,16.7,13.8,2831.5,25725.35,4.0
3585,Container ship,274.0,32.0,50963.0,63377.0,,13.2,10.5,3021.25,26236.2,4.0
3586,Ro-pax ship,223.0,41.0,75156.0,6133.0,,18.2,14.4,4104.0,53923.21,11.0
3587,Bulk carrier,119.0,16.0,5222.0,8232.0,2500 KW,9.9,8.9,770.55,596.38,0.0
3588,Bulk carrier,119.0,16.0,5222.0,8184.0,,10.1,7.7,2676.25,2295.11,0.0
3589,Bulk carrier,119.0,16.0,5222.0,8184.0,2500 KW,11.2,10.5,1942.97,1732.32,0.0
3590,General cargo ship,119.0,16.0,5164.0,7448.0,,9.5,9.5,4448.06,3952.45,6.0
3591,Container ship,293.0,40.0,71787.0,72912.0,,17.8,15.4,4429.0,58821.85,4.0
3592,Container ship,293.0,40.0,71787.0,72912.0,,13.9,9.1,4022.4,46409.79,4.0
3593,Container ship,293.0,40.0,71787.0,72912.0,,18.8,16.3,1663.1,24996.51,4.0
3594,Bulk carrier,189.0,32.0,29961.0,53487.0,,16.2,11.5,0.0,0.0,0.0
3595,Bulk carrier,169.0,27.0,16960.0,28445.0,,13.4,10.9,1366.57,2857.41,0.0
3596,Container ship,212.0,29.0,27061.0,34365.0,27061 KW,12.8,11.7,2671.5,16650.52,4.0
3597,Container ship,280.0,32.0,49810.0,62234.0,,20.8,14.1,2055.73,14201.81,4.0
3600,Gas carrier,226.0,36.0,47276.0,54783.0,14280 KW,18.4,13.1,1668.77,8264.72,5.0
3601,Ro-ro ship,142.0,23.0,14759.0,3800.0,18480 KW,17.0,15.1,5172.78,21381.47,12.0
3602,Ro-ro ship,142.0,23.0,14759.0,5125.0,,19.1,14.7,4136.17,16463.33,12.0
3603,Ro-pax ship,198.0,26.0,26141.0,8500.0,24000 KW,24.2,18.6,5620.33,48678.03,11.0
3604,Ro-pax ship,198.0,26.0,25993.0,8500.0,,23.5,22.9,5342.57,57777.63,11.0
3605,Ro-pax ship,198.0,26.0,25757.0,8500.0,,4.4,3.8,5399.0,62770.04,11.0
3606,Ro-pax ship,198.0,27.0,25675.0,8500.0,24000 KW,23.0,18.7,6670.82,61878.81,11.0
3607,Chemical tanker,147.0,22.0,11711.0,18000.0,6300 KW,14.7,11.1,2765.63,6952.89,1.0
3612,Gas carrier,108.0,16.0,5440.0,4999.0,4500 KW,12.8,11.2,5337.37,9520.22,5.0
3613,Gas carrier,108.0,16.0,5441.0,4999.0,4500 KW,17.3,12.3,4911.64,7091.29,5.0
3614,Refrigerated cargo carrier,162.0,26.0,14194.0,13107.0,,21.1,19.5,1507.4,9021.03,10.0
3615,Refrigerated cargo carrier,162.0,26.0,14284.0,13052.0,,20.5,14.1,1429.6,10264.37,10.0
3619,Oil tanker,128.0,20.0,8539.0,13011.0,4440 KW,11.8,11.8,153.05,286.33,8.0
3620,Container ship,175.0,27.0,18123.0,22314.0,16000 KW,11.8,8.5,4846.38,18972.93,4.0
3622,Oil tanker,229.0,32.0,42010.0,73727.0,,17.0,11.4,594.1,3494.04,8.0
3623,Oil tanker,228.0,32.0,42010.0,73669.0,,13.8,13.3,2081.74,10574.31,8.0
3624,Oil tanker,228.0,32.0,42204.0,73715.0,13560 KW,15.2,9.6,2027.59,9068.35,8.0
3625,Ro-pax ship,253.0,30.0,54310.0,7500.0,,23.3,22.5,5723.24,151525.77,11.0
3626,Ro-pax ship,253.0,30.0,54310.0,5000.0,,23.0,21.9,5745.62,153314.58,11.0
3627,Ro-pax ship,225.0,30.0,54310.0,8351.0,,20.8,19.8,5165.6,99730.31,11.0
3628,Ro-pax ship,225.0,30.0,54310.0,8351.0,,21.7,20.9,5235.75,92323.52,11.0
3629,Oil tanker,180.0,32.0,25864.0,40441.0,,7.2,3.7,3161.4,10290.51,8.0
3630,Chemical tanker,158.0,25.0,16442.0,25197.0,,17.7,13.1,1192.79,3682.85,1.0
3631,Chemical tanker,158.0,25.0,16442.0,25197.0,,14.7,11.7,3441.92,8905.55,1.0
3632,Oil tanker,144.0,23.0,11935.0,16657.0,6300 KW,14.2,11.7,3377.88,7150.12,8.0
3633,Container ship,264.0,32.0,41225.0,53335.0,36990 KW,14.0,10.2,5198.6,43587.9,4.0
3634,Container ship,265.0,32.0,41225.0,53436.0,,10.0,10.0,2316.8,22649.02,4.0
3635,Container ship,265.0,32.0,41225.0,53457.0,36560 KW,19.8,13.0,5350.4,49420.48,4.0
3636,Oil tanker,183.0,32.0,30119.0,50922.0,,15.1,10.9,4336.37,15088.08,8.0
3637,Bulk carrier,228.0,32.0,42887.0,83051.0,,11.8,9.0,1263.1,4206.16,0.0
3638,Chemical tanker,184.0,27.0,23421.0,37456.0,8262 KW,14.4,10.5,511.6,1805.94,1.0
3640,Chemical tanker,128.0,20.0,8545.0,13157.0,,12.0,9.3,278.05,623.74,1.0
3642,Chemical tanker,182.0,32.0,25884.0,44044.0,,14.1,10.6,1756.66,8042.91,1.0
3643,Chemical tanker,182.0,32.0,25884.0,44080.0,,16.4,11.8,2750.48,11103.41,1.0
3644,Oil tanker,177.0,28.0,21329.0,32200.0,8800 KW,14.2,9.9,3393.6,11945.11,8.0
3645,Oil tanker,188.0,32.0,26548.0,40600.0,11400 KW,15.9,12.2,4286.5,15394.59,8.0
3647,General cargo ship,119.0,15.0,5057.0,7750.0,3840 KW,14.8,11.7,3028.44,4487.41,6.0
3648,LNG carrier,285.0,43.0,97818.0,82291.0,,17.7,14.1,1270.13,18476.35,7.0
3649,General cargo ship,119.0,16.0,5029.0,7486.0,,10.8,7.8,3547.2,2840.11,6.0
3650,General cargo ship,139.0,16.0,5684.0,6933.0,2240 KW,9.5,7.5,931.3,776.97,6.0
3651,Chemical tanker,184.0,27.0,23353.0,37280.0,,16.4,12.3,3201.08,11345.59,1.0
3653,Chemical tanker,184.0,27.0,23353.0,37293.0,9480 KW,16.0,13.0,2508.42,9206.71,1.0
3656,Chemical tanker,184.0,27.0,23353.0,37282.0,9480 KW,16.9,13.1,4467.9,11842.87,1.0
3657,Chemical tanker,184.0,27.0,23353.0,37313.0,,10.9,10.9,3676.3,10175.63,1.0
3658,Bulk carrier,190.0,32.0,32661.0,53840.0,,14.5,13.0,1163.6,4585.75,0.0
3659,Bulk carrier,190.0,32.0,32661.0,53732.0,9960 KW,12.9,8.4,2068.23,7399.55,0.0
3660,Bulk carrier,190.0,32.0,32661.0,53857.0,,14.1,11.7,1604.3,5932.88,0.0
3661,Container ship,154.0,21.0,8971.0,10600.0,8000 KW,12.2,10.8,6782.61,16208.35,4.0
3664,Bulk carrier,139.0,25.0,11681.0,18909.0,5180 KW,13.6,12.2,856.9,1622.24,0.0
3665,Bulk carrier,229.0,38.0,48021.0,88279.0,,15.6,9.6,1759.93,1841.17,0.0
3666,General cargo ship,127.0,19.0,9754.0,14078.0,,14.1,11.4,2807.64,4200.26,6.0
3667,Ro-pax ship,212.0,29.0,48915.0,6287.0,32000 KW,16.9,13.4,7650.0,67413.67,11.0
3668,Oil tanker,244.0,42.0,60178.0,106819.0,18660 KW,15.3,10.4,1025.33,6024.64,8.0
3669,Container ship,141.0,21.0,9131.0,11487.0,,15.9,14.8,5579.78,18166.39,4.0
3670,Container ship,141.0,21.0,9131.0,11497.0,,15.4,10.6,4842.05,15608.68,4.0
3671,Container ship,134.0,22.0,9981.0,11257.0,8400 KW,16.9,13.4,1129.6,3061.86,4.0
3672,Container ship,149.0,22.0,11662.0,13720.0,10000 KW,15.2,11.8,4716.27,12049.15,4.0
3673,Container ship,134.0,22.0,9981.0,11273.0,8400 KW,16.9,13.3,5842.84,17917.93,4.0
3675,Container ship,134.0,22.0,9962.0,11433.0,8400 KW,16.6,11.5,3335.1,8722.34,4.0
3677,Container ship,134.0,22.0,9962.0,11432.0,8400 KW,12.9,11.0,4670.05,11900.76,4.0
3678,Container ship,134.0,22.0,9962.0,11433.0,8400 KW,18.0,15.1,3574.58,10993.33,4.0
3679,Container ship,134.0,22.0,9962.0,11434.0,8400 KW,17.6,14.6,6266.0,21375.73,4.0
3680,Container ship,134.0,22.0,9981.0,11274.0,7950 KW,21.7,13.5,5651.0,21982.97,4.0
3683,Container ship,134.0,22.0,9981.0,11272.0,7950 KW,15.6,12.9,3377.0,10516.57,4.0
3684,Container ship,149.0,22.0,11662.0,13709.0,8400 KW,15.4,11.6,4620.0,15250.67,4.0
3685,Chemical tanker,114.0,18.0,5303.0,8817.0,3900 KW,13.7,8.7,4663.4,6499.91,1.0
3686,Container ship,182.0,25.0,18199.0,23831.0,16660 KW,15.5,13.3,5234.1,19497.23,4.0
3687,Bulk carrier,178.0,28.0,19891.0,30195.0,,18.6,10.9,590.2,1861.89,0.0
3688,Bulk carrier,178.0,28.0,19891.0,30163.0,,14.1,10.8,1677.81,5095.44,0.0
3689,Bulk carrier,186.0,30.0,25327.0,42704.0,,14.1,9.6,1711.4,4761.68,0.0
3690,Chemical tanker,183.0,32.0,29266.0,49999.0,,13.5,11.7,875.7,3406.94,1.0
3700,Container ship,223.0,32.0,35835.0,43097.0,28880 KW,19.4,15.1,655.3,3534.8,4.0
3701,Container ship,223.0,32.0,35835.0,43133.0,,16.3,11.3,2734.05,23395.27,4.0
3702,Container ship,223.0,32.0,50000.0,58000.0,,16.7,11.8,2768.97,22251.0,4.0
3703,Container ship,223.0,32.0,35835.0,43096.0,28800 KW,20.9,19.3,2816.3,21449.89,4.0
3704,Container ship,210.0,30.0,27051.0,34578.0,,19.4,11.6,1306.4,6028.43,4.0
3705,Container ship,139.0,22.0,8273.0,11052.0,8400 KW,9.3,8.7,1615.0,4801.25,4.0
3706,Container ship,139.0,22.0,8246.0,11177.0,8200 KW,15.6,10.6,2615.0,10267.22,4.0
3707,Container ship,139.0,22.0,8246.0,11180.0,,7.6,7.6,4674.0,13729.12,4.0
3708,Container ship,139.0,22.0,8246.0,11186.0,8400 KW,14.2,13.0,3562.0,12835.12,4.0
3709,Bulk carrier,188.0,32.0,29439.0,52950.0,,13.6,11.0,421.5,1073.23,0.0
3710,General cargo ship,189.0,32.0,30360.0,50757.0,,14.4,12.1,1949.1,7491.21,6.0
3712,Container ship,348.0,45.0,115776.0,111315.0,,18.9,12.6,955.0,11677.66,4.0
3713,Container ship,176.0,23.0,16506.0,16450.0,,14.4,12.8,2690.0,16127.22,4.0
3714,Container ship,210.0,29.0,25904.0,34100.0,21770 KW,19.4,14.8,2814.53,11344.34,4.0
3715,Container ship,210.0,29.0,25904.0,34100.0,,12.1,8.1,1250.68,3488.11,4.0
3716,Container ship,210.0,29.0,25904.0,35144.0,21770 KW,18.9,17.6,203.4,964.93,4.0
3717,Container ship,210.0,29.0,25888.0,35205.0,,10.7,10.7,4723.97,18670.44,4.0
3718,Container ship,210.0,29.0,25888.0,34100.0,,14.9,10.1,5202.02,21464.69,4.0
3719,Container ship,210.0,29.0,25888.0,35220.0,,17.9,16.7,3040.12,12626.7,4.0
3720,Oil tanker,179.0,32.0,25804.0,40449.0,,13.4,11.2,880.1,2399.66,8.0
3721,General cargo ship,132.0,15.0,6296.0,9775.0,3840 KW,12.9,11.9,646.57,931.34,6.0
3722,General cargo ship,132.0,15.0,6296.0,9775.0,5221 KW,12.0,11.1,1687.54,2441.07,6.0
3723,Oil tanker,144.0,24.0,12162.0,17006.0,,15.1,10.7,4899.3,11417.47,8.0
3727,Container ship,141.0,22.0,10689.0,12099.0,9800 KW,10.1,8.8,2987.65,7503.27,4.0
3728,Ro-ro ship,223.0,26.0,34236.0,14915.0,,19.5,16.3,6444.22,41449.06,12.0
3729,Ro-ro ship,223.0,26.0,34236.0,14915.0,,19.0,16.6,5803.18,37900.81,12.0
3730,General cargo ship,139.0,16.0,5684.0,6933.0,2240 KW,11.9,6.5,153.0,98.02,6.0
3732,General cargo ship,138.0,21.0,9625.0,12792.0,5400 KW,15.1,12.9,2001.6,4127.69,6.0
3734,General cargo ship,138.0,21.0,9625.0,12864.0,5400 KW,15.8,12.8,1481.25,3201.27,6.0
3740,Oil tanker,179.0,32.0,25804.0,40439.0,,13.0,11.4,3798.82,11813.66,8.0
3741,Oil tanker,179.0,32.0,25938.0,40394.0,,14.1,10.5,3132.3,9095.65,8.0
3743,Ro-ro ship,187.0,26.0,25609.0,11300.0,19200 KW,9.2,9.2,5597.55,44627.9,12.0
3744,Container ship,182.0,25.0,17964.0,24095.0,12600 KW,13.1,11.8,3519.92,16739.13,4.0
3745,Container ship,176.0,27.0,18480.0,23600.0,16660 KW,15.8,11.1,1532.77,8067.01,4.0
3746,General cargo ship,138.0,21.0,9611.0,12791.0,5400 KW,15.5,12.3,969.9,2151.31,6.0
3748,General cargo ship,138.0,21.0,9611.0,12791.0,5400 KW,13.3,11.9,2183.1,4741.98,6.0
3749,Ro-ro ship,117.0,17.0,6693.0,5000.0,,15.3,13.9,5639.18,11761.44,12.0
3752,Bulk carrier,199.0,23.0,22790.0,37249.0,,14.4,11.3,2102.39,6282.52,0.0
3753,Bulk carrier,199.0,23.0,22790.0,37272.0,7860 KW,12.4,6.7,1462.92,4690.79,0.0
3754,Bulk carrier,199.0,23.0,22790.0,37251.0,,12.3,7.2,1605.23,5280.96,0.0
3755,Bulk carrier,199.0,23.0,22790.0,37238.0,7860 KW,15.0,11.1,1563.0,4725.76,0.0
3756,Oil tanker,245.0,42.0,61724.0,109672.0,,15.5,12.2,917.8,4843.2,8.0
3757,Container ship,129.0,20.0,7464.0,8306.0,7200 KW,15.2,11.9,2856.41,6362.66,4.0
3759,Chemical tanker,144.0,24.0,11660.0,19999.0,6320 KW,14.1,10.9,313.1,826.31,1.0
3760,Gas carrier,154.0,22.0,13893.0,18110.0,9720 KW,12.6,11.1,2448.2,10828.96,5.0
3761,Gas carrier,154.0,22.0,13893.0,18110.0,,15.1,12.9,631.45,2549.11,5.0
3762,Bulk carrier,190.0,32.0,32486.0,53808.0,,13.7,10.1,0.0,0.0,0.0
3763,Bulk carrier,190.0,32.0,32486.0,53827.0,9500 KW,12.4,10.9,1420.0,6019.32,0.0
3766,Oil tanker,228.0,32.0,42048.0,73730.0,,13.2,12.0,717.43,3366.63,8.0
3767,Oil tanker,228.0,32.0,42048.0,73740.0,,12.2,8.8,1912.8,6385.69,8.0
3768,Oil tanker,144.0,23.0,11935.0,16670.0,,11.7,10.3,4175.26,8400.84,8.0
3769,Container ship,147.0,23.0,9956.0,13670.0,9730 KW,17.5,11.7,3545.85,7154.03,4.0
3770,Container ship,170.0,25.0,15924.0,20091.0,12640 KW,13.4,13.1,4358.17,16252.58,4.0
3772,Chemical tanker,183.0,32.0,26328.0,46105.0,,15.1,12.7,1261.47,4393.6,1.0
3773,Chemical tanker,183.0,32.0,26329.0,46011.0,,13.6,10.0,2966.07,11347.28,1.0
3774,Oil tanker,161.0,23.0,13671.0,21665.0,,13.9,12.8,3215.2,12068.98,8.0
3777,Passenger ship,333.0,37.0,137936.0,12614.0,80500 KW,22.1,17.9,1714.24,44554.44,9.0
3778,Passenger ship,333.0,37.0,137936.0,13413.0,,16.6,11.8,3779.42,78667.51,9.0
3780,General cargo ship,139.0,21.0,9938.0,12576.0,8970 KW,15.3,13.9,2884.63,8845.65,6.0
3781,General cargo ship,139.0,21.0,9938.0,12633.0,8670 KW,13.1,11.7,2826.6,8250.71,6.0
3783,General cargo ship,119.0,20.0,7223.0,7996.0,,14.3,12.2,1302.0,2953.2,6.0
3784,General cargo ship,119.0,20.0,7223.0,7968.0,5400 KW,16.6,12.3,2634.0,5726.36,6.0
3785,Oil tanker,110.0,18.0,5184.0,9466.0,6200 KW,7.2,4.0,1335.92,1792.41,8.0
3790,Ro-pax ship,154.0,24.0,19976.0,3400.0,23400 KW,21.4,20.6,3208.81,31850.45,11.0
3792,LNG carrier,315.0,50.0,136685.0,122079.0,33300 KW,21.2,16.7,1828.7,31127.59,7.0
3794,LNG carrier,315.0,50.0,136685.0,121730.0,33556 KW,21.3,16.1,614.4,8695.45,7.0
3796,LNG carrier,315.0,50.0,136355.0,104701.0,,19.1,14.9,796.0,14347.36,7.0
3797,LNG carrier,315.0,50.0,136355.0,104666.0,,20.7,16.8,827.2,16862.56,7.0
3798,LNG carrier,315.0,50.0,136355.0,104561.0,,19.4,15.5,399.5,6756.47,7.0
3799,LNG carrier,320.0,50.0,135848.0,102779.0,,19.8,12.7,906.3,18020.08,7.0
3800,LNG carrier,315.0,50.0,135848.0,109484.0,,21.4,14.1,943.0,15637.79,7.0
3801,LNG carrier,315.0,50.0,135848.0,109661.0,,18.2,12.0,1449.5,28213.67,7.0
3802,LNG carrier,315.0,50.0,135848.0,109555.0,,18.5,15.6,2951.5,49103.9,7.0
3803,Chemical tanker,144.0,24.0,11641.0,19874.0,,14.4,10.7,1249.49,3504.32,1.0
3804,Chemical tanker,144.0,24.0,11647.0,19996.0,6150 KW,13.7,12.4,2894.9,7413.16,1.0
3806,Container ship,125.0,21.0,7112.0,8820.0,8400 KW,8.3,7.7,4811.73,13939.12,4.0
3807,Container ship,138.0,21.0,8032.0,10408.0,9000 KW,15.8,13.0,3515.0,11278.99,4.0
3808,Chemical tanker,119.0,22.0,8529.0,12094.0,,12.5,10.8,2070.55,8220.22,1.0
3809,Chemical tanker,140.0,22.0,10273.0,14995.0,7360 KW,12.4,11.0,2441.9,8715.61,1.0
3810,General cargo ship,126.0,15.0,5418.0,8493.0,,13.6,10.6,4832.0,5925.48,6.0
3811,Bulk carrier,228.0,32.0,43158.0,82150.0,,14.9,10.1,427.0,1886.46,0.0
3812,General cargo ship,136.0,16.0,5170.0,5827.0,1704 KW,9.2,6.3,371.75,186.27,6.0
3813,Oil tanker,229.0,42.0,55898.0,105342.0,12350 KW,14.1,8.2,2185.5,12892.86,8.0
3814,Bulk carrier,175.0,29.0,19817.0,32120.0,6840 KW,13.7,12.0,1317.7,3586.53,0.0
3819,Chemical tanker,148.0,21.0,10917.0,15988.0,5326 KW,17.0,11.3,3173.59,6851.61,1.0
3820,Bulk carrier,224.0,32.0,39738.0,76596.0,,14.3,12.2,1413.0,3991.31,0.0
3821,Bulk carrier,224.0,32.0,39736.0,76629.0,,13.8,9.5,0.0,0.0,0.0
3822,Container ship,170.0,27.0,17594.0,21264.0,15820 KW,18.3,13.6,2419.96,7429.27,4.0
3823,Container ship,170.0,27.0,17567.0,21262.0,,14.6,13.4,1323.02,5219.08,4.0
3824,Oil tanker,183.0,32.0,30042.0,50605.0,2250 KW,13.2,10.9,1201.9,4109.09,8.0
3825,Container ship,170.0,27.0,17594.0,21263.0,15820 KW,16.0,12.4,15.77,73.44,4.0
3826,Passenger ship,251.0,37.0,69203.0,8765.0,,18.9,12.5,298.89,16072.82,9.0
3829,General cargo ship,108.0,18.0,5604.0,8057.0,2800 KW,13.0,10.1,3922.77,5113.86,6.0
3830,General cargo ship,108.0,18.0,5604.0,8098.0,2999 KW,15.1,10.0,4638.35,6257.91,6.0
3831,Container ship,179.0,27.0,21018.0,25904.0,16660 KW,15.2,11.9,5233.7,24010.78,4.0
3832,Container ship,139.0,22.0,9996.0,11807.0,9600 KW,15.1,10.7,2676.0,7192.47,4.0
3833,Bulk carrier,292.0,45.0,91739.0,177987.0,,11.2,6.6,1423.4,11747.51,0.0
3836,Bulk carrier,150.0,26.0,14501.0,23641.0,5430 KW,11.9,7.9,1643.77,3525.93,0.0
3838,General cargo ship,177.0,28.0,20236.0,32250.0,,10.3,10.3,1439.0,4081.27,6.0
3839,General cargo ship,177.0,28.0,20236.0,32248.0,,15.5,11.9,1057.7,2533.07,6.0
3840,General cargo ship,177.0,28.0,20238.0,32285.0,,14.9,10.3,460.9,1404.77,6.0
3841,Oil tanker,179.0,32.0,28054.0,45967.0,6200 KW,14.9,9.9,987.0,3944.11,8.0
3842,Oil tanker,179.0,32.0,28056.0,45990.0,,15.5,11.1,3933.7,10270.65,8.0
3843,Oil tanker,174.0,27.0,20145.0,33694.0,,13.1,11.8,1806.6,6438.69,8.0
3846,General cargo ship,138.0,21.0,9611.0,12791.0,5400 KW,9.8,4.2,2538.51,5381.09,6.0
3848,General cargo ship,199.0,30.0,29758.0,46500.0,,13.9,10.4,2691.2,8603.86,6.0
3849,Bulk carrier,224.0,32.0,42638.0,82354.0,,10.6,10.0,0.0,0.0,0.0
3850,Bulk carrier,139.0,25.0,11743.0,18965.0,,14.0,8.8,2801.0,4682.4,0.0
3851,Oil tanker,179.0,32.0,28113.0,45750.0,,15.3,11.3,1719.0,5459.54,8.0
3852,Chemical tanker,145.0,23.0,11570.0,19973.0,,15.7,11.0,1037.9,3092.4,1.0
3854,Chemical tanker,145.0,24.0,11590.0,19994.0,,15.4,9.3,3305.22,8928.72,1.0
3855,Chemical tanker,145.0,23.0,11590.0,19998.0,,14.5,11.2,2368.2,5008.47,1.0
3856,Bulk carrier,120.0,25.0,11674.0,19100.0,5180 KW,13.9,9.3,2765.97,4884.75,0.0
3859,General cargo ship,127.0,16.0,5197.0,6315.0,2000 KW,11.9,8.0,1169.6,683.33,6.0
3860,General cargo ship,127.0,16.0,5197.0,6355.0,2000 KW,9.2,7.5,2383.0,1644.78,6.0
3861,General cargo ship,127.0,16.0,5197.0,6355.0,,8.7,7.3,3317.0,2692.37,6.0
3862,General cargo ship,127.0,16.0,5197.0,6355.0,,7.0,7.0,3784.0,2704.78,6.0
3863,General cargo ship,127.0,16.0,5197.0,6355.0,1935 KW,9.3,6.5,5158.0,3405.18,6.0
3864,General cargo ship,122.0,16.0,6046.0,7644.0,4000 KW,15.7,11.5,5145.8,9660.46,6.0
3865,General cargo ship,122.0,16.0,6046.0,7612.0,,13.5,12.2,5379.03,9042.3,6.0
3867,Bulk carrier,224.0,32.0,39643.0,75356.0,,17.2,12.0,1131.83,4865.94,0.0
3868,Bulk carrier,288.0,45.0,90092.0,180201.0,,13.8,11.4,902.0,4941.05,0.0
3870,General cargo ship,130.0,22.0,8500.0,13000.0,,12.6,9.6,1785.2,5704.54,6.0
3871,Chemical tanker,183.0,32.0,29733.0,51506.0,,15.5,11.9,3063.0,10483.32,1.0
3873,Bulk carrier,225.0,32.0,40892.0,76432.0,,15.1,10.8,378.83,1323.15,0.0
3874,Bulk carrier,225.0,32.0,40892.0,76432.0,,14.9,11.3,492.84,1745.94,0.0
3876,Bulk carrier,169.0,27.0,16951.0,28414.0,,10.6,10.6,1610.0,3547.58,0.0
3877,Chemical tanker,183.0,27.0,24066.0,38513.0,,13.2,11.8,564.8,1479.97,1.0
3878,Ro-pax ship,165.0,26.0,22308.0,6200.0,,14.1,14.1,3858.0,22716.02,11.0
3879,Ro-pax ship,165.0,26.0,29468.0,4200.0,,22.2,17.1,5076.0,35747.35,11.0
3880,Oil tanker,228.0,32.0,43797.0,76543.0,,16.2,11.6,1066.1,4922.77,8.0
3886,Ro-pax ship,176.0,27.0,36299.0,5000.0,,18.4,14.5,4630.25,66165.05,11.0
3887,Chemical tanker,144.0,23.0,11935.0,16748.0,6300 KW,13.0,9.7,3677.53,8711.93,1.0
3889,General cargo ship,108.0,18.0,5629.0,8053.0,,12.8,11.8,3496.71,5259.67,6.0
3890,General cargo ship,108.0,18.0,5629.0,8065.0,3000 KW,14.1,10.0,3637.25,4874.81,6.0
3891,Chemical tanker,189.0,32.0,27007.0,45680.0,11200 KW,15.0,11.2,3209.25,13291.38,1.0
3892,Chemical tanker,189.0,32.0,27007.0,45680.0,11200 KW,15.1,12.7,4158.05,16209.67,1.0
3893,General cargo ship,143.0,21.0,11864.0,17356.0,7800 KW,18.9,11.7,1075.0,2827.62,6.0
3894,General cargo ship,143.0,21.0,11864.0,17356.0,,13.5,11.9,2866.62,7635.21,6.0
3897,Container ship,182.0,28.0,21092.0,26811.0,,19.1,15.6,2549.59,11432.12,4.0
3899,Container ship,182.0,28.0,21162.0,26811.0,,14.6,11.9,1168.73,6043.87,4.0
3900,Container ship,182.0,28.0,21162.0,26645.0,,22.8,14.9,1298.8,6027.34,4.0
3901,Container ship,182.0,28.0,21092.0,26650.0,,20.9,16.3,2497.64,12521.2,4.0
3902,Container ship,141.0,20.0,7702.0,9516.0,9240 KW,15.1,9.8,4772.6,12490.92,4.0
3903,Container ship,141.0,20.0,7702.0,9620.0,9240 KW,18.7,14.9,5538.0,14670.74,4.0
3904,Container ship,141.0,21.0,7702.0,9587.0,7999 KW,19.7,14.9,6331.8,18148.1,4.0
3905,General cargo ship,141.0,20.0,6564.0,9620.0,5400 KW,14.6,9.8,3503.0,6807.39,6.0
3906,Bulk carrier,225.0,32.0,40170.0,75194.0,,12.3,10.3,347.52,1173.39,0.0
3912,Container ship,139.0,22.0,9996.0,11807.0,9600 KW,16.2,11.4,449.5,1484.38,4.0
3913,Chemical tanker,183.0,32.0,29733.0,51501.0,9480 KW,14.7,12.9,1100.2,3380.32,1.0
3914,Chemical tanker,183.0,32.0,29733.0,51603.0,,11.4,11.4,3755.5,11753.78,1.0
3916,Container ship,148.0,22.0,10308.0,12720.0,10500 KW,18.7,12.6,6505.6,23024.15,4.0
3918,General cargo ship,142.0,18.0,8999.0,12102.0,6000 KW,18.7,12.7,4118.0,9302.4,6.0
3921,Chemical tanker,147.0,22.0,11393.0,18000.0,5998 KW,15.1,11.6,3190.0,10084.2,1.0
3922,Oil tanker,145.0,23.0,11640.0,21206.0,6150 KW,16.2,12.0,2194.1,6460.94,8.0
3924,Chemical tanker,128.0,20.0,8539.0,13083.0,,13.6,12.1,675.1,1410.41,1.0
3927,Bulk carrier,169.0,27.0,16951.0,28448.0,,10.4,8.0,720.1,1647.88,0.0
3928,Oil tanker,182.0,32.0,26897.0,47522.0,,13.5,10.1,2097.15,5504.2,8.0
3934,Bulk carrier,139.0,25.0,11743.0,18981.0,,11.3,10.9,1304.0,2840.67,0.0
3935,Container ship,138.0,21.0,8032.0,10316.0,8400 KW,10.6,8.2,3010.65,10088.3,4.0
3937,General cargo ship,143.0,21.0,11864.0,17110.0,7800 KW,14.5,10.9,1631.12,4701.59,6.0
3938,Gas carrier,120.0,19.0,9121.0,10355.0,,18.2,8.4,5423.2,9961.51,5.0
3939,Gas carrier,119.0,19.0,9110.0,10264.0,5920 KW,14.4,12.1,3774.98,10037.26,5.0
3941,Bulk carrier,190.0,32.0,32379.0,57982.0,,15.1,10.8,71.1,321.37,0.0
3945,Container ship,139.0,22.0,8273.0,11051.0,8400 KW,17.2,14.3,2362.3,7181.37,4.0
3946,General cargo ship,145.0,18.0,7878.0,10758.0,4320 KW,16.4,11.8,3035.08,5319.43,6.0
3947,General cargo ship,145.0,18.0,7878.0,11104.0,4320 KW,14.6,11.9,2285.5,4220.19,6.0
3948,General cargo ship,145.0,18.0,7878.0,11149.0,,14.7,12.1,361.73,699.07,6.0
3949,General cargo ship,145.0,18.0,7878.0,11200.0,5875 KW,15.4,11.5,2051.88,3574.3,6.0
3951,General cargo ship,118.0,16.0,5132.0,7223.0,2975 KW,12.5,10.7,2557.48,3075.16,6.0
3953,Container ship,277.0,40.0,66399.0,73355.0,,14.3,14.3,841.8,9232.8,4.0
3954,LNG carrier,285.0,43.0,104169.0,81929.0,,21.3,13.8,3010.9,34181.39,7.0
3955,General cargo ship,138.0,21.0,9556.0,14415.0,5180 KW,13.2,9.7,2737.66,5090.26,6.0
3956,General cargo ship,138.0,21.0,9556.0,13446.0,5180 KW,13.4,11.9,3639.28,7005.64,6.0
3957,General cargo ship,138.0,21.0,9556.0,13464.0,5180 KW,14.5,10.3,3548.2,7783.5,6.0
3961,Bulk carrier,225.0,32.0,41668.0,78819.0,,13.6,10.1,1835.67,5971.38,0.0
3962,Bulk carrier,170.0,27.0,17979.0,29664.0,,12.9,12.1,1716.0,3582.62,0.0
3963,Bulk carrier,175.0,28.0,21059.0,35278.0,6748 KW,13.5,10.3,1989.0,4500.69,0.0
3964,Bulk carrier,179.0,28.0,21211.0,33401.0,,11.9,10.8,2310.78,6094.58,0.0
3965,Bulk carrier,137.0,23.0,9967.0,16383.0,,13.9,9.2,4210.15,7931.73,0.0
3966,Bulk carrier,179.0,28.0,21192.0,33248.0,,17.0,12.2,1324.0,3341.16,0.0
3967,General cargo ship,143.0,21.0,9490.0,14888.0,,16.9,10.9,3007.17,6205.04,6.0
3968,Chemical tanker,182.0,28.0,25180.0,37946.0,,16.4,13.4,1312.42,4300.7,1.0
3969,Oil tanker,243.0,42.0,60195.0,107510.0,,5.2,5.2,2792.0,13927.73,8.0
3970,Oil tanker,243.0,42.0,60205.0,107593.0,,15.6,11.7,2919.1,14784.46,8.0
3971,Oil tanker,243.0,42.0,60205.0,107687.0,,14.8,10.7,3497.02,16518.13,8.0
3972,Bulk carrier,158.0,25.0,14941.0,24781.0,,11.3,9.8,736.58,1563.31,0.0
3973,General cargo ship,199.0,30.0,29758.0,46500.0,9642 KW,14.0,10.4,3647.3,11690.95,6.0
3974,Bulk carrier,189.0,32.0,30665.0,55649.0,,15.7,11.0,940.2,3669.16,0.0
3975,General cargo ship,212.0,32.0,39258.0,54706.0,,14.7,11.6,1522.4,7340.3,6.0
3976,Bulk carrier,139.0,25.0,11669.0,19124.0,5180 KW,14.3,10.5,539.75,1153.71,0.0
3977,Container ship,140.0,23.0,10965.0,11900.0,9600 KW,13.9,12.5,4640.2,17990.88,4.0
3978,Container ship,140.0,23.0,10965.0,12558.0,8400 KW,13.2,7.5,3132.0,10742.98,4.0
3981,Oil tanker,144.0,23.0,11935.0,16578.0,11935 KW,14.4,11.4,3835.54,8428.87,8.0
3982,Gas carrier,128.0,18.0,7313.0,9201.0,5400 KW,15.1,12.7,2311.27,7535.02,5.0
3983,Gas carrier,128.0,18.0,7313.0,9133.0,5400 KW,17.5,14.8,1277.47,3806.3,5.0
3985,Chemical tanker,129.0,19.0,7232.0,11348.0,4500 KW,16.0,9.7,1096.77,3189.78,1.0
3986,Oil tanker,129.0,19.0,7636.0,11317.0,7636 KW,14.4,10.2,4638.15,8289.49,8.0
3987,Container ship,168.0,26.0,17488.0,17861.0,,17.8,12.2,4435.25,16430.68,4.0
3988,Container ship,168.0,27.0,17488.0,17882.0,11200 KW,21.2,10.6,4389.37,16559.2,4.0
3989,Gas carrier,204.0,32.0,36459.0,43475.0,,17.5,12.9,615.64,3174.66,5.0
3990,General cargo ship,134.0,19.0,7139.0,10315.0,2500 KW,9.0,7.0,3392.3,2715.53,6.0
3991,Container ship,277.0,40.0,66399.0,72900.0,,17.8,16.2,4532.4,50904.97,4.0
3992,Container ship,277.0,40.0,66399.0,72900.0,,12.1,12.1,4859.1,62873.13,4.0
3993,Container ship,277.0,40.0,66399.0,73262.0,70020 KW,18.0,15.4,4362.7,50657.08,4.0
3994,Container ship,141.0,22.0,10689.0,12513.0,9480 KW,13.9,12.4,889.5,2440.19,4.0
3996,Bulk carrier,134.0,20.0,9299.0,13045.0,,8.9,7.4,1410.32,3321.76,0.0
3997,Chemical tanker,129.0,19.0,7315.0,11288.0,4500 KW,11.1,8.8,4088.08,7688.59,1.0
3998,Ro-ro ship,142.0,23.0,14759.0,5125.0,,18.4,17.0,555.93,2787.47,12.0
3999,Ro-ro ship,142.0,23.0,14759.0,6500.0,,19.4,16.6,3875.22,19652.75,12.0
4000,Oil tanker,228.0,32.0,42010.0,73626.0,,13.3,9.7,1306.81,5836.35,8.0
4001,Container ship,228.0,32.0,36087.0,42594.0,28880 KW,13.8,13.8,4320.17,28396.35,4.0
4004,Chemical tanker,169.0,25.0,17644.0,25997.0,,12.3,11.0,4261.7,13373.16,1.0
4005,Chemical tanker,149.0,23.0,13472.0,19991.0,5920 KW,12.7,11.7,4346.3,11433.7,1.0
4006,Gas carrier,120.0,19.0,9175.0,10316.0,,14.9,12.3,5361.8,14985.31,5.0
4007,Chemical tanker,144.0,23.0,11935.0,16651.0,6300 KW,14.5,9.6,1052.98,2498.54,1.0
4008,Chemical tanker,144.0,23.0,11935.0,16611.0,6300 KW,13.6,9.6,3440.8,11242.06,1.0
4009,Oil tanker,249.0,43.0,61248.0,116050.0,18420 KW,8.6,8.6,4126.4,23371.36,8.0
4010,Oil tanker,249.0,43.0,61248.0,115949.0,,13.8,9.1,693.1,3610.19,8.0
4011,Container ship,147.0,23.0,9957.0,13761.0,9730 KW,13.3,12.5,1316.8,5003.98,4.0
4013,Bulk carrier,190.0,32.0,31532.0,56548.0,,14.7,12.8,626.5,1928.19,0.0
4014,Container ship,147.0,23.0,9957.0,13766.0,9730 KW,12.2,12.2,2424.0,7098.44,4.0
4015,Bulk carrier,224.0,32.0,39737.0,76596.0,,13.9,12.2,808.0,3362.66,0.0
4016,Bulk carrier,224.0,32.0,39737.0,76596.0,,15.2,12.4,1206.5,7239.92,0.0
4017,Chemical tanker,175.0,31.0,25385.0,40248.0,,11.9,9.0,2846.0,10410.0,1.0
4018,Oil tanker,183.0,32.0,29767.0,51498.0,,13.9,12.3,2540.8,10875.11,8.0
4020,Bulk carrier,177.0,28.0,22697.0,37322.0,,13.3,9.5,2522.8,7709.27,0.0
4023,Oil tanker,182.0,27.0,24112.0,38396.0,,14.3,11.1,96.25,135.93,8.0
4025,Ro-pax ship,211.0,30.0,36822.0,5400.0,,25.2,24.6,3436.86,56190.66,11.0
4026,Chemical tanker,170.0,26.0,19380.0,33232.0,,14.7,11.6,2010.74,6572.18,1.0
4027,Gas carrier,120.0,19.0,9175.0,10343.0,,15.5,6.1,1025.9,3214.92,5.0
4028,Gas carrier,120.0,19.0,9175.0,10348.0,,16.7,13.0,5516.4,15420.63,5.0
4029,Oil tanker,228.0,32.0,42010.0,73611.0,11300 KW,13.5,11.0,924.4,3891.6,8.0
4033,General cargo ship,139.0,16.0,5684.0,6933.0,,9.6,7.4,1264.05,891.73,6.0
4034,Container ship,129.0,20.0,7545.0,8209.0,7200 KW,15.1,13.3,4543.29,14488.23,4.0
4040,LNG carrier,289.0,44.0,101129.0,79592.0,,18.2,12.6,1290.52,15181.92,7.0
4041,Bulk carrier,224.0,32.0,42751.0,81383.0,10270 KW,14.2,10.1,1703.8,4847.8,0.0
4042,Bulk carrier,229.0,32.0,44251.0,83610.0,,13.3,11.1,1726.0,7155.12,0.0
4043,Bulk carrier,178.0,28.0,19972.0,30487.0,6232 KW,13.6,10.0,1301.0,5699.14,0.0
4044,General cargo ship,171.0,27.0,19748.0,31568.0,,10.3,8.3,1565.38,4164.77,6.0
4045,Container ship,134.0,22.0,9981.0,11254.0,8400 KW,17.3,11.5,4159.1,12210.13,4.0
4046,Container ship,134.0,22.0,9981.0,11253.0,,17.1,11.5,4008.0,11319.42,4.0
4047,Container ship,134.0,22.0,9981.0,11408.0,,16.5,14.2,4846.0,14102.06,4.0
4048,Container ship,134.0,22.0,9981.0,11255.0,7950 KW,10.6,10.3,5351.0,15985.95,4.0
4049,Bulk carrier,224.0,32.0,42747.0,81354.0,9700 KW,14.6,11.9,0.0,0.0,0.0
4050,Bulk carrier,224.0,32.0,42747.0,81397.0,13000 KW,14.0,11.8,0.0,0.0,0.0
4051,General cargo ship,159.0,24.0,12950.0,6695.0,,20.9,15.2,1578.71,8703.96,6.0
4052,General cargo ship,159.0,24.0,12950.0,12007.0,,19.8,16.3,2227.43,12083.97,6.0
4053,General cargo ship,159.0,24.0,13058.0,6628.0,,19.4,16.1,1201.91,6787.72,6.0
4055,Ro-ro ship,195.0,26.0,31340.0,14552.0,10800 KW,16.5,11.8,4945.15,21412.96,12.0
4057,Ro-ro ship,195.0,26.0,25593.0,14483.0,,17.6,11.5,5481.22,24478.38,12.0
4058,Ro-ro ship,195.0,26.0,25593.0,14538.0,,18.9,15.3,6457.52,30623.21,12.0
4059,Oil tanker,183.0,27.0,24066.0,38431.0,9400 KW,13.7,9.9,4085.02,11959.5,8.0
4061,Chemical tanker,175.0,31.0,25385.0,39998.0,,15.2,9.8,2281.52,8695.41,1.0
4065,Chemical tanker,119.0,20.0,7020.0,11673.0,,13.0,8.3,3627.3,5538.62,1.0
4066,Oil tanker,135.0,24.0,11350.0,15994.0,,10.8,10.8,3420.0,10687.61,8.0
4067,Oil tanker,135.0,24.0,11350.0,15994.0,,11.7,9.2,3672.7,11715.08,8.0
4068,Gas carrier,204.0,32.0,36459.0,43601.0,,17.7,13.2,1146.2,5371.99,5.0
4070,Gas carrier,204.0,32.0,36459.0,43538.0,,15.4,13.0,1393.8,7651.28,5.0
4071,Oil tanker,330.0,60.0,156915.0,297958.0,,16.5,11.6,1226.1,10842.28,8.0
4072,Container/ro-ro cargo ship,210.0,32.0,47218.0,26652.0,,18.3,17.1,2734.22,20567.02,3.0
4077,Container ship,215.0,29.0,28048.0,38080.0,21770 KW,19.5,12.8,1232.53,6912.3,4.0
4078,Oil tanker,182.0,27.0,23248.0,37847.0,9480 KW,18.0,12.5,0.0,0.0,8.0
4079,Oil tanker,184.0,27.0,23248.0,37824.0,,6.3,5.1,4846.9,15550.3,8.0
4080,Bulk carrier,189.0,32.0,29986.0,53466.0,9500 KW,15.2,11.9,1756.3,7309.94,0.0
4081,Bulk carrier,169.0,27.0,16960.0,28447.0,,14.3,10.4,902.0,2074.69,0.0
4083,General cargo ship,129.0,19.0,8395.0,11185.0,6000 KW,15.7,14.2,2279.48,5285.72,6.0
4084,Bulk carrier,179.0,28.0,20987.0,33098.0,,13.7,11.8,935.5,2680.49,0.0
4086,Gas carrier,154.0,22.0,13893.0,18880.0,,17.1,12.3,3645.9,15450.34,5.0
4087,Gas carrier,154.0,22.0,13893.0,18110.0,9720 KW,14.4,12.6,464.3,2378.78,5.0
4088,General cargo ship,115.0,16.0,5261.0,6042.0,3840 KW,12.7,11.1,1876.19,3409.23,6.0
4091,Gas carrier,137.0,19.0,10105.0,10446.0,7000 KW,13.3,7.0,5721.48,12025.78,5.0
4092,Gas carrier,137.0,19.0,10105.0,10441.0,4758 KW,20.2,14.4,4899.27,10280.63,5.0
4094,Chemical tanker,127.0,20.0,8485.0,12927.0,7800 KW,14.0,10.0,4634.5,8135.0,1.0
4095,Oil tanker,274.0,48.0,85037.0,159021.0,,14.8,9.2,3091.3,18262.93,8.0
4096,Chemical tanker,176.0,32.0,29614.0,51434.0,,13.9,11.1,824.9,2848.71,1.0
4097,Bulk carrier,228.0,32.0,43151.0,82050.0,,29.8,29.8,1275.8,4912.02,0.0
4104,Oil tanker,144.0,23.0,11935.0,16611.0,,13.1,11.2,4582.02,8610.54,8.0
4105,Oil tanker,274.0,48.0,78845.0,149993.0,,11.2,11.2,723.9,3695.43,8.0
4107,Chemical tanker,183.0,32.0,29597.0,46846.0,,4.7,4.7,1835.5,5227.38,1.0
4109,Oil tanker,274.0,47.0,85030.0,159021.0,,12.2,9.8,3967.08,18420.47,8.0
4110,Oil tanker,274.0,48.0,85030.0,159021.0,16806 KW,13.1,8.8,1912.32,9666.83,8.0
4112,Oil tanker,183.0,32.0,30119.0,50922.0,,15.9,10.7,2369.0,9010.99,8.0
4114,Chemical tanker,183.0,32.0,30119.0,50922.0,,15.3,9.5,1697.3,5883.72,1.0
4115,Container ship,183.0,24.0,17687.0,22014.0,,16.2,12.2,1713.02,6093.27,4.0
4116,Container ship,184.0,24.0,17687.0,22030.0,,14.2,13.6,4831.95,16939.01,4.0
4117,Container ship,184.0,24.0,17687.0,22028.0,,15.1,13.3,140.17,447.26,4.0
4118,Oil tanker,250.0,43.0,61303.0,115878.0,,15.7,10.8,2624.2,19103.44,8.0
4119,Oil tanker,250.0,43.0,61303.0,115760.0,,13.9,12.2,1856.3,10954.54,8.0
4120,Bulk carrier,175.0,29.0,19846.0,32017.0,6840 KW,5.1,4.2,2292.6,6674.39,0.0
4121,Bulk carrier,175.0,29.0,19846.0,32029.0,,15.7,11.7,933.71,2821.13,0.0
4122,General cargo ship,175.0,29.0,19825.0,31890.0,,14.3,13.4,1775.9,4662.03,6.0
4124,Chemical tanker,141.0,24.0,11585.0,20564.0,6230 KW,15.0,13.7,1795.77,4790.88,1.0
4125,Chemical tanker,170.0,26.0,19444.0,33619.0,7980 KW,14.6,14.1,2411.8,9273.92,1.0
4126,Bulk carrier,179.0,28.0,20987.0,33157.0,,13.4,9.7,496.3,1319.48,0.0
4127,Chemical tanker,147.0,24.0,12104.0,20758.0,,14.6,12.3,2107.91,5259.2,1.0
4128,Chemical tanker,159.0,26.0,16222.0,25441.0,,13.5,11.4,1427.8,4590.19,1.0
4129,Oil tanker,182.0,32.0,26900.0,47408.0,,14.0,7.8,2760.4,6207.93,8.0
4130,Oil tanker,182.0,32.0,26934.0,47402.0,,9.4,7.2,3856.7,9980.89,8.0
4131,Oil tanker,182.0,32.0,26900.0,47401.0,8680 KW,13.3,10.7,2117.0,6970.95,8.0
4132,Oil tanker,182.0,32.0,26938.0,47370.0,,12.6,7.7,3032.0,9205.83,8.0
4133,Oil tanker,182.0,27.0,23248.0,37879.0,9480 KW,17.2,12.3,554.0,2478.98,8.0
4134,Chemical tanker,183.0,32.0,29295.0,46938.0,,15.4,13.1,3507.5,11774.63,1.0
4136,Oil tanker,183.0,32.0,29295.0,46968.0,9500 KW,17.3,13.2,1923.3,6943.8,8.0
4137,Chemical tanker,131.0,18.0,7833.0,10736.0,3626 KW,15.2,11.6,3172.63,6113.09,1.0
4138,Oil tanker,188.0,32.0,26548.0,40598.0,11200 KW,16.0,11.6,4105.92,14440.95,8.0
4139,Oil tanker,188.0,32.0,26548.0,40549.0,11400 KW,16.4,12.4,4450.03,15768.76,8.0
4140,Chemical tanker,183.0,32.0,29266.0,49999.0,,14.0,10.9,3623.8,10578.44,1.0
4141,Chemical tanker,183.0,32.0,29266.0,47128.0,10956 KW,13.2,10.6,4165.2,12608.5,1.0
4144,Oil tanker,182.0,27.0,23248.0,37889.0,,16.7,13.3,4954.0,11505.12,8.0
4145,Oil tanker,184.0,27.0,23248.0,37889.0,9480 KW,17.3,11.3,2099.11,4729.81,8.0
4146,Oil tanker,274.0,48.0,81324.0,158819.0,,16.4,9.6,746.8,3975.48,8.0
4148,General cargo ship,199.0,30.0,29758.0,46559.0,,13.1,10.4,3118.9,10335.21,6.0
4149,General cargo ship,212.0,32.0,39258.0,54810.0,,16.0,10.9,622.9,2902.51,6.0
4150,General cargo ship,171.0,27.0,19748.0,31582.0,,13.6,10.2,926.47,2494.55,6.0
4151,Bulk carrier,177.0,28.0,22718.0,37277.0,7080 KW,13.2,11.3,4197.3,11027.3,0.0
4152,Chemical tanker,183.0,32.0,28960.0,50922.0,,8.9,8.9,1579.0,4459.68,1.0
4154,Bulk carrier,224.0,32.0,39738.0,76596.0,,14.8,10.7,1370.7,4381.21,0.0
4157,General cargo ship,119.0,19.0,7064.0,8893.0,,16.0,13.7,4256.17,11822.94,6.0
4161,General cargo ship,108.0,18.0,5599.0,7775.0,2800 KW,9.4,8.6,4350.26,4496.37,6.0
4162,General cargo ship,108.0,18.0,5599.0,7694.0,2800 KW,11.6,9.2,4478.45,4957.7,6.0
4163,General cargo ship,108.0,18.0,5599.0,7678.0,2800 KW,11.3,9.6,5718.11,5841.13,6.0
4164,Chemical tanker,175.0,31.0,25400.0,40037.0,8580 KW,13.4,9.9,3446.0,11549.06,1.0
4165,Chemical tanker,175.0,31.0,25400.0,40099.0,8580 KW,13.1,12.7,4148.42,14700.38,1.0
4166,Bulk carrier,229.0,32.0,44146.0,83684.0,,15.3,11.7,1752.0,6204.23,0.0
4167,Chemical tanker,183.0,32.0,29508.0,46522.0,,13.5,11.7,3440.5,11074.21,1.0
4171,Chemical tanker,183.0,32.0,29266.0,49999.0,,15.6,9.7,4001.3,12565.28,1.0
4173,Bulk carrier,168.0,25.0,13965.0,21211.0,,8.6,5.6,3989.0,8147.54,0.0
4175,General cargo ship,129.0,19.0,6013.0,8447.0,,12.6,6.8,2724.0,2465.69,6.0
4176,Chemical tanker,174.0,27.0,20517.0,35293.0,,12.0,8.3,467.3,2008.08,1.0
4178,Oil tanker,179.0,32.0,28508.0,45986.0,,14.5,13.2,3574.1,16041.93,8.0
4183,Bulk carrier,189.0,30.0,30351.0,50640.0,9480 KW,14.2,11.5,0.0,0.0,0.0
4184,Oil tanker,248.0,43.0,61382.0,115873.0,13560 KW,15.3,10.4,4534.4,21400.93,8.0
4185,Oil tanker,248.0,43.0,61382.0,115748.0,13560 KW,13.5,12.4,5194.95,20502.92,8.0
4186,Oil tanker,182.0,32.0,27725.0,46564.0,8310 KW,15.3,11.7,5059.0,17804.04,8.0
4187,Oil tanker,228.0,32.0,41676.0,74200.0,,11.6,10.3,866.95,4350.31,8.0
4189,General cargo ship,120.0,17.0,5317.0,7702.0,2868 KW,12.1,9.7,3997.36,2998.93,6.0
4194,General cargo ship,177.0,28.0,20236.0,32228.0,,14.1,11.4,1038.4,2525.26,6.0
4195,Ro-ro ship,126.0,20.0,15643.0,3500.0,,18.7,16.5,6041.72,15918.27,12.0
4196,Ro-ro ship,126.0,20.0,15643.0,3500.0,,17.8,17.0,6158.98,20907.48,12.0
4197,Container ship,142.0,22.0,9610.0,12829.0,7860 KW,15.6,15.0,0.0,0.0,4.0
4198,Chemical tanker,101.0,19.0,5713.0,8025.0,2970 KW,14.0,10.8,4950.65,7193.53,1.0
4200,Bulk carrier,224.0,32.0,41655.0,75500.0,11300 KW,14.7,10.2,1382.93,5455.52,0.0
4201,Oil tanker,243.0,42.0,58418.0,106850.0,,16.7,10.2,754.45,4544.15,8.0
4206,Chemical tanker,183.0,32.0,30109.0,51218.0,,10.7,7.5,1632.18,4389.83,1.0
4207,Oil tanker,183.0,32.0,30109.0,51225.0,,16.2,11.5,1131.7,2898.07,8.0
4210,Oil tanker,184.0,27.0,23335.0,37481.0,,13.8,11.7,3950.9,13914.27,8.0
4211,Oil tanker,184.0,27.0,23335.0,37481.0,,13.5,11.6,3965.2,13164.62,8.0
4212,Oil tanker,184.0,27.0,23335.0,37481.0,,12.6,8.8,3268.53,13055.97,8.0
4213,Chemical tanker,130.0,24.0,11186.0,17096.0,8910 KW,13.7,12.0,3358.26,8995.48,1.0
4214,General cargo ship,108.0,18.0,5629.0,8046.0,,12.7,8.3,3048.13,4230.12,6.0
4215,General cargo ship,108.0,18.0,5629.0,8071.0,2800 KW,11.4,9.9,3516.6,4718.28,6.0
4216,Oil tanker,333.0,58.0,162252.0,319427.0,,16.5,9.8,1630.2,13355.04,8.0
4217,Chemical tanker,183.0,32.0,29967.0,50923.0,9480 KW,15.4,12.6,3836.6,12580.1,1.0
4218,General cargo ship,138.0,21.0,9618.0,12732.0,5400 KW,16.2,13.6,1871.18,4849.69,6.0
4222,Chemical tanker,176.0,29.0,19986.0,30720.0,10800 KW,5.1,5.1,1779.87,6790.41,1.0
4224,Bulk carrier,229.0,32.0,43717.0,80300.0,,16.6,11.8,803.04,3202.47,0.0
4225,Bulk carrier,229.0,32.0,43717.0,79964.0,11620 KW,14.7,11.0,899.76,4312.36,0.0
4226,Oil tanker,244.0,42.0,59177.0,115325.0,,9.2,8.1,539.3,2768.4,8.0
4228,Bulk carrier,169.0,27.0,16951.0,28456.0,,14.6,7.6,1227.9,3204.53,0.0
4233,Container ship,293.0,40.0,72597.0,72982.0,62000 KW,18.9,14.3,870.5,6110.47,4.0
4234,Oil tanker,332.0,60.0,166414.0,320142.0,,14.4,11.5,1685.6,13649.29,8.0
4235,General cargo ship,177.0,28.0,20236.0,32295.0,,12.8,10.7,534.8,1294.01,6.0
4236,General cargo ship,177.0,28.0,20242.0,32311.0,6620 KW,15.7,13.3,2894.93,7264.75,6.0
4237,General cargo ship,177.0,28.0,20238.0,32283.0,6617 KW,17.1,11.4,1504.13,4068.89,6.0
4238,Oil tanker,184.0,27.0,23300.0,37469.0,,15.5,11.3,3313.68,11640.26,8.0
4239,Oil tanker,274.0,48.0,81732.0,159995.0,25320 KW,14.0,11.4,1193.2,6039.52,8.0
4241,General cargo ship,189.0,32.0,30983.0,54204.0,,13.3,11.4,527.3,1791.75,6.0
4243,Container ship,258.0,32.0,40560.0,52513.0,,17.5,13.9,1599.0,15119.8,4.0
4246,General cargo ship,128.0,15.0,5937.0,8027.0,,11.2,10.4,3776.86,5126.42,6.0
4247,General cargo ship,128.0,16.0,5887.0,7910.0,2999 KW,13.7,12.2,4815.38,6897.86,6.0
4248,General cargo ship,128.0,15.0,5887.0,8052.0,3000 KW,13.2,10.5,5177.9,5479.97,6.0
4249,Container ship,208.0,29.0,26404.0,34194.0,,19.1,15.4,1611.9,8214.07,4.0
4253,Chemical tanker,130.0,19.0,8198.0,11505.0,,13.2,9.8,3696.12,8448.16,1.0
4254,Gas carrier,227.0,32.0,42897.0,54004.0,12266 KW,15.3,13.5,925.5,4708.84,5.0
4255,Bulk carrier,189.0,32.0,32379.0,58679.0,,16.3,12.3,918.85,3776.51,0.0
4256,Bulk carrier,225.0,32.0,40198.0,75149.0,,14.1,12.2,284.08,1241.52,0.0
4257,Container ship,258.0,32.0,40560.0,52357.0,36000 KW,13.4,10.9,1897.0,16229.85,4.0
4258,Container ship,259.0,32.0,40560.0,52408.0,,17.0,13.0,514.0,5437.38,4.0
4259,Container ship,259.0,32.0,40560.0,52513.0,,18.5,12.7,1530.0,11051.64,4.0
4260,Container ship,170.0,25.0,16023.0,20073.0,,16.1,12.4,5394.3,13553.02,4.0
4261,Oil tanker,250.0,44.0,62775.0,113021.0,,15.9,13.8,2437.33,12449.37,8.0
4262,Container ship,168.0,27.0,17488.0,17894.0,11200 KW,13.9,10.9,4260.94,17760.87,4.0
4263,Bulk carrier,189.0,28.0,24109.0,38981.0,7368 KW,11.4,11.4,2715.33,6565.74,0.0
4265,Container ship,161.0,25.0,15597.0,17083.0,13560 KW,17.1,10.6,4347.1,11676.13,4.0
4266,Chemical tanker,183.0,27.0,24066.0,38496.0,12712 KW,12.3,8.0,270.0,1005.76,1.0
4267,Passenger ship,293.0,32.0,92627.0,10561.0,,20.2,20.0,544.0,28218.19,9.0
4268,Passenger ship,293.0,32.0,95128.0,9429.0,,18.9,18.0,3709.24,64877.19,9.0
4269,Bulk carrier,288.0,45.0,90092.0,180201.0,18630 KW,17.3,11.4,1845.0,9872.06,0.0
4270,Oil tanker,183.0,32.0,29767.0,51476.0,,13.4,11.2,1275.2,3925.65,8.0
4271,Oil tanker,246.0,42.0,59671.0,110448.0,,10.8,10.8,1465.2,7405.07,8.0
4273,Bulk carrier,191.0,32.0,31117.0,53447.0,8532 KW,12.0,10.2,2062.0,5668.62,0.0
4274,Bulk carrier,189.0,32.0,31117.0,53474.0,,10.8,4.6,4567.64,14667.81,0.0
4275,Container ship,170.0,25.0,15924.0,20044.0,17186 KW,15.4,13.8,4600.22,13451.7,4.0
4276,Container ship,157.0,23.0,11550.0,14756.0,9000 KW,16.1,14.8,4945.58,15310.36,4.0
4278,Chemical tanker,183.0,32.0,29736.0,46195.0,7069 KW,15.5,12.3,1355.2,5399.76,1.0
4279,Chemical tanker,183.0,32.0,29736.0,46265.0,,13.1,11.9,605.4,1611.4,1.0
4280,Chemical tanker,183.0,32.0,29657.0,46180.0,,13.4,11.7,389.67,1617.08,1.0
4281,Chemical tanker,183.0,32.0,29807.0,46287.0,,13.3,11.0,743.42,2787.21,1.0
4284,Chemical tanker,183.0,32.0,29733.0,51476.0,,15.1,11.5,612.5,1678.54,1.0
4289,Container ship,147.0,23.0,9957.0,13760.0,9730 KW,14.3,13.4,3160.42,9649.48,4.0
4290,Oil tanker,244.0,42.0,57144.0,105746.0,,11.1,6.6,3469.4,16536.71,8.0
4291,Oil tanker,244.0,42.0,57144.0,105777.0,,13.9,10.8,2628.37,14474.3,8.0
4292,General cargo ship,126.0,20.0,7532.0,8716.0,7200 KW,12.7,11.4,4290.61,10882.85,6.0
4293,General cargo ship,126.0,20.0,7532.0,8279.0,,16.5,14.6,4737.83,16326.21,6.0
4295,Container ship,139.0,22.0,8246.0,11166.0,8400 KW,17.8,13.4,4334.33,14215.6,4.0
4296,Container ship,139.0,22.0,8246.0,11157.0,8400 KW,13.1,8.8,4579.33,16759.74,4.0
4297,Container ship,139.0,22.0,8246.0,11174.0,8400 KW,19.9,17.0,4713.41,16592.17,4.0
4298,Chemical tanker,170.0,26.0,17822.0,25421.0,7860 KW,15.3,11.6,3577.05,13135.01,1.0
4301,Oil tanker,245.0,42.0,62863.0,108912.0,13741 KW,13.6,11.6,743.7,4472.0,8.0
4303,Oil tanker,245.0,42.0,62863.0,108940.0,,16.9,11.2,1077.2,8576.79,8.0
4305,General cargo ship,138.0,21.0,9611.0,12669.0,5400 KW,14.4,12.5,1689.69,3722.58,6.0
4306,General cargo ship,138.0,21.0,9611.0,12651.0,5400 KW,15.2,13.5,858.97,1924.49,6.0
4307,General cargo ship,138.0,21.0,9611.0,12685.0,5400 KW,12.5,9.0,1643.0,3596.87,6.0
4308,General cargo ship,138.0,21.0,9611.0,12669.0,5400 KW,15.9,11.9,749.43,1727.67,6.0
4309,Oil tanker,333.0,60.0,160598.0,299999.0,,15.1,9.7,322.9,5268.95,8.0
4310,Oil tanker,243.0,42.0,58667.0,107157.0,,15.2,12.2,1921.36,8834.92,8.0
4311,Oil tanker,243.0,42.0,58667.0,107009.0,,15.3,9.8,2395.6,13082.21,8.0
4312,Oil tanker,243.0,42.0,58418.0,106850.0,,16.0,10.1,5409.22,19403.36,8.0
4313,Oil tanker,243.0,42.0,58667.0,106969.0,18420 KW,15.1,11.2,3809.75,19118.03,8.0
4314,Oil tanker,333.0,60.0,158536.0,317788.0,,13.5,11.3,1748.1,15234.06,8.0
4315,Oil tanker,248.0,44.0,62491.0,112085.0,14320 KW,14.6,10.4,1175.7,6632.76,8.0
4316,Container ship,129.0,20.0,7545.0,8168.0,7000 KW,16.7,13.8,4559.55,12731.86,4.0
4317,Chemical tanker,183.0,32.0,29341.0,46923.0,,14.9,9.9,557.0,1721.43,1.0
4318,Container ship,261.0,32.0,40487.0,51733.0,,18.1,14.1,2808.2,18238.01,4.0
4319,Chemical tanker,180.0,32.0,25709.0,37961.0,,14.3,11.9,2876.36,12041.91,1.0
4320,Chemical tanker,180.0,32.0,25709.0,38004.0,,14.7,11.2,1583.87,6079.56,1.0
4322,Container ship,260.0,32.0,40030.0,50775.0,49679 KW,19.9,15.1,4254.25,42022.9,4.0
4325,Oil tanker,228.0,32.0,42446.0,74999.0,,16.9,12.2,484.78,2563.63,8.0
4326,Oil tanker,228.0,32.0,42446.0,74999.0,,18.0,13.5,982.8,2737.35,8.0
4327,Oil tanker,228.0,32.0,42446.0,74999.0,,18.3,12.4,2650.1,9057.94,8.0
4328,Oil tanker,243.0,42.0,60205.0,107574.0,4320 KW,14.3,11.3,2728.92,12562.71,8.0
4329,Oil tanker,243.0,42.0,60205.0,107600.0,13560 KW,20.9,11.8,957.9,5969.17,8.0
4330,Oil tanker,248.0,40.0,62201.0,109999.0,15820 KW,12.6,11.5,1339.6,6132.0,8.0
4331,LNG carrier,288.0,44.0,100374.0,86353.0,28400 KW,7.2,7.2,632.37,7043.03,7.0
4332,Ro-pax ship,165.0,25.0,24760.0,9737.0,,16.3,16.1,2782.77,24978.78,11.0
4333,Container ship,147.0,23.0,9957.0,13803.0,9730 KW,15.4,13.2,3054.0,9151.37,4.0
4335,Oil tanker,274.0,48.0,85030.0,159021.0,,15.4,11.8,1146.7,4244.22,8.0
4336,LNG carrier,283.0,43.0,96153.0,80780.0,,11.0,6.4,265.37,3938.97,7.0
4337,Oil tanker,183.0,32.0,29283.0,49999.0,,13.6,12.4,2992.15,9671.49,8.0
4338,Container ship,132.0,19.0,6701.0,8238.0,6300 KW,14.8,14.0,5307.9,15173.81,4.0
4339,Oil tanker,228.0,32.0,42331.0,74999.0,,12.3,8.4,4232.1,18121.01,8.0
4340,Chemical tanker,129.0,19.0,7243.0,9595.0,4500 KW,14.5,8.2,4974.86,9634.03,1.0
4341,Chemical tanker,129.0,19.0,7243.0,9597.0,4500 KW,14.9,12.3,4853.0,10118.88,1.0
4342,General cargo ship,108.0,18.0,5629.0,8046.0,2800 KW,13.2,9.2,4373.68,6107.48,6.0
4344,Chemical tanker,183.0,32.0,29832.0,50349.0,,16.9,11.4,3141.5,13940.37,1.0
4346,Chemical tanker,184.0,27.0,23403.0,37606.0,7860 KW,9.9,9.9,2013.1,7312.44,1.0
4347,Chemical tanker,184.0,27.0,23403.0,37652.0,,13.5,10.4,3442.2,13354.01,1.0
4349,Chemical tanker,184.0,27.0,23403.0,37606.0,7860 KW,12.7,10.9,3702.2,10404.69,1.0
4351,Chemical tanker,184.0,27.0,23403.0,37599.0,7860 KW,14.2,13.3,2480.39,8561.41,1.0
4352,Chemical tanker,183.0,32.0,29266.0,49999.0,,15.6,9.8,608.9,2122.47,1.0
4354,Oil tanker,182.0,40.0,36210.0,64834.0,,13.1,7.9,1398.7,7317.1,8.0
4356,Chemical tanker,183.0,32.0,30075.0,50748.0,,6.9,6.9,1998.0,7845.43,1.0
4361,Bulk carrier,287.0,45.0,88479.0,170000.0,22920 KW,14.0,9.4,1283.3,8525.11,0.0
4362,General cargo ship,177.0,28.0,20236.0,32258.0,,11.3,8.9,1563.16,3596.59,6.0
4364,Oil tanker,183.0,32.0,27015.0,47329.0,,15.2,11.4,3416.75,14964.81,8.0
4365,Bulk carrier,179.0,28.0,21192.0,33371.0,,12.6,10.3,1545.19,4803.29,0.0
4366,General cargo ship,149.0,24.0,13668.0,19922.0,,12.5,9.9,1186.8,2424.98,6.0
4369,Bulk carrier,150.0,26.0,14501.0,23641.0,,14.6,10.7,2022.0,4105.93,0.0
4371,Gas carrier,119.0,19.0,7218.0,9127.0,,15.4,9.1,3418.0,7451.98,5.0
4373,Chemical tanker,185.0,31.0,26459.0,39572.0,,18.5,13.2,2063.6,7652.99,1.0
4377,Chemical tanker,185.0,32.0,30969.0,47018.0,10200 KW,13.4,11.0,669.9,2203.47,1.0
4378,Oil tanker,183.0,32.0,29325.0,49999.0,,14.6,8.4,2538.2,8884.96,8.0
4379,Oil tanker,183.0,32.0,29331.0,49999.0,,14.4,10.0,669.5,2464.83,8.0
4380,Oil tanker,183.0,32.0,29325.0,49999.0,11340 KW,15.8,9.5,3501.6,10415.66,8.0
4381,Chemical tanker,183.0,32.0,29307.0,49999.0,,15.9,11.2,1639.4,5355.15,1.0
4383,Oil tanker,243.0,42.0,59258.0,115146.0,,15.2,11.9,1769.3,10015.93,8.0
4384,Container ship,223.0,32.0,35835.0,43123.0,28880 KW,15.4,11.8,2880.9,26072.42,4.0
4386,Chemical tanker,117.0,21.0,6764.0,10303.0,2700 KW,11.3,6.3,2103.3,3411.64,1.0
4387,Chemical tanker,117.0,21.0,6764.0,10303.0,5400 KW,7.0,5.9,5271.25,8494.16,1.0
4388,Oil tanker,228.0,32.0,43797.0,76586.0,,13.8,12.1,1992.3,7954.78,8.0
4389,Oil tanker,228.0,32.0,43797.0,76579.0,,14.1,9.6,335.2,921.44,8.0
4390,Oil tanker,228.0,32.0,43885.0,76578.0,,11.0,11.0,1189.8,6298.73,8.0
4391,Bulk carrier,185.0,23.0,19814.0,30801.0,7200 KW,12.8,6.7,1111.42,3111.51,0.0
4393,Bulk carrier,185.0,23.0,19814.0,30803.0,,14.9,8.8,2849.96,7327.12,0.0
4395,General cargo ship,159.0,24.0,13058.0,11937.0,,19.0,14.7,2094.11,11020.69,6.0
4398,Chemical tanker,115.0,18.0,5744.0,8139.0,4200 KW,13.4,10.3,4429.11,8427.4,1.0
4399,Chemical tanker,115.0,18.0,5744.0,8110.0,3900 KW,13.9,9.7,3637.23,7533.62,1.0
4400,Bulk carrier,190.0,23.0,20603.0,29984.0,9480 KW,14.6,9.3,3434.45,9704.06,0.0
4401,Bulk carrier,190.0,23.0,20603.0,29978.0,7800 KW,12.6,10.7,1464.5,3897.95,0.0
4402,Bulk carrier,190.0,23.0,20603.0,29909.0,,11.9,11.9,1568.44,4023.04,0.0
4404,General cargo ship,159.0,27.0,19128.0,25733.0,9000 KW,14.9,11.5,1928.45,5298.78,6.0
4405,General cargo ship,159.0,27.0,19128.0,25733.0,,11.1,11.1,818.7,2211.66,6.0
4406,General cargo ship,159.0,27.0,19128.0,25732.0,6810 KW,14.6,11.2,1825.82,4678.69,6.0
4407,General cargo ship,159.0,27.0,19128.0,25774.0,6810 KW,13.0,10.1,3296.6,8575.83,6.0
4408,General cargo ship,159.0,27.0,19128.0,25747.0,6810 KW,15.0,13.0,1375.1,3726.92,6.0
4409,Bulk carrier,177.0,28.0,22697.0,37268.0,7080 KW,15.1,11.5,1197.62,3798.78,0.0
4410,Bulk carrier,177.0,28.0,22697.0,37317.0,7210 KW,12.5,8.7,3553.48,11657.68,0.0
4411,Oil tanker,101.0,19.0,5581.0,7310.0,,11.5,7.5,1178.0,1328.56,8.0
4412,Chemical tanker,101.0,19.0,5581.0,7279.0,2970 KW,14.2,9.0,2359.1,3806.21,1.0
4414,General cargo ship,140.0,24.0,12802.0,6959.0,9000 KW,10.9,5.8,3293.7,8740.74,6.0
4415,Chemical tanker,180.0,32.0,25864.0,40435.0,9480 KW,16.5,12.0,2788.92,8561.4,1.0
4417,Bulk carrier,158.0,23.0,14116.0,21057.0,5690 KW,12.0,8.2,4402.9,10714.51,0.0
4418,Bulk carrier,158.0,23.0,14116.0,21058.0,5920 KW,12.3,10.1,3296.5,8002.97,0.0
4419,Chemical tanker,145.0,23.0,11233.0,16669.0,4440 KW,13.6,11.8,5870.72,13481.87,1.0
4420,Bulk carrier,228.0,32.0,43158.0,82549.0,,12.9,10.7,769.77,2367.66,0.0
4421,Container ship,223.0,32.0,35835.0,43206.0,29045 KW,19.1,17.9,2345.63,20601.18,4.0
4422,Container ship,223.0,32.0,35835.0,43114.0,,21.0,19.5,2406.27,18739.78,4.0
4423,Oil tanker,250.0,44.0,62775.0,112969.0,15820 KW,12.9,9.2,2602.0,14251.31,8.0
4424,Oil tanker,250.0,44.0,62775.0,112990.0,,14.3,9.1,3751.0,19940.57,8.0
4425,Oil tanker,250.0,44.0,62775.0,112969.0,9980 KW,13.1,12.7,756.9,3712.84,8.0
4426,Container ship,166.0,25.0,15375.0,18278.0,11200 KW,17.7,13.2,410.93,1867.03,4.0
4427,Container ship,336.0,45.0,98747.0,98849.0,,20.3,16.7,2856.4,37564.95,4.0
4428,Container ship,336.0,45.0,98747.0,98849.0,,20.2,16.8,3087.4,44471.76,4.0
4429,Container ship,336.0,45.0,98747.0,98849.0,,19.3,11.6,2528.8,37180.61,4.0
4430,Oil tanker,243.0,42.0,58418.0,106892.0,,15.6,12.0,3829.91,16593.12,8.0
4433,Ro-ro ship,187.0,26.0,25609.0,11702.0,19200 KW,17.0,11.2,6123.79,33734.75,12.0
4434,Chemical tanker,122.0,17.0,5366.0,7700.0,3840 KW,14.0,9.5,6653.56,6806.46,1.0
4435,Oil tanker,241.0,42.0,56355.0,105905.0,,12.3,6.6,689.3,3849.52,8.0
4436,Container ship,139.0,22.0,8273.0,11157.0,7950 KW,20.4,14.2,4554.59,16626.14,4.0
4437,Container ship,147.0,23.0,9940.0,13750.0,9730 KW,14.0,12.4,3862.17,12753.67,4.0
4438,Container ship,147.0,23.0,9940.0,13750.0,9730 KW,15.7,11.8,4147.78,14553.74,4.0
4441,Chemical tanker,122.0,19.0,6952.0,9595.0,4320 KW,12.1,10.9,465.65,605.1,1.0
4442,Chemical tanker,144.0,23.0,12137.0,16791.0,6300 KW,10.9,10.0,7323.06,9299.98,1.0
4447,Bulk carrier,189.0,32.0,31255.0,55526.0,,14.0,10.5,1173.14,4361.69,0.0
4448,Bulk carrier,189.0,32.0,31255.0,55518.0,,13.8,10.9,292.92,1091.5,0.0
4449,Oil tanker,179.0,32.0,25804.0,40448.0,,12.6,9.6,3813.6,12068.91,8.0
4450,Oil tanker,179.0,32.0,25864.0,40416.0,,14.0,9.1,1972.0,6342.43,8.0
4452,Chemical tanker,180.0,32.0,25864.0,40429.0,92756 KW,11.0,10.7,2197.63,5798.95,1.0
4453,Oil tanker,180.0,32.0,25864.0,40416.0,9490 KW,10.3,7.8,2116.98,12917.17,8.0
4454,General cargo ship,120.0,17.0,5287.0,7690.0,,13.7,8.8,3888.2,2938.11,6.0
4455,General cargo ship,140.0,20.0,8491.0,12000.0,3824 KW,11.5,9.1,1898.4,1665.52,6.0
4456,Bulk carrier,147.0,21.0,10122.0,16115.0,6200 KW,12.6,10.9,3533.65,5515.83,0.0
4460,Container ship,161.0,25.0,16162.0,17350.0,12540 KW,11.4,10.3,474.76,1541.54,4.0
4461,Oil tanker,250.0,44.0,62789.0,112705.0,14238 KW,13.2,11.1,1803.0,9668.4,8.0
4462,Oil tanker,228.0,32.0,42010.0,73723.0,10170 KW,14.3,11.6,2331.22,10166.95,8.0
4464,Chemical tanker,183.0,32.0,30066.0,50696.0,9480 KW,13.5,12.1,472.7,1741.96,1.0
4465,Chemical tanker,183.0,32.0,30150.0,50607.0,10440 KW,15.1,12.1,3245.6,11299.91,1.0
4468,Oil tanker,183.0,32.0,30040.0,50661.0,9480 KW,13.0,11.5,1294.0,3469.77,8.0
4470,General cargo ship,143.0,21.0,11864.0,17356.0,,12.1,10.7,2792.17,7832.53,6.0
4471,Bulk carrier,151.0,21.0,10299.0,16648.0,3823 KW,12.9,9.6,2546.4,3167.29,0.0
4472,Bulk carrier,175.0,29.0,19831.0,31887.0,,15.2,12.9,2414.61,6093.92,0.0
4473,LNG carrier,315.0,50.0,135423.0,108988.0,33300 KW,18.9,12.8,2669.3,42581.45,7.0
4474,LNG carrier,345.0,53.0,163922.0,130441.0,18940 KW,18.3,14.7,1570.3,28736.63,7.0
4475,LNG carrier,315.0,50.0,136168.0,107153.0,34680 KW,20.4,15.7,1830.7,28597.69,7.0
4477,LNG carrier,315.0,50.0,136980.0,121939.0,33556 KW,18.7,16.5,1027.1,14919.77,7.0
4478,General cargo ship,156.0,24.0,15479.0,21417.0,,14.2,10.5,59.56,262.87,6.0
4482,Chemical tanker,183.0,32.0,29967.0,49999.0,9480 KW,17.0,11.8,5267.53,17097.05,1.0
4483,Chemical tanker,183.0,32.0,29967.0,50973.0,9480 KW,16.3,11.2,3636.95,11416.14,1.0
4484,Chemical tanker,183.0,32.0,29967.0,50956.0,9480 KW,19.1,15.9,3353.5,12630.25,1.0
4485,Oil tanker,183.0,32.0,29924.0,50057.0,9480 KW,13.3,11.5,860.01,3551.36,8.0
4486,Oil tanker,246.0,42.0,59671.0,111410.0,,16.3,11.2,1657.6,7884.34,8.0
4487,Oil tanker,246.0,42.0,59671.0,111402.0,12000 KW,14.6,11.9,1072.88,4622.2,8.0
4495,Container ship,349.0,45.0,114044.0,116294.0,68640 KW,17.9,12.5,0.0,0.0,4.0
4496,Container ship,349.0,45.0,114044.0,116499.0,68640 KW,24.8,19.0,0.0,0.0,4.0
4497,Container ship,349.0,45.0,114044.0,116440.0,68640 KW,19.4,11.5,0.0,0.0,4.0
4498,Ro-ro ship,209.0,26.0,30998.0,10140.0,,21.1,16.5,6129.0,89142.54,12.0
4499,Bulk carrier,287.0,45.0,88479.0,170000.0,16800 KW,13.1,8.2,1044.0,6911.77,0.0
4500,Oil tanker,249.0,44.0,62851.0,114014.0,14280 KW,12.7,8.9,2160.2,10919.36,8.0
4503,Passenger ship,253.0,37.0,71304.0,7889.0,,9.7,8.3,6326.47,48407.91,9.0
4504,Ro-pax ship,154.0,24.0,10333.0,3400.0,23400 KW,22.4,21.1,3851.68,36528.78,11.0
4506,Passenger ship,294.0,32.0,92720.0,7500.0,32000 KW,19.4,14.3,3614.4,63105.93,9.0
4507,Container ship,366.0,51.0,151559.0,162867.0,,18.2,14.4,529.1,7494.54,4.0
4508,Container ship,366.0,51.0,151559.0,162867.0,,5.1,4.1,3660.2,53183.02,4.0
4509,Container ship,366.0,51.0,151559.0,162867.0,,16.3,14.1,3571.8,54936.62,4.0
4510,Container ship,366.0,51.0,151559.0,162867.0,,15.4,12.1,1556.2,19500.73,4.0
4511,Bulk carrier,225.0,32.0,42604.0,81466.0,,15.2,11.5,1322.6,5934.94,0.0
4512,General cargo ship,132.0,16.0,6312.0,9832.0,5400 KW,12.6,11.0,3324.0,4803.16,6.0
4514,Container ship,363.0,45.0,131332.0,128550.0,,10.7,10.7,624.3,7372.73,4.0
4515,Chemical tanker,183.0,32.0,29165.0,45565.0,,17.4,12.4,1802.8,6566.09,1.0
4516,Chemical tanker,183.0,32.0,29168.0,45459.0,9480 KW,13.8,11.7,745.5,3670.98,1.0
4517,Ro-ro ship,209.0,26.0,30998.0,10140.0,43200 KW,20.7,15.1,4762.23,55109.15,12.0
4521,Oil tanker,274.0,48.0,83545.0,157048.0,18660 KW,14.9,11.8,1473.5,8067.77,8.0
4522,Oil tanker,274.0,48.0,83805.0,156719.0,,14.3,12.1,3018.19,11419.41,8.0
4523,Oil tanker,274.0,48.0,79936.0,158267.0,,17.9,12.2,648.3,2938.21,8.0
4525,Oil tanker,189.0,32.0,30952.0,49749.0,,13.1,8.4,713.6,3398.51,8.0
4526,Container ship,224.0,31.0,32901.0,35471.0,22890 KW,17.6,11.9,4664.77,17112.86,4.0
4527,Container ship,225.0,31.0,32901.0,35358.0,22890 KW,15.3,10.2,249.2,2097.92,4.0
4528,Container ship,225.0,31.0,32984.0,34700.0,28800 KW,17.4,14.0,1443.4,6895.21,4.0
4530,Oil tanker,183.0,32.0,30040.0,50521.0,,13.1,11.6,2174.8,7556.29,8.0
4532,Oil tanker,183.0,32.0,30083.0,49999.0,,10.2,8.0,1111.7,3700.08,8.0
4534,Container ship,305.0,40.0,75752.0,81002.0,77800 KW,21.1,19.2,1560.3,12550.12,4.0
4537,Container ship,335.0,42.0,91354.0,102302.0,,13.9,13.9,816.3,13906.83,4.0
4538,Chemical tanker,170.0,26.0,19572.0,32107.0,,14.6,12.2,3400.9,17621.08,1.0
4540,Chemical tanker,141.0,24.0,11561.0,19864.0,,15.3,12.9,746.7,2354.93,1.0
4541,General cargo ship,169.0,25.0,17341.0,10480.0,9000 KW,21.2,14.6,1376.33,5234.12,6.0
4542,Bulk carrier,135.0,20.0,7959.0,12500.0,2970 KW,11.5,10.5,670.85,714.51,0.0
4543,Chemical tanker,129.0,19.0,7728.0,11403.0,6300 KW,12.6,10.0,4242.0,9389.6,1.0
4544,General cargo ship,177.0,28.0,20236.0,32280.0,6620 KW,15.7,9.9,461.0,1191.49,6.0
4545,General cargo ship,177.0,28.0,20236.0,32282.0,,13.2,11.2,2679.0,7094.3,6.0
4546,General cargo ship,177.0,29.0,20236.0,32292.0,,12.7,11.4,1123.4,2954.39,6.0
4548,General cargo ship,177.0,28.0,20238.0,32301.0,,13.2,10.5,698.77,1774.71,6.0
4549,General cargo ship,177.0,28.0,20236.0,32326.0,,13.2,12.5,3426.52,7875.85,6.0
4551,Container ship,363.0,45.0,131771.0,138377.0,,20.5,17.4,135.9,2022.01,4.0
4552,Chemical tanker,195.0,32.0,30638.0,52725.0,,5.7,5.7,3196.2,12856.11,1.0
4553,Container ship,366.0,51.0,151559.0,162867.0,72240 KW,15.7,11.1,3235.6,50478.18,4.0
4554,Chemical tanker,228.0,32.0,42010.0,73796.0,11303 KW,12.3,9.8,1141.75,4183.34,1.0
4556,Bulk carrier,228.0,32.0,43168.0,82554.0,,15.4,10.2,655.0,2585.27,0.0
4557,Oil tanker,144.0,23.0,11935.0,16635.0,6300 KW,14.2,11.3,3807.45,8264.91,8.0
4558,Oil tanker,144.0,23.0,11935.0,16628.0,6300 KW,13.1,7.6,3037.62,6324.0,8.0
4561,General cargo ship,199.0,30.0,29758.0,46500.0,,13.2,10.6,1162.5,4341.03,6.0
4562,General cargo ship,212.0,32.0,39258.0,54810.0,,9.9,7.0,798.7,3497.59,6.0
4563,General cargo ship,212.0,32.0,39258.0,54810.0,,15.0,11.0,1783.2,7818.9,6.0
4564,Bulk carrier,188.0,32.0,29829.0,51758.0,8045 KW,10.4,8.8,701.6,2329.38,0.0
4565,General cargo ship,182.0,32.0,29105.0,50820.0,,14.8,10.6,969.0,2850.17,6.0
4566,Bulk carrier,189.0,32.0,30488.0,50779.0,,21.4,11.4,1658.47,6645.98,0.0
4567,Bulk carrier,189.0,32.0,30488.0,50779.0,,14.4,11.9,2131.95,8379.44,0.0
4568,Bulk carrier,189.0,32.0,30488.0,50779.0,6480 KW,14.5,10.9,2690.25,9798.71,0.0
4570,General cargo ship,188.0,32.0,29841.0,51687.0,21558 KW,14.5,9.5,1598.0,4807.98,6.0
4571,Bulk carrier,188.0,32.0,29841.0,51687.0,8045 KW,12.2,11.2,779.97,2124.49,0.0
4572,Container ship,223.0,32.0,35835.0,43273.0,28880 KW,18.4,14.8,2533.23,20411.48,4.0
4574,General cargo ship,138.0,21.0,9611.0,12692.0,5400 KW,14.5,12.3,3599.0,8116.61,6.0
4575,General cargo ship,138.0,21.0,9611.0,12638.0,5400 KW,15.3,12.3,1145.62,2566.26,6.0
4578,Bulk carrier,171.0,27.0,19800.0,31612.0,,11.9,6.8,1271.9,3289.92,0.0
4579,Bulk carrier,177.0,28.0,22697.0,37334.0,7080 KW,16.8,11.5,3225.42,9918.45,0.0
4580,Oil tanker,243.0,42.0,59259.0,115042.0,,15.3,11.6,1153.58,5681.12,8.0
4581,Oil tanker,243.0,42.0,59262.0,114995.0,,16.2,11.7,1631.7,7206.19,8.0
4582,Oil tanker,245.0,42.0,59408.0,114824.0,,14.9,10.3,1815.1,5895.07,8.0
4583,Oil tanker,246.0,42.0,59408.0,114824.0,,15.9,10.6,677.5,2582.2,8.0
4584,Bulk carrier,292.0,45.0,93712.0,181383.0,,12.7,10.0,927.0,5648.69,0.0
4585,Oil tanker,243.0,42.0,59794.0,115191.0,13560 KW,11.6,11.6,783.2,4743.08,8.0
4586,Oil tanker,250.0,44.0,63294.0,115605.0,,14.3,11.9,970.1,5505.32,8.0
4587,Oil tanker,250.0,44.0,63294.0,115600.0,,14.7,12.1,1693.6,8951.45,8.0
4588,Oil tanker,250.0,44.0,63294.0,115514.0,,16.0,10.5,1548.5,8256.96,8.0
4589,Gas carrier,154.0,22.0,13879.0,18919.0,9720 KW,18.5,14.2,3292.8,14167.31,5.0
4590,Gas carrier,154.0,22.0,13879.0,18775.0,9720 KW,13.2,7.1,2953.35,15017.18,5.0
4594,Ro-ro ship,183.0,30.0,44412.0,12853.0,,16.7,14.8,783.5,2191.14,12.0
4596,Oil tanker,182.0,32.0,26914.0,47366.0,,14.4,12.4,343.3,854.22,8.0
4597,Oil tanker,274.0,48.0,80028.0,158267.0,,14.4,11.5,372.9,2882.09,8.0
4598,Bulk carrier,189.0,32.0,32414.0,58781.0,,11.8,10.7,1386.6,4535.24,0.0
4602,Bulk carrier,189.0,32.0,32381.0,58750.0,,13.9,9.9,232.8,488.9,0.0
4603,Bulk carrier,189.0,32.0,32379.0,58731.0,,14.7,10.7,865.32,2283.11,0.0
4604,Bulk carrier,190.0,32.0,32379.0,58773.0,,12.8,10.1,1322.2,4924.53,0.0
4605,Bulk carrier,189.0,32.0,32379.0,58736.0,7904 KW,13.4,10.7,526.0,2002.95,0.0
4607,Container ship,260.0,32.0,40030.0,50550.0,36560 KW,10.2,10.2,4374.05,40732.96,4.0
4609,Oil tanker,173.0,32.0,28193.0,45920.0,,13.9,11.8,481.5,1572.99,8.0
4610,Oil tanker,179.0,32.0,28095.0,45989.0,9480 KW,14.1,11.3,2520.3,7889.72,8.0
4611,Oil tanker,185.0,32.0,31433.0,53603.0,,14.4,9.4,673.8,2136.46,8.0
4612,General cargo ship,123.0,21.0,6479.0,8277.0,5400 KW,13.2,10.8,2173.76,5223.87,6.0
4613,Container ship,258.0,32.0,41322.0,52316.0,36560 KW,18.1,14.9,242.7,2226.09,4.0
4614,Container ship,174.0,27.0,18321.0,23579.0,16660 KW,18.5,14.5,315.72,1689.82,4.0
4618,Oil tanker,240.0,42.0,57458.0,106246.0,,15.0,10.4,3171.04,16071.97,8.0
4619,Bulk carrier,292.0,45.0,93637.0,180000.0,18660 KW,13.1,10.2,621.0,4591.89,0.0
4621,Bulk carrier,153.0,23.0,12655.0,21118.0,,13.0,10.6,2693.5,6372.91,0.0
4622,Container ship,140.0,21.0,7852.0,9500.0,8400 KW,14.1,13.6,5969.42,19213.12,4.0
4623,Container ship,140.0,21.0,7852.0,9360.0,,13.4,12.5,6093.58,20640.05,4.0
4624,Container ship,140.0,21.0,7852.0,9500.0,8400 KW,8.9,8.9,5440.84,14888.44,4.0
4625,Container ship,140.0,21.0,7852.0,9231.0,8400 KW,17.4,14.9,4340.59,12944.38,4.0
4626,Bulk carrier,229.0,32.0,43717.0,80372.0,11620 KW,14.4,11.5,426.4,1182.39,0.0
4627,Oil tanker,144.0,23.0,11836.0,17011.0,,12.9,11.3,3101.39,9769.53,8.0
4628,Chemical tanker,136.0,20.0,8638.0,13947.0,,17.2,12.3,2384.53,5761.74,1.0
4629,Bulk carrier,189.0,28.0,24165.0,37852.0,7368 KW,14.4,12.0,1875.35,5783.7,0.0
4630,Bulk carrier,189.0,28.0,24165.0,37852.0,6263 KW,21.7,10.5,2027.43,6189.9,0.0
4631,Bulk carrier,189.0,28.0,24165.0,37852.0,7368 KW,14.7,11.8,1062.47,3501.66,0.0
4632,LNG carrier,117.0,18.0,7907.0,5953.0,6794 KW,12.6,10.4,4742.34,8588.98,7.0
4633,Gas carrier,108.0,16.0,5441.0,4999.0,4500 KW,16.8,10.0,4826.44,9987.97,5.0
4634,Container ship,365.0,51.0,153092.0,165644.0,,18.6,12.1,1479.4,21271.6,4.0
4635,Container ship,365.0,51.0,153092.0,165477.0,98280 KW,14.5,7.8,3197.3,54944.56,4.0
4636,General cargo ship,140.0,24.0,12802.0,6879.0,9000 KW,14.1,11.4,1142.68,4263.91,6.0
4637,General cargo ship,140.0,24.0,12802.0,6885.0,9000 KW,13.0,8.8,2642.37,6965.23,6.0
4638,Bulk carrier,254.0,43.0,58100.0,106498.0,,13.6,9.9,287.6,1058.65,0.0
4639,Gas carrier,159.0,25.0,18311.0,23333.0,7750 KW,13.5,11.6,416.0,1648.4,5.0
4640,Gas carrier,159.0,25.0,18311.0,23316.0,7860 KW,15.7,10.7,904.62,3515.65,5.0
4641,Gas carrier,159.0,25.0,18311.0,23273.0,7860 KW,15.8,10.4,621.7,2245.06,5.0
4642,Oil tanker,274.0,48.0,81732.0,160451.0,25320 KW,15.9,11.2,1723.73,7005.63,8.0
4643,Oil tanker,274.0,48.0,81732.0,159952.0,18623 KW,15.3,11.1,1417.1,7647.23,8.0
4644,Oil tanker,269.0,46.0,79934.0,149999.0,,14.2,11.9,1934.2,11140.98,8.0
4645,Oil tanker,249.0,44.0,62856.0,115406.0,14907 KW,15.1,11.4,1162.72,7104.52,8.0
4647,Oil tanker,274.0,48.0,81811.0,158583.0,19040 KW,15.2,11.9,1841.76,10827.48,8.0
4648,Chemical tanker,183.0,32.0,29663.0,51589.0,6040 KW,5.8,5.6,1007.2,2061.72,1.0
4649,Chemical tanker,183.0,32.0,29663.0,51611.0,6040 KW,16.5,12.5,596.9,1730.6,1.0
4650,Chemical tanker,100.0,18.0,5031.0,6796.0,,12.4,10.1,4217.0,5708.72,1.0
4651,Chemical tanker,183.0,32.0,29768.0,51021.0,,12.6,11.6,816.0,2811.66,1.0
4652,Oil tanker,183.0,32.0,29433.0,49999.0,12712 KW,13.9,8.7,428.5,589.51,8.0
4653,Chemical tanker,183.0,32.0,28985.0,46710.0,,14.3,11.8,1496.36,5016.44,1.0
4654,Oil tanker,274.0,48.0,84160.0,156840.0,,16.0,11.6,2929.89,11662.25,8.0
4655,Oil tanker,274.0,48.0,84160.0,156642.0,18660 KW,13.7,11.8,4168.19,18676.93,8.0
4656,Bulk carrier,178.0,28.0,19972.0,30472.0,6480 KW,13.3,10.8,479.0,1374.84,0.0
4657,Bulk carrier,178.0,28.0,19972.0,30439.0,6232 KW,14.3,10.2,2799.0,7509.99,0.0
4658,Bulk carrier,178.0,28.0,19972.0,30765.0,6480 KW,17.3,12.6,1861.48,5325.15,0.0
4659,Bulk carrier,178.0,28.0,19972.0,30465.0,6232 KW,12.4,9.4,1701.0,5262.1,0.0
4660,Bulk carrier,178.0,28.0,19972.0,30765.0,6480 KW,15.6,11.1,3178.67,8925.32,0.0
4661,Bulk carrier,178.0,28.0,19972.0,30475.0,6232 KW,15.1,10.4,1673.05,5261.16,0.0
4662,Bulk carrier,178.0,28.0,19972.0,30427.0,6800 KW,12.6,10.2,1800.2,4936.48,0.0
4663,Bulk carrier,178.0,28.0,19972.0,30465.0,6232 KW,12.9,9.1,867.8,2465.95,0.0
4664,Bulk carrier,178.0,28.0,19972.0,30425.0,6800 KW,11.7,10.5,815.0,2326.07,0.0
4665,Bulk carrier,178.0,28.0,19972.0,30478.0,,15.6,11.4,747.5,2772.23,0.0
4666,Gas carrier,173.0,28.0,22977.0,26597.0,7069 KW,15.7,13.4,625.0,2674.98,5.0
4669,Chemical tanker,129.0,19.0,7728.0,11383.0,,10.0,9.5,4841.37,9449.2,1.0
4670,Container ship,299.0,40.0,72884.0,83264.0,57100 KW,18.9,15.3,4089.88,56744.34,4.0
4671,Container ship,299.0,40.0,72884.0,83318.0,57100 KW,24.6,18.8,4243.85,53466.71,4.0
4672,Container ship,299.0,40.0,72884.0,83317.0,57100 KW,17.0,14.3,663.55,8877.87,4.0
4673,Container ship,299.0,40.0,72884.0,83217.0,57100 KW,18.9,17.8,434.1,3900.55,4.0
4674,Oil tanker,274.0,48.0,81502.0,158519.0,,14.8,11.4,2379.0,14223.47,8.0
4675,Oil tanker,274.0,48.0,81360.0,157583.0,,13.7,10.0,1903.0,7995.4,8.0
4676,Oil tanker,274.0,48.0,81360.0,157484.0,,12.0,9.2,985.0,4015.73,8.0
4677,General cargo ship,140.0,20.0,8491.0,12000.0,9370 KW,11.4,7.2,1808.6,1981.97,6.0
4678,Chemical tanker,164.0,23.0,12862.0,19971.0,7869 KW,7.0,7.0,2006.71,5135.81,1.0
4680,Bulk carrier,189.0,32.0,30962.0,55259.0,,14.6,11.8,0.0,0.0,0.0
4681,Container ship,147.0,23.0,9957.0,13748.0,9730 KW,13.2,11.9,4466.6,14143.23,4.0
4682,Bulk carrier,288.0,45.0,88955.0,174261.0,,13.8,10.5,1359.7,7642.56,0.0
4683,General cargo ship,108.0,18.0,5629.0,8063.0,2999 KW,10.9,10.6,3306.58,5387.82,6.0
4684,Container ship,176.0,27.0,18485.0,23710.0,16660 KW,14.2,12.6,4117.9,15508.12,4.0
4685,Chemical tanker,144.0,24.0,11645.0,19702.0,6230 KW,11.8,10.7,2721.2,8307.58,1.0
4686,Container ship,294.0,32.0,54940.0,67386.0,45760 KW,21.4,16.8,525.6,2740.05,4.0
4687,Container ship,294.0,32.0,54940.0,67000.0,,21.4,15.6,3115.43,28569.18,4.0
4688,Container ship,294.0,32.0,54940.0,67170.0,,14.5,12.8,1117.43,10450.75,4.0
4689,Oil tanker,228.0,32.0,42010.0,73634.0,5440 KW,12.0,9.0,452.0,2386.01,8.0
4690,Chemical tanker,228.0,32.0,42010.0,73720.0,11300 KW,12.0,10.2,2894.83,14428.21,1.0
4691,Chemical tanker,228.0,32.0,42010.0,73666.0,2910 KW,14.8,12.6,1704.46,7320.75,1.0
4692,Gas carrier,169.0,24.0,17807.0,23618.0,,15.9,12.0,1690.0,3977.18,5.0
4693,Chemical tanker,183.0,32.0,29828.0,50242.0,9480 KW,13.6,10.5,4707.25,17822.6,1.0
4695,Chemical tanker,183.0,32.0,29828.0,50268.0,,10.2,6.5,1705.96,6018.27,1.0
4698,Oil tanker,250.0,44.0,62775.0,112935.0,,16.5,14.6,6807.63,24609.91,8.0
4701,Bulk carrier,189.0,32.0,30811.0,55429.0,,15.2,9.8,2444.34,7780.98,0.0
4702,General cargo ship,139.0,20.0,8750.0,10340.0,6000 KW,14.8,13.6,3561.0,9832.75,6.0
4703,General cargo ship,139.0,20.0,8750.0,10323.0,,14.1,12.2,857.0,2308.59,6.0
4704,General cargo ship,139.0,20.0,8750.0,10340.0,9400 KW,11.3,9.9,699.0,1880.55,6.0
4708,Oil tanker,228.0,32.0,42010.0,73382.0,,14.6,8.1,2103.7,10197.1,8.0
4709,Bulk carrier,189.0,32.0,30963.0,55256.0,,12.7,10.7,0.0,0.0,0.0
4710,Bulk carrier,189.0,32.0,30963.0,55217.0,,13.0,10.5,1702.53,5937.5,0.0
4711,Bulk carrier,189.0,32.0,30963.0,55277.0,,15.4,12.0,2161.39,8006.09,0.0
4714,Oil tanker,274.0,48.0,83545.0,156929.0,,15.3,10.9,1901.8,10522.22,8.0
4717,Oil tanker,274.0,48.0,83805.0,156760.0,,15.6,13.1,3550.82,13160.38,8.0
4718,Oil tanker,274.0,48.0,84154.0,156719.0,18660 KW,15.9,12.7,3363.09,14580.21,8.0
4719,Oil tanker,243.0,42.0,60205.0,107506.0,,13.7,10.8,268.4,1278.1,8.0
4720,Oil tanker,243.0,42.0,60205.0,107529.0,,5.5,5.5,574.5,2278.45,8.0
4721,Oil tanker,274.0,48.0,81360.0,157410.0,,14.3,10.6,1240.0,6605.18,8.0
4723,Oil tanker,249.0,44.0,62856.0,115462.0,,10.6,4.8,1658.8,10910.68,8.0
4724,Oil tanker,249.0,44.0,62856.0,109250.0,19380 KW,16.5,10.0,859.5,3038.4,8.0
4727,Oil tanker,243.0,42.0,60193.0,109085.0,,15.6,13.1,2399.3,14348.93,8.0
4731,Bulk carrier,292.0,44.0,92246.0,178564.0,,12.2,8.8,1229.4,7226.23,0.0
4732,Bulk carrier,292.0,44.0,92290.0,178381.0,,15.5,12.5,1234.33,7992.88,0.0
4733,Bulk carrier,292.0,44.0,92249.0,178342.0,,16.1,10.7,1546.48,10889.54,0.0
4734,Container ship,299.0,40.0,73779.0,85408.0,57100 KW,16.9,13.2,2205.8,29405.29,4.0
4735,Container ship,300.0,40.0,73779.0,85446.0,,18.5,16.0,4772.67,42812.15,4.0
4736,Oil tanker,250.0,44.0,62775.0,113091.0,15820 KW,14.2,9.8,2212.6,13243.86,8.0
4737,Oil tanker,144.0,23.0,11889.0,16544.0,,15.0,10.5,3604.7,10202.78,8.0
4738,Oil tanker,144.0,23.0,11889.0,16585.0,,12.2,9.1,3288.03,10010.15,8.0
4742,Container ship,223.0,32.0,35835.0,43239.0,28880 KW,18.0,16.4,2757.73,22335.54,4.0
4743,Oil tanker,228.0,32.0,40975.0,74994.0,10400 KW,13.7,11.9,1551.19,6171.92,8.0
4745,Chemical tanker,145.0,24.0,11761.0,19993.0,6150 KW,13.1,11.4,1112.3,3968.88,1.0
4746,Chemical tanker,145.0,23.0,11761.0,19992.0,,17.1,12.0,450.4,1154.65,1.0
4747,Bulk carrier,189.0,28.0,24099.0,37782.0,,13.8,11.0,1416.0,4131.4,0.0
4748,Bulk carrier,185.0,23.0,19814.0,30803.0,7200 KW,14.7,10.1,1744.57,5093.25,0.0
4749,Chemical tanker,161.0,22.0,12619.0,19999.0,81132 KW,12.6,10.0,5939.65,8928.62,1.0
4750,Bulk carrier,292.0,45.0,91385.0,178050.0,,14.6,11.8,922.7,5464.85,0.0
4751,Oil tanker,243.0,42.0,57135.0,105475.0,,13.9,12.1,1754.7,5881.02,8.0
4752,Oil tanker,274.0,50.0,84967.0,166092.0,,15.0,10.3,2516.0,12436.58,8.0
4753,Container ship,175.0,27.0,18123.0,22314.0,15820 KW,17.9,13.9,2775.37,10560.77,4.0
4754,Chemical tanker,169.0,25.0,17591.0,26234.0,7200 KW,13.2,12.0,1925.63,11738.6,1.0
4756,Passenger ship,329.0,40.0,155873.0,10850.0,79800 KW,22.2,19.3,1608.18,40119.15,9.0
4757,Bulk carrier,182.0,32.0,29104.0,50808.0,,15.7,11.0,230.4,549.03,0.0
4758,Chemical tanker,123.0,17.0,5651.0,8269.0,,12.5,11.2,4657.6,15898.5,1.0
4759,Container ship,363.0,45.0,131332.0,128550.0,,19.1,17.5,1983.84,26968.69,4.0
4760,Container ship,363.0,45.0,131332.0,128550.0,72240 KW,22.0,15.0,575.58,9622.99,4.0
4761,Container ship,363.0,45.0,131332.0,128550.0,72240 KW,17.2,13.5,543.2,9857.23,4.0
4763,Container ship,363.0,45.0,131332.0,128550.0,72240 KW,20.5,14.2,2105.55,33231.87,4.0
4764,Container ship,363.0,45.0,131332.0,128550.0,72240 KW,22.1,15.2,1066.71,20604.15,4.0
4765,Oil tanker,250.0,43.0,62775.0,112827.0,15820 KW,13.5,12.5,381.4,2105.37,8.0
4770,Oil tanker,275.0,48.0,86990.0,164028.0,,14.1,11.4,2447.4,19576.2,8.0
4773,Oil tanker,274.0,48.0,81384.0,158143.0,,16.4,12.3,2793.89,17961.65,8.0
4774,Oil tanker,274.0,48.0,81384.0,158099.0,,19.0,11.1,3513.1,26171.6,8.0
4775,Oil tanker,182.0,32.0,27095.0,46156.0,8200 KW,14.9,11.3,693.0,2417.27,8.0
4776,Chemical tanker,183.0,32.0,29168.0,45544.0,9480 KW,18.2,11.9,1087.95,3545.31,1.0
4777,Chemical tanker,183.0,32.0,29168.0,45471.0,9485 KW,15.3,12.8,885.7,3718.24,1.0
4779,Oil tanker,274.0,48.0,81347.0,158149.0,,14.8,10.9,1764.3,11539.41,8.0
4780,Bulk carrier,229.0,36.0,46982.0,86949.0,,13.2,10.9,1261.0,5794.49,0.0
4781,Chemical tanker,124.0,20.0,7246.0,12089.0,,12.6,10.3,2888.0,6769.65,1.0
4782,Oil tanker,274.0,48.0,81467.0,158022.0,18660 KW,12.9,11.5,436.4,2871.94,8.0
4790,Oil tanker,274.0,50.0,85522.0,161653.0,,17.0,9.7,463.0,2711.22,8.0
4791,Oil tanker,274.0,48.0,83747.0,156630.0,18660 KW,15.1,12.4,1157.5,6623.34,8.0
4792,Oil tanker,274.0,48.0,83747.0,156694.0,18660 KW,16.0,11.6,949.03,3166.42,8.0
4793,Oil tanker,250.0,44.0,62775.0,112719.0,11350 KW,14.7,10.9,2158.92,10627.39,8.0
4794,Oil tanker,249.0,44.0,62856.0,115406.0,14280 KW,15.7,12.6,1510.0,9025.47,8.0
4795,Container ship,157.0,23.0,11550.0,14483.0,9000 KW,19.1,16.2,4385.45,12956.32,4.0
4796,Container ship,157.0,23.0,11550.0,14483.0,9000 KW,17.8,15.1,4721.6,16722.78,4.0
4797,Container ship,157.0,23.0,11550.0,12300.0,9000 KW,18.9,14.3,4569.2,17277.91,4.0
4798,Oil tanker,274.0,48.0,86266.0,164028.0,,15.0,10.0,2574.03,15111.58,8.0
4799,General cargo ship,175.0,29.0,19846.0,32029.0,6840 KW,14.7,11.1,1000.6,2706.94,6.0
4800,Bulk carrier,175.0,29.0,19846.0,32047.0,6840 KW,13.3,10.0,1488.65,3580.23,0.0
4802,Bulk carrier,189.0,32.0,32614.0,53815.0,9840 KW,13.2,10.3,198.5,832.18,0.0
4804,Chemical tanker,170.0,26.0,19464.0,33609.0,,13.2,11.6,3910.2,14189.77,1.0
4805,Refrigerated cargo carrier,143.0,22.0,9603.0,10601.0,,20.5,16.8,967.1,4917.23,10.0
4806,Oil tanker,228.0,42.0,55863.0,105491.0,,14.2,10.6,821.2,4868.09,8.0
4807,General cargo ship,139.0,25.0,11767.0,18930.0,,12.3,9.9,1995.11,3711.43,6.0
4808,LNG carrier,298.0,45.0,109949.0,96811.0,31200 KW,16.5,10.9,786.5,10462.2,7.0
4809,Bulk carrier,225.0,32.0,41655.0,75754.0,,13.8,11.2,1317.6,4474.1,0.0
4811,Oil tanker,250.0,44.0,62433.0,111107.0,19415 KW,14.1,11.8,3621.55,16871.31,8.0
4812,Oil tanker,250.0,44.0,62433.0,111107.0,,17.0,12.1,4252.07,21879.4,8.0
4813,Oil tanker,250.0,44.0,62433.0,111682.0,14280 KW,15.3,11.4,4088.95,21398.79,8.0
4814,Oil tanker,248.0,43.0,61248.0,115928.0,13560 KW,14.2,11.0,3050.5,19021.69,8.0
4815,Oil tanker,274.0,48.0,80028.0,158267.0,,13.8,9.2,1681.8,10878.82,8.0
4816,Bulk carrier,189.0,23.0,20491.0,29724.0,,14.2,11.4,1893.61,5141.05,0.0
4817,Bulk carrier,185.0,23.0,19814.0,30898.0,7200 KW,14.6,14.0,1528.4,4713.01,0.0
4818,Bulk carrier,184.0,23.0,19814.0,30770.0,7200 KW,16.0,11.5,1389.04,4119.75,0.0
4819,Chemical tanker,182.0,32.0,25834.0,43593.0,,15.7,13.3,2082.36,10341.88,1.0
4820,Chemical tanker,182.0,32.0,25895.0,43593.0,11250 KW,16.9,13.5,3200.52,12674.02,1.0
4821,Chemical tanker,182.0,32.0,25881.0,43475.0,,15.0,12.1,2215.93,9486.09,1.0
4823,Bulk carrier,229.0,32.0,44251.0,83611.0,,12.6,11.5,688.2,3410.56,0.0
4824,Bulk carrier,225.0,32.0,41662.0,78821.0,,12.8,10.1,2182.54,7876.59,0.0
4825,Chemical tanker,159.0,26.0,16222.0,26100.0,,13.7,12.8,2422.98,9103.6,1.0
4826,Chemical tanker,159.0,27.0,16360.0,25615.0,,15.0,12.4,1406.7,4246.76,1.0
4827,Chemical tanker,174.0,27.0,20108.0,33554.0,,12.8,12.8,2677.7,7886.76,1.0
4828,Chemical tanker,174.0,27.0,20108.0,33526.0,,18.3,15.4,2331.08,6593.41,1.0
4829,Oil tanker,185.0,32.0,31510.0,53540.0,,14.8,11.9,1502.1,4969.13,8.0
4830,Bulk carrier,178.0,28.0,19999.0,30003.0,6680 KW,15.1,10.7,1043.52,3018.37,0.0
4831,Bulk carrier,178.0,28.0,19999.0,30200.0,,14.2,10.5,410.9,1334.98,0.0
4832,Bulk carrier,178.0,28.0,19999.0,30009.0,12000 KW,17.4,10.5,1405.92,4077.92,0.0
4833,Bulk carrier,179.0,28.0,20809.0,31800.0,6480 KW,11.8,9.9,2311.0,9158.51,0.0
4834,Bulk carrier,179.0,28.0,20809.0,31800.0,6480 KW,13.7,7.7,2708.0,7049.09,0.0
4835,Bulk carrier,254.0,43.0,58100.0,106498.0,,13.5,11.3,1122.9,5905.31,0.0
4836,Bulk carrier,182.0,32.0,29104.0,50806.0,,14.8,12.7,1066.8,3606.54,0.0
4837,Bulk carrier,182.0,32.0,29104.0,50806.0,,8.3,7.6,2278.4,7071.14,0.0
4838,General cargo ship,129.0,17.0,6577.0,8850.0,,16.2,10.2,4622.14,6449.16,6.0
4839,General cargo ship,129.0,17.0,6577.0,9198.0,4000 KW,12.2,10.6,2921.98,5185.7,6.0
4840,General cargo ship,129.0,17.0,6577.0,9228.0,4000 KW,13.8,12.0,1944.7,3441.83,6.0
4841,Bulk carrier,189.0,23.0,20491.0,29859.0,7800 KW,15.7,11.5,1342.11,3248.26,0.0
4842,Bulk carrier,189.0,23.0,20491.0,29618.0,7800 KW,13.2,9.3,3139.15,6558.13,0.0
4843,Bulk carrier,189.0,23.0,20491.0,29999.0,,13.4,10.5,2794.54,6571.85,0.0
4844,Bulk carrier,185.0,23.0,19814.0,30892.0,7200 KW,14.7,11.0,1384.95,4116.2,0.0
4845,Bulk carrier,184.0,23.0,19814.0,30890.0,7200 KW,12.7,11.3,1796.9,4373.79,0.0
4846,Bulk carrier,184.0,23.0,19814.0,30899.0,7200 KW,13.7,11.3,1043.0,2578.66,0.0
4850,Oil tanker,274.0,50.0,84735.0,164746.0,,14.6,11.0,421.9,4608.85,8.0
4851,Oil tanker,274.0,50.0,84735.0,164787.0,,14.2,10.5,721.0,5529.24,8.0
4852,Oil tanker,127.0,20.0,6688.0,10711.0,,12.4,8.4,196.3,619.26,8.0
4854,Container ship,184.0,24.0,17687.0,22267.0,,15.9,12.1,385.23,953.74,4.0
4855,Chemical tanker,146.0,23.0,11770.0,19998.0,,15.4,10.9,932.5,2846.56,1.0
4856,Chemical tanker,146.0,23.0,11751.0,19859.0,6150 KW,13.7,7.4,3844.8,9423.84,1.0
4857,Chemical tanker,146.0,23.0,11872.0,19871.0,6150 KW,13.4,7.5,2514.9,7325.03,1.0
4859,Chemical tanker,146.0,23.0,11726.0,19837.0,,14.7,13.7,625.6,1509.97,1.0
4860,Chemical tanker,144.0,24.0,11773.0,19954.0,,15.1,11.6,1811.6,4588.9,1.0
4861,Chemical tanker,183.0,32.0,30235.0,50384.0,9480 KW,13.7,12.5,463.92,2420.54,1.0
4862,Oil tanker,274.0,50.0,84908.0,164772.0,18660 KW,16.0,10.4,2502.99,12519.83,8.0
4865,Bulk carrier,199.0,32.0,33580.0,57208.0,,14.7,11.1,0.0,0.0,0.0
4866,Oil tanker,249.0,43.0,61248.0,115896.0,13560 KW,15.9,11.4,1770.8,11960.72,8.0
4867,General cargo ship,182.0,28.0,24140.0,37724.0,7980 KW,16.1,12.1,2411.1,7002.26,6.0
4868,General cargo ship,182.0,28.0,24140.0,37702.0,,14.0,11.2,441.1,1499.08,6.0
4869,Oil tanker,274.0,48.0,81427.0,157667.0,25320 KW,20.1,12.5,699.0,4347.37,8.0
4874,Chemical tanker,128.0,20.0,8539.0,13026.0,4440 KW,14.4,10.7,1310.57,3460.65,1.0
4875,Chemical tanker,128.0,20.0,8539.0,13022.0,4440 KW,11.6,9.2,2915.78,7926.22,1.0
4876,Container ship,294.0,32.0,55487.0,65981.0,,19.1,16.1,755.5,9414.97,4.0
4877,Container ship,294.0,32.0,55487.0,66051.0,51390 KW,19.1,13.1,508.6,5010.95,4.0
4879,Container ship,294.0,32.0,55487.0,66171.0,51390 KW,14.7,12.7,775.4,7116.64,4.0
4880,Oil tanker,244.0,42.0,60379.0,107481.0,,15.3,12.6,1557.7,8236.1,8.0
4881,Oil tanker,244.0,42.0,60379.0,107481.0,,9.2,7.5,2084.92,10385.25,8.0
4882,General cargo ship,130.0,22.0,12968.0,10020.0,8790 KW,12.5,12.3,3114.26,6784.54,6.0
4884,Container ship,322.0,42.0,89010.0,105504.0,,20.6,19.3,2633.2,28971.15,4.0
4885,Oil tanker,243.0,42.0,60185.0,109060.0,,13.1,9.5,4531.12,24254.48,8.0
4886,Oil tanker,243.0,42.0,60185.0,109060.0,,11.6,11.6,5165.7,22088.28,8.0
4887,Oil tanker,243.0,42.0,60185.0,109011.0,,14.5,8.9,629.7,2267.04,8.0
4888,Oil tanker,244.0,42.0,57281.0,105188.0,15820 KW,14.9,11.2,4731.3,21229.55,8.0
4889,Oil tanker,244.0,42.0,57281.0,105187.0,,16.4,12.9,744.2,4232.61,8.0
4891,Oil tanker,229.0,32.0,42010.0,73747.0,11299 KW,14.4,12.1,892.46,3806.82,8.0
4892,Oil tanker,250.0,44.0,62789.0,112961.0,,5.9,5.9,1583.3,10165.26,8.0
4893,Ro-pax ship,186.0,25.0,26904.0,7000.0,21600 KW,20.6,18.5,5443.49,35869.01,11.0
4894,Chemical tanker,183.0,32.0,29734.0,51069.0,9480 KW,16.0,12.0,645.83,2482.86,1.0
4895,Chemical tanker,183.0,33.0,30075.0,50747.0,,13.9,13.0,712.6,3528.37,1.0
4896,Oil tanker,183.0,32.0,30075.0,50571.0,,14.5,10.9,2393.4,8353.66,8.0
4898,General cargo ship,120.0,17.0,5285.0,8300.0,2858 KW,5.3,3.3,4062.12,3497.27,6.0
4899,Bulk carrier,177.0,28.0,19993.0,31889.0,,14.2,11.4,982.1,3441.27,0.0
4901,Chemical tanker,183.0,32.0,29734.0,50998.0,,11.0,11.0,524.6,2516.53,1.0
4902,Oil tanker,274.0,48.0,83850.0,156493.0,18660 KW,16.8,12.9,1339.0,7699.92,8.0
4903,Oil tanker,274.0,48.0,83850.0,156480.0,186645 KW,11.9,10.0,579.4,2855.71,8.0
4906,General cargo ship,166.0,23.0,15549.0,17704.0,9800 KW,18.2,14.0,680.78,3601.36,6.0
4909,General cargo ship,131.0,18.0,6619.0,10407.0,2868 KW,10.2,8.0,2258.7,2310.55,6.0
4910,Oil tanker,274.0,50.0,85522.0,161724.0,,14.0,8.1,915.0,4691.5,8.0
4911,Oil tanker,274.0,50.0,85522.0,161762.0,15629 KW,15.7,8.5,793.0,4295.65,8.0
4913,Ro-pax ship,240.0,32.0,64039.0,11600.0,,21.0,14.8,5166.18,67203.85,11.0
4914,Ro-pax ship,240.0,32.0,64039.0,11600.0,,17.9,13.7,5784.84,62634.09,11.0
4915,Oil tanker,129.0,20.0,8621.0,12551.0,,12.0,10.7,337.0,767.01,8.0
4918,General cargo ship,154.0,17.0,8911.0,13000.0,,14.4,8.3,3636.0,4925.6,6.0
4919,General cargo ship,142.0,17.0,8911.0,13000.0,4500 KW,15.1,9.9,3938.0,6610.09,6.0
4921,General cargo ship,142.0,17.0,8911.0,14596.0,4500 KW,16.5,5.9,3839.0,5505.15,6.0
4922,General cargo ship,142.0,17.0,8911.0,13000.0,4500 KW,12.6,10.2,3568.0,5523.68,6.0
4923,Oil tanker,250.0,44.0,62782.0,115501.0,,15.8,11.1,1155.5,5215.6,8.0
4924,Oil tanker,249.0,43.0,61341.0,115804.0,,8.2,7.7,1416.1,7092.93,8.0
4928,Oil tanker,274.0,48.0,83805.0,156658.0,,15.1,12.3,1451.3,11486.04,8.0
4929,Oil tanker,274.0,48.0,83805.0,156527.0,18660 KW,14.0,10.3,434.4,948.59,8.0
4932,Oil tanker,183.0,27.0,24066.0,38423.0,9480 KW,14.3,11.7,630.0,2240.71,8.0
4933,Bulk carrier,189.0,32.0,30816.0,55477.0,,13.4,11.6,1665.54,6029.57,0.0
4935,Oil tanker,244.0,42.0,60379.0,107507.0,18436 KW,13.5,9.6,5118.42,20660.01,8.0
4937,Oil tanker,244.0,42.0,60379.0,107505.0,,13.7,12.4,1875.5,8477.45,8.0
4938,Oil tanker,244.0,42.0,60379.0,107467.0,,11.5,10.1,3075.58,14284.19,8.0
4939,Chemical tanker,170.0,26.0,19910.0,33654.0,,16.2,12.5,1979.9,6869.73,1.0
4940,General cargo ship,156.0,22.0,13558.0,17381.0,8400 KW,9.2,9.2,2482.67,7583.27,6.0
4941,General cargo ship,156.0,22.0,13558.0,18143.0,8400 KW,17.5,15.2,2328.0,9402.29,6.0
4942,General cargo ship,156.0,22.0,13558.0,18143.0,8400 KW,17.3,15.1,2220.0,7973.64,6.0
4943,General cargo ship,156.0,22.0,13558.0,18143.0,8400 KW,17.8,15.3,2120.5,7772.59,6.0
4944,General cargo ship,157.0,23.0,13706.0,17966.0,8400 KW,17.9,12.6,319.0,1148.59,6.0
4945,General cargo ship,156.0,22.0,13706.0,17967.0,8400 KW,16.9,12.7,3037.0,10965.29,6.0
4947,General cargo ship,156.0,22.0,13706.0,17967.0,8400 KW,16.1,15.2,1665.7,6322.77,6.0
4948,Chemical tanker,182.0,27.0,24066.0,38334.0,9762 KW,14.8,11.4,2180.1,7084.73,1.0
4949,Oil tanker,183.0,27.0,24066.0,38341.0,9762 KW,14.0,10.4,3495.88,13337.66,8.0
4950,General cargo ship,108.0,18.0,5598.0,8117.0,3000 KW,12.5,8.9,4320.0,6598.34,6.0
4951,General cargo ship,108.0,18.0,5598.0,8112.0,3000 KW,12.7,9.1,3376.0,4653.02,6.0
4952,General cargo ship,108.0,18.0,5598.0,8117.0,3000 KW,12.9,10.2,4813.0,6643.64,6.0
4953,General cargo ship,142.0,18.0,8999.0,12000.0,4320 KW,15.3,12.2,1703.26,4483.99,6.0
4954,General cargo ship,108.0,18.0,5630.0,8265.0,3000 KW,11.3,10.3,3144.48,3862.76,6.0
4955,General cargo ship,108.0,18.0,5630.0,7811.0,3000 KW,10.2,8.2,2767.32,3467.67,6.0
4956,General cargo ship,108.0,18.0,5630.0,7815.0,,12.6,11.9,2687.66,3424.08,6.0
4957,General cargo ship,108.0,18.0,5630.0,7807.0,3000 KW,12.7,9.7,3963.28,4999.1,6.0
4958,General cargo ship,108.0,18.0,5630.0,7811.0,2999 KW,9.7,8.4,3178.44,4344.97,6.0
4959,General cargo ship,108.0,18.0,5630.0,7801.0,3000 KW,11.5,10.1,4235.56,6227.39,6.0
4962,Bulk carrier,189.0,32.0,31091.0,54296.0,,12.1,11.8,134.4,545.59,0.0
4963,Chemical tanker,144.0,22.0,11261.0,17525.0,5940 KW,12.8,12.1,1886.0,5362.98,1.0
4966,Oil tanker,274.0,48.0,84029.0,158070.0,,21.8,15.4,1329.0,8728.69,8.0
4968,Bulk carrier,287.0,45.0,88397.0,169098.0,,13.0,10.6,576.6,3936.38,0.0
4969,Bulk carrier,287.0,45.0,88397.0,169021.0,,12.8,9.0,1488.7,8124.76,0.0
4970,Ro-ro ship,223.0,26.0,34236.0,15391.0,,20.1,18.1,5925.27,41384.45,12.0
4971,Ro-ro ship,223.0,26.0,34215.0,15121.0,,19.6,19.2,6444.58,40956.37,12.0
4972,Oil tanker,244.0,42.0,60379.0,107481.0,14350 KW,7.7,6.6,439.0,2169.92,8.0
4973,Chemical tanker,183.0,32.0,29151.0,46639.0,,15.6,13.6,585.7,2248.14,1.0
4974,Bulk carrier,189.0,23.0,20603.0,29707.0,,14.3,10.6,1372.19,3495.63,0.0
4975,Oil tanker,274.0,48.0,81415.0,158097.0,,15.5,11.9,1114.52,7216.79,8.0
4977,Bulk carrier,169.0,27.0,18493.0,29263.0,5730 KW,17.5,12.0,236.08,500.35,0.0
4978,Chemical tanker,183.0,32.0,29563.0,49999.0,,15.6,11.5,500.6,1361.68,1.0
4979,Oil tanker,250.0,44.0,63299.0,115502.0,,14.2,8.3,2573.4,12285.28,8.0
4980,Oil tanker,250.0,44.0,63299.0,115459.0,,17.7,10.9,1807.9,9130.22,8.0
4983,Chemical tanker,146.0,23.0,11792.0,19355.0,6150 KW,15.6,12.4,386.35,777.0,1.0
4985,Oil tanker,243.0,42.0,60185.0,109039.0,,15.4,14.2,1584.0,4676.2,8.0
4986,Bulk carrier,228.0,32.0,42930.0,82193.0,,12.9,11.3,1467.0,5296.83,0.0
4987,Bulk carrier,189.0,32.0,32309.0,57991.0,,14.5,10.8,486.7,1711.8,0.0
4989,Bulk carrier,228.0,32.0,42965.0,82171.0,,12.9,11.0,645.98,2470.66,0.0
4990,Oil tanker,199.0,32.0,28449.0,43550.0,11200 KW,13.3,11.9,3711.18,14750.52,8.0
4993,Bulk carrier,189.0,32.0,32415.0,58701.0,,12.4,10.3,1283.91,5038.18,0.0
4994,Bulk carrier,189.0,32.0,32415.0,58679.0,8400 KW,11.3,5.9,1461.94,5665.11,0.0
4995,Bulk carrier,189.0,32.0,32415.0,58729.0,8400 KW,13.3,11.0,540.0,2221.9,0.0
4997,Bulk carrier,189.0,32.0,32309.0,58682.0,,22.4,12.5,715.13,2188.61,0.0
4999,General cargo ship,166.0,27.0,20973.0,28450.0,6810 KW,15.1,12.6,3191.45,10231.76,6.0
5000,Chemical tanker,146.0,24.0,12098.0,19999.0,,13.4,11.2,2344.2,6335.35,1.0
5001,Chemical tanker,146.0,24.0,11919.0,19937.0,,14.3,11.2,649.3,1790.15,1.0
5003,General cargo ship,137.0,15.0,7196.0,10750.0,,13.6,10.7,4375.0,6282.54,6.0
5004,Chemical tanker,157.0,26.0,15190.0,25390.0,,13.4,12.5,2394.2,7873.06,1.0
5005,Bulk carrier,189.0,28.0,24109.0,38981.0,7368 KW,12.6,10.1,2126.85,6408.45,0.0
5006,Bulk carrier,189.0,28.0,24109.0,38981.0,7368 KW,10.8,7.8,2293.17,6787.44,0.0
5008,Bulk carrier,292.0,45.0,89990.0,177380.0,,17.2,12.1,825.5,4494.43,0.0
5009,Bulk carrier,190.0,32.0,31532.0,55771.0,8890 KW,14.2,12.4,581.98,1990.43,0.0
5012,Bulk carrier,175.0,29.0,19812.0,31872.0,,12.4,10.3,2684.17,5318.22,0.0
5013,Bulk carrier,175.0,29.0,19812.0,31858.0,,13.8,12.1,982.1,2665.14,0.0
5014,Oil tanker,339.0,60.0,170618.0,320054.0,,15.9,11.5,1756.0,17645.25,8.0
5015,General cargo ship,168.0,25.0,17628.0,20171.0,9800 KW,12.4,11.1,2721.0,10581.54,6.0
5016,General cargo ship,168.0,25.0,17634.0,19413.0,9800 KW,18.3,15.1,3405.17,13253.01,6.0
5017,General cargo ship,168.0,25.0,17634.0,19366.0,9800 KW,13.5,12.6,1118.0,4842.84,6.0
5018,General cargo ship,168.0,25.0,17634.0,19348.0,9800 KW,15.1,7.5,1807.0,7754.74,6.0
5019,Chemical tanker,174.0,27.0,20275.0,35435.0,,14.7,11.8,974.7,2440.92,1.0
5020,Oil tanker,179.0,32.0,28231.0,46592.0,,13.3,7.7,1988.58,6855.82,8.0
5022,Bulk carrier,189.0,32.0,32957.0,57000.0,,14.1,10.2,2702.7,10650.94,0.0
5023,Ro-ro ship,195.0,30.0,33960.0,13439.0,,18.1,15.1,5541.97,26235.77,12.0
5026,Bulk carrier,229.0,36.0,47984.0,87375.0,,12.7,10.8,1500.12,4921.5,0.0
5027,Bulk carrier,229.0,36.0,47984.0,87375.0,,20.7,20.7,1537.17,5220.95,0.0
5028,General cargo ship,166.0,27.0,20973.0,28439.0,9750 KW,15.2,11.8,2961.97,8203.55,6.0
5029,General cargo ship,166.0,27.0,20973.0,28440.0,6810 KW,18.2,6.7,2898.9,9315.06,6.0
5030,Gas carrier,115.0,18.0,7251.0,8571.0,5920 KW,16.2,10.3,4574.95,12178.83,5.0
5031,Gas carrier,115.0,18.0,7251.0,8602.0,5920 KW,17.1,14.0,5732.91,13685.36,5.0
5032,Chemical tanker,129.0,19.0,7321.0,11258.0,,14.4,11.2,4345.58,9501.38,1.0
5033,Container ship,299.0,42.0,85676.0,93404.0,41184 KW,14.2,13.0,2424.8,25282.3,4.0
5034,Bulk carrier,287.0,45.0,88397.0,169057.0,17098 KW,12.6,9.9,0.0,0.0,0.0
5035,Oil tanker,184.0,27.0,23350.0,36264.0,9480 KW,16.2,13.0,4090.47,18576.74,8.0
5037,Oil tanker,182.0,32.0,28465.0,50093.0,,16.0,10.1,900.6,2482.22,8.0
5038,Chemical tanker,182.0,32.0,28418.0,50120.0,8580 KW,14.9,12.6,872.96,3105.69,1.0
5040,Bulk carrier,190.0,32.0,32210.0,58106.0,,11.8,7.6,897.12,3534.97,0.0
5041,Bulk carrier,190.0,32.0,32210.0,58081.0,8400 KW,14.1,11.1,592.56,1792.09,0.0
5042,Bulk carrier,189.0,32.0,32296.0,57982.0,,11.7,10.4,857.93,3117.96,0.0
5043,Bulk carrier,189.0,32.0,32296.0,57982.0,8400 KW,17.1,10.9,507.8,2299.84,0.0
5044,Bulk carrier,189.0,32.0,32287.0,58117.0,,11.6,9.0,865.0,3505.59,0.0
5045,Bulk carrier,189.0,32.0,32287.0,58096.0,9619 KW,11.1,6.0,700.0,2583.86,0.0
5046,Bulk carrier,189.0,32.0,32287.0,58096.0,,13.1,10.6,684.03,2034.59,0.0
5047,Bulk carrier,189.0,32.0,32287.0,58096.0,9619 KW,15.6,10.5,1763.0,6271.52,0.0
5048,Chemical tanker,159.0,26.0,16222.0,25982.0,,14.2,12.8,446.5,1827.6,1.0
5049,Bulk carrier,229.0,38.0,51255.0,93200.0,,15.3,11.3,3497.43,18233.71,0.0
5050,Bulk carrier,189.0,32.0,32309.0,58086.0,8426 KW,12.7,10.4,1921.8,7854.31,0.0
5051,Oil tanker,249.0,44.0,62851.0,114560.0,14350 KW,13.9,9.2,677.5,4334.36,8.0
5052,Bulk carrier,189.0,32.0,32309.0,57937.0,,10.6,6.3,621.6,2171.52,0.0
5053,Chemical tanker,159.0,26.0,16452.0,25876.0,,12.9,7.5,1523.2,4999.32,1.0
5058,Oil tanker,243.0,42.0,60379.0,107605.0,,13.4,9.7,1835.5,10163.4,8.0
5060,Bulk carrier,199.0,32.0,33854.0,61611.0,,12.4,10.7,973.7,3230.79,0.0
5061,Container ship,293.0,32.0,54182.0,63059.0,16660 KW,11.6,11.0,0.0,0.0,4.0
5062,Bulk carrier,171.0,27.0,19805.0,31755.0,,15.7,11.4,2203.42,5666.62,0.0
5064,General cargo ship,171.0,28.0,21018.0,33305.0,,12.9,11.9,797.98,2499.28,6.0
5065,Bulk carrier,224.0,32.0,39737.0,76596.0,,13.1,10.8,1331.0,4701.33,0.0
5067,General cargo ship,115.0,16.0,5261.0,6191.0,3840 KW,13.0,10.3,2303.63,3762.16,6.0
5068,Bulk carrier,175.0,29.0,19825.0,31833.0,,13.4,10.4,1824.7,5416.54,0.0
5069,Bulk carrier,292.0,45.0,91374.0,176000.0,,17.0,12.8,1824.5,10895.36,0.0
5070,Bulk carrier,189.0,32.0,33042.0,56726.0,9480 KW,15.1,10.8,1239.4,4407.55,0.0
5073,Bulk carrier,157.0,26.0,15861.0,25981.0,5850 KW,20.8,20.8,2177.79,3351.74,0.0
5074,Oil tanker,112.0,17.0,5424.0,7533.0,3440 KW,9.3,8.4,2350.49,4660.66,8.0
5078,Oil tanker,274.0,48.0,83545.0,156813.0,,13.7,12.2,1890.41,9867.8,8.0
5079,Oil tanker,274.0,48.0,83545.0,156827.0,,14.6,12.4,1331.7,8410.26,8.0
5080,Oil tanker,274.0,48.0,83545.0,156871.0,,22.6,11.2,2774.7,16162.57,8.0
5081,Bulk carrier,189.0,32.0,32957.0,56930.0,,15.0,11.4,0.0,0.0,0.0
5085,Oil tanker,142.0,21.0,8995.0,14368.0,4040 KW,13.1,9.9,4934.3,11360.72,8.0
5086,Chemical tanker,149.0,23.0,13465.0,19992.0,9334 KW,14.9,9.5,3351.3,8275.43,1.0
5087,Chemical tanker,149.0,23.0,13471.0,19992.0,6960 KW,17.2,12.0,4707.99,10138.88,1.0
5088,Container ship,129.0,20.0,7584.0,8199.0,7200 KW,17.7,16.3,3970.93,12735.06,4.0
5089,Container ship,129.0,20.0,7545.0,8214.0,7200 KW,13.4,7.3,4326.1,10514.04,4.0
5090,Oil tanker,183.0,32.0,30006.0,50096.0,,13.5,12.1,2221.88,9362.9,8.0
5091,Chemical tanker,183.0,32.0,30031.0,49999.0,,15.6,12.5,1587.9,6726.11,1.0
5092,General cargo ship,137.0,19.0,8620.0,12500.0,5430 KW,13.1,11.3,3937.0,9911.98,6.0
5093,General cargo ship,137.0,19.0,8620.0,12500.0,5430 KW,16.5,10.6,2649.0,6419.71,6.0
5094,Chemical tanker,122.0,17.0,5289.0,7842.0,4000 KW,12.8,12.0,3973.9,7074.87,1.0
5096,Chemical tanker,101.0,19.0,5706.0,7871.0,500 KW,13.3,10.3,2533.91,4850.5,1.0
5098,General cargo ship,118.0,16.0,5132.0,7210.0,2975 KW,14.2,11.9,3901.55,5249.63,6.0
5099,General cargo ship,118.0,15.0,5132.0,7120.0,2975 KW,16.4,12.4,3287.92,4359.13,6.0
5100,General cargo ship,116.0,18.0,6569.0,8280.0,,11.6,8.2,1814.08,2541.18,6.0
5101,General cargo ship,116.0,18.0,6569.0,8280.0,,13.9,10.3,4150.08,4674.21,6.0
5102,Oil tanker,249.0,45.0,65911.0,119456.0,16576 KW,14.9,12.2,2389.7,8324.79,8.0
5104,Oil tanker,249.0,45.0,65830.0,119456.0,,17.2,12.7,3122.55,13560.61,8.0
5105,Oil tanker,249.0,45.0,65911.0,119456.0,,15.0,12.9,635.6,2651.95,8.0
5106,Oil tanker,274.0,48.0,81360.0,157563.0,,13.4,11.1,278.0,3192.99,8.0
5107,Oil tanker,274.0,48.0,81360.0,157488.0,19645 KW,13.9,10.2,2022.0,13569.69,8.0
5108,Oil tanker,243.0,42.0,60185.0,109010.0,13570 KW,13.9,12.3,4596.47,27133.01,8.0
5109,Container ship,157.0,23.0,11550.0,14669.0,9000 KW,10.6,6.3,3938.6,12316.31,4.0
5110,Container ship,140.0,23.0,9983.0,12356.0,9000 KW,16.4,14.7,4504.78,12497.53,4.0
5111,Container ship,140.0,23.0,9983.0,12254.0,9000 KW,16.7,12.8,5971.75,19700.72,4.0
5112,Container ship,157.0,23.0,11746.0,14564.0,9000 KW,17.3,12.8,4618.9,17301.67,4.0
5113,Container ship,157.0,23.0,11746.0,14517.0,9000 KW,17.4,15.3,4725.9,17193.09,4.0
5114,Container ship,140.0,23.0,9983.0,12283.0,9000 KW,16.8,15.5,3377.59,10703.73,4.0
5115,Container ship,140.0,23.0,9983.0,12306.0,9000 KW,18.9,13.5,5166.7,18359.58,4.0
5116,Bulk carrier,229.0,36.0,47984.0,87376.0,,49.6,49.6,1099.27,5256.45,0.0
5117,General cargo ship,138.0,21.0,9530.0,12914.0,7344 KW,14.2,12.9,425.95,944.6,6.0
5118,General cargo ship,138.0,21.0,9530.0,12914.0,5400 KW,12.6,11.4,484.13,1135.11,6.0
5121,Container ship,161.0,25.0,15636.0,16855.0,,15.6,11.7,2172.0,6820.91,4.0
5122,Container ship,151.0,23.0,10585.0,12893.0,9000 KW,14.2,12.3,3872.0,11204.99,4.0
5124,Chemical tanker,183.0,32.0,29130.0,46121.0,,14.5,12.4,1235.4,5268.17,1.0
5125,Oil tanker,183.0,32.0,29169.0,46105.0,8598 KW,14.2,11.9,2106.4,6878.63,8.0
5127,Container ship,299.0,42.0,85676.0,93398.0,41184 KW,18.1,13.5,4257.07,50496.34,4.0
5129,Container ship,299.0,42.0,86601.0,93405.0,41184 KW,16.0,10.0,3877.2,56250.51,4.0
5131,General cargo ship,131.0,18.0,7238.0,10611.0,,11.8,11.1,2703.12,2575.17,6.0
5132,General cargo ship,120.0,17.0,5284.0,7702.0,2869 KW,10.9,9.8,2836.93,2659.46,6.0
5133,Container ship,175.0,27.0,18326.0,23294.0,,15.8,12.2,0.0,0.0,4.0
5134,Container ship,175.0,27.0,18326.0,23295.0,16660 KW,17.6,10.8,101.3,328.22,4.0
5135,General cargo ship,123.0,16.0,6118.0,8334.0,3700 KW,14.5,11.3,4498.62,6950.35,6.0
5137,General cargo ship,123.0,16.0,6118.0,8354.0,3680 KW,14.4,11.5,5441.05,7827.77,6.0
5138,General cargo ship,123.0,16.0,6118.0,8339.0,3680 KW,12.3,8.8,4689.1,6472.46,6.0
5139,General cargo ship,123.0,16.0,6118.0,8321.0,3680 KW,12.8,10.1,4598.58,6588.04,6.0
5140,General cargo ship,123.0,16.0,6118.0,8313.0,3680 KW,6.8,5.0,4387.22,7278.19,6.0
5141,General cargo ship,123.0,16.0,6118.0,8326.0,3680 KW,14.2,10.0,4473.3,7039.96,6.0
5142,General cargo ship,123.0,16.0,6118.0,8333.0,3700 KW,16.8,12.0,3983.82,6060.37,6.0
5143,Chemical tanker,122.0,17.0,5803.0,7770.0,,15.9,10.7,4888.67,8006.92,1.0
5144,Chemical tanker,122.0,17.0,5823.0,7749.0,3840 KW,10.6,10.6,6303.25,7097.04,1.0
5145,LNG carrier,315.0,50.0,136980.0,121946.0,,19.4,17.1,3036.6,39443.35,7.0
5146,LNG carrier,315.0,50.0,136980.0,122052.0,,18.7,15.4,2873.65,39530.91,7.0
5147,LNG carrier,315.0,50.0,136980.0,121910.0,33100 KW,20.0,14.4,3665.3,57373.69,7.0
5148,LNG carrier,315.0,50.0,136980.0,121957.0,,21.0,17.0,775.3,9115.19,7.0
5149,Bulk carrier,245.0,43.0,64877.0,119376.0,,12.9,10.5,1270.8,6684.7,0.0
5150,Oil tanker,183.0,27.0,24463.0,39729.0,,12.6,10.9,3891.0,10680.41,8.0
5151,Oil tanker,183.0,27.0,24463.0,39756.0,9480 KW,15.9,9.6,2532.35,7882.25,8.0
5152,Oil tanker,183.0,27.0,24481.0,39729.0,12889 KW,13.3,10.7,2545.2,8353.34,8.0
5153,Oil tanker,183.0,27.0,24463.0,39724.0,9480 KW,17.0,11.6,331.7,1389.87,8.0
5154,Oil tanker,183.0,27.0,24463.0,39724.0,,12.9,11.6,2049.36,7389.55,8.0
5155,Container ship,160.0,25.0,15636.0,16908.0,13560 KW,17.1,11.9,6515.79,22023.69,4.0
5156,General cargo ship,138.0,21.0,9627.0,12649.0,5400 KW,11.9,11.9,1417.7,3216.85,6.0
5157,General cargo ship,138.0,21.0,9627.0,12767.0,,15.5,12.0,2574.3,6757.13,6.0
5158,Bulk carrier,189.0,32.0,33044.0,56819.0,9480 KW,13.0,9.6,244.5,1293.91,0.0
5159,Container ship,261.0,32.0,40542.0,50591.0,36560 KW,19.6,16.3,4369.68,41458.57,4.0
5164,Chemical tanker,123.0,18.0,7260.0,10744.0,,14.4,13.4,1942.15,4666.54,1.0
5166,Oil tanker,274.0,50.0,85496.0,162342.0,,15.3,12.1,674.0,4445.49,8.0
5167,Oil tanker,274.0,50.0,85496.0,149999.0,18660 KW,16.1,11.8,616.1,3177.5,8.0
5168,General cargo ship,199.0,27.0,24115.0,30346.0,16250 KW,13.8,12.4,1023.58,4540.37,6.0
5169,General cargo ship,199.0,27.0,24142.0,30346.0,16250 KW,15.1,11.8,0.0,0.0,6.0
5170,General cargo ship,199.0,27.0,24115.0,30346.0,16250 KW,13.5,11.5,1588.27,6224.77,6.0
5171,General cargo ship,199.0,27.0,24142.0,30330.0,16250 KW,16.5,10.3,178.48,713.48,6.0
5174,Bulk carrier,175.0,26.0,20312.0,33173.0,,17.2,13.3,5665.9,18808.56,0.0
5175,Container ship,168.0,27.0,17488.0,17888.0,11200 KW,18.3,14.3,4011.0,15417.74,4.0
5177,Bulk carrier,189.0,32.0,31029.0,55089.0,7000 KW,13.0,8.7,944.46,3293.27,0.0
5178,Bulk carrier,185.0,32.0,31029.0,55089.0,,12.9,10.7,1106.4,4467.55,0.0
5179,Bulk carrier,189.0,32.0,31029.0,55094.0,,10.1,10.1,646.92,2374.09,0.0
5182,General cargo ship,108.0,18.0,5629.0,8048.0,2999 KW,10.0,9.1,2681.0,3930.91,6.0
5183,Bulk carrier,175.0,29.0,19801.0,31882.0,,17.3,11.3,501.2,1471.67,0.0
5184,Bulk carrier,175.0,29.0,19785.0,32092.0,6840 KW,14.6,11.5,2149.0,4993.25,0.0
5185,Chemical tanker,129.0,18.0,7311.0,11299.0,,14.8,12.3,5095.18,8348.15,1.0
5188,General cargo ship,138.0,21.0,9627.0,12709.0,5400 KW,15.7,12.3,590.0,1354.26,6.0
5189,General cargo ship,138.0,21.0,9627.0,12771.0,5400 KW,13.5,13.5,1938.0,4121.74,6.0
5191,General cargo ship,138.0,21.0,9627.0,12721.0,5400 KW,14.9,12.9,2267.99,4900.27,6.0
5192,Chemical tanker,144.0,22.0,11551.0,16866.0,5920 KW,12.5,12.1,3423.0,8376.84,1.0
5193,General cargo ship,119.0,20.0,6967.0,7724.0,6300 KW,13.1,6.8,1071.97,2176.92,6.0
5195,Container ship,129.0,20.0,7464.0,7978.0,7200 KW,17.6,15.1,4986.13,16505.24,4.0
5197,Oil tanker,250.0,43.0,61314.0,115592.0,,5.6,4.8,1248.3,5717.4,8.0
5199,Bulk carrier,228.0,32.0,43024.0,82071.0,,15.3,11.8,2735.97,8629.47,0.0
5200,Bulk carrier,229.0,32.0,44366.0,83468.0,,15.1,12.1,1256.62,4840.86,0.0
5203,Bulk carrier,153.0,23.0,12655.0,21118.0,,13.6,12.0,1813.5,3733.4,0.0
5204,Chemical tanker,183.0,32.0,29636.0,51747.0,9480 KW,13.9,11.2,335.7,1244.6,1.0
5206,Chemical tanker,183.0,32.0,29636.0,51672.0,9480 KW,15.8,7.1,1010.6,2842.17,1.0
5208,Oil tanker,183.0,32.0,29636.0,51737.0,,16.1,12.5,1217.2,4173.86,8.0
5209,LNG carrier,290.0,45.0,110920.0,97730.0,,20.2,12.2,583.0,6831.62,7.0
5210,Bulk carrier,292.0,45.0,89891.0,179701.0,18660 KW,15.4,12.0,914.5,3738.19,0.0
5211,Bulk carrier,292.0,45.0,91920.0,180391.0,,10.7,9.4,1676.3,11006.23,0.0
5212,Bulk carrier,292.0,45.0,91861.0,180391.0,16320 KW,15.8,12.0,833.05,7887.57,0.0
5213,Bulk carrier,292.0,45.0,94995.0,180702.0,,12.0,8.5,1863.1,13292.03,0.0
5214,Bulk carrier,292.0,45.0,94995.0,180736.0,,12.3,9.4,872.35,7562.59,0.0
5215,Bulk carrier,199.0,32.0,34225.0,60454.0,,15.4,10.9,467.3,1560.25,0.0
5218,Bulk carrier,189.0,32.0,33044.0,56920.0,,15.3,12.4,614.9,2496.34,0.0
5219,Bulk carrier,189.0,32.0,33044.0,56815.0,9480 KW,13.1,11.3,372.08,1153.79,0.0
5220,General cargo ship,115.0,16.0,5313.0,6408.0,3840 KW,15.0,10.2,4961.24,7111.66,6.0
5221,General cargo ship,115.0,16.0,5261.0,6390.0,3840 KW,12.3,10.4,4989.4,6970.12,6.0
5222,Container ship,147.0,23.0,9948.0,13699.0,16680 KW,13.4,11.6,2073.2,6985.61,4.0
5226,Container ship,210.0,30.0,26836.0,33411.0,18600 KW,17.7,14.7,3353.9,20855.02,4.0
5227,General cargo ship,138.0,21.0,9611.0,12669.0,5400 KW,13.7,11.6,1430.63,2885.29,6.0
5228,General cargo ship,138.0,21.0,9618.0,12763.0,5400 KW,16.0,11.6,3545.33,7628.74,6.0
5229,General cargo ship,138.0,21.0,9618.0,12708.0,5400 KW,15.1,12.6,880.67,2002.39,6.0
5230,Oil tanker,150.0,17.0,7833.0,13030.0,3240 KW,13.7,10.2,2935.48,5120.19,8.0
5232,Ro-pax ship,186.0,25.0,26904.0,7800.0,10800 KW,21.5,15.2,5199.0,41518.19,11.0
5233,Chemical tanker,128.0,20.0,8539.0,13075.0,4440 KW,12.0,7.9,841.98,1734.64,1.0
5235,General cargo ship,143.0,23.0,12936.0,17353.0,7074 KW,16.4,13.5,1232.49,3383.04,6.0
5236,Oil tanker,183.0,32.0,29433.0,51711.0,,17.2,11.7,3643.68,13476.32,8.0
5237,Oil tanker,183.0,32.0,29433.0,51662.0,,15.1,12.5,2937.16,10559.42,8.0
5238,Oil tanker,250.0,44.0,62775.0,112871.0,,14.5,11.6,1154.2,5882.81,8.0
5239,Oil tanker,249.0,44.0,62775.0,112863.0,,13.9,11.7,1384.6,8171.21,8.0
5242,Container ship,140.0,22.0,7852.0,9350.0,8400 KW,18.6,13.1,4196.75,13125.83,4.0
5243,General cargo ship,119.0,16.0,5335.0,6804.0,3000 KW,11.1,9.0,4269.7,5210.49,6.0
5244,General cargo ship,119.0,16.0,5335.0,6804.0,3000 KW,14.7,9.6,4584.89,5518.29,6.0
5245,General cargo ship,119.0,16.0,5335.0,6804.0,3000 KW,10.5,9.3,4711.11,5871.85,6.0
5246,General cargo ship,119.0,16.0,5335.0,6801.0,3000 KW,12.6,9.2,3277.0,4363.78,6.0
5247,General cargo ship,119.0,16.0,5335.0,6598.0,,13.2,10.9,5497.2,5644.96,6.0
5248,General cargo ship,119.0,16.0,5335.0,6797.0,3000 KW,10.5,8.7,4862.0,6150.49,6.0
5249,Container ship,140.0,22.0,7852.0,9315.0,8400 KW,20.3,15.8,4275.97,16883.45,4.0
5250,Container ship,140.0,21.0,7852.0,9387.0,8400 KW,13.9,13.3,3846.84,10232.63,4.0
5251,General cargo ship,143.0,23.0,12936.0,17302.0,7074 KW,10.0,8.4,782.08,2023.5,6.0
5254,Chemical tanker,144.0,22.0,11551.0,16802.0,5920 KW,14.9,10.6,2380.0,9217.08,1.0
5255,Chemical tanker,144.0,22.0,11551.0,16849.0,5920 KW,12.0,9.9,1424.0,3943.9,1.0
5258,Oil tanker,274.0,48.0,81493.0,158555.0,18660 KW,14.5,9.2,4000.18,22830.27,8.0
5259,Container ship,230.0,32.0,35991.0,42034.0,28337 KW,13.2,13.2,999.6,4615.86,4.0
5260,Bulk carrier,255.0,43.0,63993.0,114751.0,13560 KW,12.8,10.9,4335.0,16158.88,0.0
5264,Oil tanker,179.0,32.0,25938.0,40410.0,,13.7,11.8,3484.5,11262.4,8.0
5265,Chemical tanker,180.0,32.0,25864.0,40429.0,9490 KW,12.0,10.5,4317.3,18906.02,1.0
5266,Oil tanker,180.0,32.0,25864.0,40042.0,,13.6,9.2,3870.1,13663.08,8.0
5267,Oil tanker,179.0,32.0,25892.0,42000.0,9480 KW,13.1,10.8,3209.3,11548.35,8.0
5268,Chemical tanker,179.0,32.0,25890.0,40408.0,,11.2,11.2,3394.2,10174.37,1.0
5269,Oil tanker,179.0,32.0,25864.0,40404.0,,13.8,9.0,4167.82,10789.06,8.0
5276,Container ship,166.0,25.0,15334.0,18464.0,11200 KW,8.9,8.9,4903.0,17160.63,4.0
5277,General cargo ship,128.0,16.0,6310.0,8000.0,3000 KW,12.3,9.6,3941.71,5638.87,6.0
5279,Container ship,166.0,25.0,15334.0,18343.0,11200 KW,17.6,15.0,4502.0,17735.55,4.0
5282,General cargo ship,166.0,23.0,15549.0,16543.0,9800 KW,16.2,13.5,977.47,3854.8,6.0
5284,Container ship,261.0,32.0,40541.0,50435.0,,18.3,15.5,4336.32,34157.43,4.0
5285,Bulk carrier,179.0,28.0,20748.0,32688.0,6480 KW,13.4,9.9,1051.0,3241.84,0.0
5286,Bulk carrier,179.0,28.0,20748.0,32688.0,11000 KW,13.2,9.7,2738.0,6688.44,0.0
5287,Oil tanker,250.0,43.0,61341.0,115867.0,13639 KW,14.5,11.5,70.3,604.3,8.0
5288,Passenger ship,210.0,26.0,39444.0,5013.0,17000 KW,18.3,18.3,1489.1,7490.5,9.0
5289,Container/ro-ro cargo ship,211.0,32.0,47658.0,25799.0,,16.8,12.3,2081.5,12965.08,3.0
5291,Container/ro-ro cargo ship,211.0,32.0,47658.0,25682.0,,18.8,15.6,1993.3,13957.64,3.0
5292,Oil tanker,243.0,42.0,60185.0,109005.0,13570 KW,14.5,10.5,1367.3,7275.88,8.0
5295,Passenger ship,239.0,32.0,66084.0,8676.0,,19.6,18.9,1805.25,18562.36,9.0
5296,Passenger ship,238.0,32.0,66172.0,7662.0,,19.5,16.6,552.0,7179.74,9.0
5297,Bulk carrier,229.0,37.0,51130.0,91873.0,,11.1,8.3,2674.0,12934.19,0.0
5298,Chemical tanker,128.0,20.0,8530.0,13121.0,4440 KW,14.7,9.4,4254.47,9068.69,1.0
5299,Chemical tanker,117.0,19.0,6190.0,9016.0,,14.5,10.3,3265.34,4345.72,1.0
5301,Oil tanker,274.0,48.0,81493.0,158475.0,,12.0,12.0,3735.92,22346.75,8.0
5302,Oil tanker,274.0,48.0,81493.0,158475.0,18660 KW,14.9,10.1,4253.8,15078.53,8.0
5303,Chemical tanker,130.0,19.0,8198.0,11530.0,,12.2,10.4,4488.4,9380.09,1.0
5304,Refrigerated cargo carrier,162.0,26.0,14030.0,13207.0,,18.3,15.4,773.65,6131.13,10.0
5305,Refrigerated cargo carrier,162.0,26.0,14030.0,13189.0,,22.4,17.0,3396.87,21281.43,10.0
5306,General cargo ship,145.0,18.0,7878.0,11084.0,4320 KW,3.1,3.1,2035.19,3746.79,6.0
5307,General cargo ship,145.0,18.0,7878.0,11121.0,4320 KW,12.8,11.3,4536.01,6923.9,6.0
5308,Bulk carrier,224.0,32.0,41586.0,74849.0,,14.2,9.6,2270.6,9634.61,0.0
5309,Bulk carrier,224.0,32.0,41586.0,74500.0,,18.2,13.5,1641.0,6655.21,0.0
5310,Bulk carrier,225.0,32.0,41586.0,74524.0,,17.5,13.8,2003.15,9824.42,0.0
5312,Bulk carrier,292.0,45.0,94008.0,180018.0,,14.4,10.1,2155.5,13799.75,0.0
5313,Oil tanker,248.0,43.0,66563.0,109290.0,,14.2,8.1,4384.07,20150.67,8.0
5314,Oil tanker,248.0,43.0,66563.0,109239.0,,15.2,9.8,5386.65,20700.5,8.0
5315,Oil tanker,109.0,18.0,5836.0,6482.0,2942 KW,12.1,10.8,4514.7,6917.98,8.0
5316,Bulk carrier,292.0,45.0,89891.0,179719.0,,15.0,11.3,646.0,4465.4,0.0
5317,Chemical tanker,124.0,17.0,5642.0,8506.0,5400 KW,13.9,10.6,4883.0,8265.06,1.0
5318,Chemical tanker,108.0,18.0,6296.0,8962.0,4000 KW,16.6,10.6,3704.2,7189.1,1.0
5319,Chemical tanker,128.0,20.0,8539.0,13020.0,4440 KW,14.0,11.4,591.88,1028.32,1.0
5320,Chemical tanker,128.0,20.0,8539.0,13062.0,4519 KW,15.3,10.9,1754.0,3954.59,1.0
5323,Oil tanker,243.0,42.0,60185.0,108870.0,,13.4,12.6,1032.5,7489.25,8.0
5325,Oil tanker,243.0,42.0,57144.0,105849.0,,14.8,10.0,4536.59,18759.24,8.0
5326,Oil tanker,183.0,32.0,29905.0,50261.0,9623 KW,15.0,11.0,1798.4,6578.83,8.0
5327,Chemical tanker,145.0,23.0,11233.0,16716.0,4440 KW,12.0,8.6,2467.7,5497.95,1.0
5328,Chemical tanker,145.0,23.0,11233.0,16621.0,6500 KW,11.6,9.6,3547.7,6843.87,1.0
5329,Chemical tanker,145.0,23.0,11246.0,16371.0,4400 KW,14.4,11.3,3722.7,7645.37,1.0
5330,Chemical tanker,145.0,23.0,11298.0,16427.0,4440 KW,13.3,10.0,2836.6,6142.89,1.0
5331,Chemical tanker,145.0,23.0,11246.0,16418.0,4440 KW,15.1,9.2,3747.1,9493.76,1.0
5332,Oil tanker,183.0,32.0,29107.0,46838.0,,16.1,11.4,1021.7,3601.35,8.0
5337,Container ship,212.0,32.0,35878.0,41411.0,25040 KW,22.3,12.4,944.8,4907.21,4.0
5338,General cargo ship,136.0,21.0,9758.0,14998.0,5400 KW,11.6,7.7,3502.79,6628.12,6.0
5339,General cargo ship,136.0,21.0,9758.0,14998.0,5400 KW,15.4,10.1,2767.75,5676.01,6.0
5340,General cargo ship,136.0,21.0,9758.0,13975.0,5400 KW,11.3,9.7,3487.88,7260.94,6.0
5341,General cargo ship,136.0,21.0,9758.0,14998.0,5400 KW,3.4,3.0,3610.52,7109.35,6.0
5342,Container ship,212.0,32.0,35878.0,41253.0,25040 KW,13.8,12.6,590.2,5189.11,4.0
5343,Bulk carrier,292.0,45.0,91656.0,180391.0,,11.4,9.6,1105.37,6771.37,0.0
5344,Oil tanker,274.0,48.0,81347.0,158007.0,,15.6,11.7,3898.3,25428.06,8.0
5345,Bulk carrier,225.0,32.0,42263.0,74844.0,,14.3,10.2,1231.82,4264.06,0.0
5346,Bulk carrier,175.0,26.0,19538.0,29827.0,,13.1,12.2,427.1,1040.61,0.0
5347,Chemical tanker,229.0,32.0,42225.0,74103.0,13560 KW,13.6,10.8,1121.0,4614.11,1.0
5348,Chemical tanker,229.0,32.0,42264.0,74059.0,13560 KW,15.5,10.8,1647.6,6767.68,1.0
5349,Chemical tanker,229.0,32.0,42264.0,74192.0,13560 KW,13.5,11.4,399.6,3074.24,1.0
5350,Chemical tanker,183.0,32.0,29735.0,49990.0,,13.0,10.6,1196.86,3901.64,1.0
5351,Oil tanker,249.0,44.0,62571.0,112793.0,19420 KW,15.7,11.1,5730.68,21265.88,8.0
5352,Container ship,129.0,20.0,7545.0,8153.0,7200 KW,12.5,10.2,2803.39,9610.95,4.0
5353,Container ship,129.0,20.0,7545.0,8268.0,7200 KW,11.8,10.2,2237.57,7419.95,4.0
5354,Container ship,129.0,20.0,7545.0,8248.0,7200 KW,13.9,13.9,4216.35,11374.91,4.0
5355,Container ship,129.0,20.0,7545.0,8137.0,7200 KW,15.7,10.8,3493.28,9614.62,4.0
5356,Container ship,262.0,32.0,41358.0,51699.0,36160 KW,20.7,14.7,1847.5,14034.46,4.0
5359,Bulk carrier,228.0,32.0,43168.0,82667.0,,10.8,7.4,1178.4,3764.59,0.0
5360,Bulk carrier,189.0,32.0,32415.0,58749.0,,11.1,5.6,1126.0,3434.45,0.0
5361,Bulk carrier,189.0,32.0,32457.0,58632.0,,15.0,9.9,1712.6,6224.12,0.0
5362,Bulk carrier,189.0,32.0,32415.0,58693.0,,14.7,9.5,1673.9,6071.16,0.0
5363,Bulk carrier,189.0,32.0,32415.0,58780.0,,13.8,8.6,1192.02,3768.35,0.0
5365,Ro-pax ship,190.0,26.0,29670.0,10863.0,9000 KW,19.9,17.6,6091.17,38170.36,11.0
5367,Chemical tanker,228.0,32.0,42010.0,73662.0,11300 KW,12.9,9.0,560.0,2921.92,1.0
5368,Chemical tanker,228.0,32.0,42010.0,73719.0,,11.6,9.5,2013.4,10264.68,1.0
5369,Chemical tanker,228.0,32.0,42010.0,73731.0,,14.5,11.4,890.4,3641.81,1.0
5370,Chemical tanker,228.0,32.0,42010.0,73677.0,11300 KW,12.4,9.8,1887.3,7965.77,1.0
5371,Bulk carrier,189.0,32.0,33045.0,57825.0,8700 KW,13.3,11.1,139.67,368.84,0.0
5372,Bulk carrier,189.0,32.0,33045.0,57809.0,8700 KW,13.2,10.1,1654.47,7068.73,0.0
5373,Bulk carrier,189.0,32.0,33045.0,57809.0,8700 KW,14.9,11.6,368.25,1497.78,0.0
5374,Bulk carrier,189.0,32.0,33045.0,57809.0,8700 KW,11.9,10.6,2307.86,8305.7,0.0
5376,Bulk carrier,189.0,32.0,33045.0,57775.0,8700 KW,11.7,10.6,816.05,2887.52,0.0
5377,Bulk carrier,189.0,32.0,33064.0,57809.0,8700 KW,13.5,11.0,1406.44,5469.65,0.0
5378,Bulk carrier,189.0,32.0,33045.0,57809.0,8700 KW,13.4,10.0,896.77,3946.37,0.0
5379,Bulk carrier,189.0,32.0,33045.0,57809.0,9500 KW,15.4,10.2,1043.78,4044.04,0.0
5380,Bulk carrier,189.0,32.0,33045.0,57809.0,8700 KW,14.0,10.6,752.41,3353.21,0.0
5381,Bulk carrier,188.0,32.0,33045.0,57809.0,8700 KW,14.5,10.9,255.0,1064.65,0.0
5382,Bulk carrier,188.0,32.0,33045.0,57809.0,8700 KW,11.8,10.7,2152.61,9277.99,0.0
5393,Ro-ro ship,232.0,32.0,72408.0,26985.0,,18.2,17.1,1639.1,12868.88,12.0
5395,Oil tanker,229.0,42.0,55894.0,105244.0,12350 KW,12.8,9.6,624.1,2587.53,8.0
5397,Oil tanker,243.0,42.0,60193.0,109165.0,,16.3,11.6,539.5,3600.37,8.0
5398,Bulk carrier,229.0,32.0,44348.0,83448.0,,14.8,12.0,581.5,2586.59,0.0
5399,Bulk carrier,229.0,32.0,44366.0,83416.0,,14.8,11.0,1210.0,6034.24,0.0
5401,Bulk carrier,229.0,32.0,44366.0,83480.0,,11.5,9.1,1684.82,6310.27,0.0
5402,Bulk carrier,229.0,32.0,44367.0,83482.0,10740 KW,14.8,11.6,2131.75,9156.09,0.0
5403,Bulk carrier,229.0,32.0,44644.0,83339.0,,14.5,10.0,1264.8,5003.69,0.0
5404,Chemical tanker,147.0,24.0,12105.0,20831.0,,13.6,9.4,365.55,945.93,1.0
5405,Chemical tanker,159.0,26.0,16452.0,25900.0,,14.8,12.9,1703.5,6080.77,1.0
5407,Bulk carrier,180.0,30.0,21300.0,34375.0,,21.2,11.5,0.0,0.0,0.0
5408,Bulk carrier,228.0,32.0,43158.0,82514.0,,13.9,11.5,1561.0,7448.61,0.0
5413,Chemical tanker,122.0,17.0,5261.0,7702.0,3840 KW,14.2,12.4,5010.48,7576.81,1.0
5414,Container ship,222.0,32.0,35595.0,44012.0,31640 KW,20.3,15.1,1618.9,11008.35,4.0
5415,Chemical tanker,110.0,18.0,5284.0,9000.0,,5.9,4.5,223.6,258.31,1.0
5417,Bulk carrier,179.0,28.0,21192.0,33709.0,,14.5,11.6,1586.97,3426.25,0.0
5418,Oil tanker,183.0,32.0,29636.0,51717.0,9480 KW,15.2,11.7,1144.3,3864.51,8.0
5419,Oil tanker,183.0,32.0,29636.0,49999.0,9480 KW,12.8,10.9,1896.75,6214.1,8.0
5420,Ro-pax ship,212.0,29.0,48915.0,6287.0,32000 KW,13.0,11.0,2876.6,28948.73,11.0
5422,LNG carrier,345.0,53.0,163922.0,130026.0,,19.5,14.8,905.3,15018.3,7.0
5425,Container/ro-ro cargo ship,195.0,26.0,25586.0,13375.0,,20.2,18.7,6219.99,35660.0,3.0
5426,Container/ro-ro cargo ship,195.0,26.0,25586.0,13375.0,,18.5,16.6,5242.59,25134.22,3.0
5428,Bulk carrier,291.0,45.0,92270.0,175837.0,,13.6,10.3,562.2,3752.91,0.0
5429,General cargo ship,138.0,21.0,9611.0,12678.0,5400 KW,15.0,9.6,2665.0,5821.62,6.0
5430,LNG carrier,345.0,53.0,163922.0,130157.0,18940 KW,19.6,13.0,787.6,14473.06,7.0
5432,Bulk carrier,178.0,28.0,19999.0,30124.0,6232 KW,11.6,8.3,1296.0,2808.01,0.0
5433,Chemical tanker,120.0,20.0,8247.0,12966.0,,14.3,12.6,1664.0,2828.24,1.0
5434,Oil tanker,120.0,20.0,8247.0,12920.0,6060 KW,10.4,10.4,4077.95,8041.06,8.0
5435,General cargo ship,225.0,32.0,44684.0,71460.0,,13.0,11.6,1233.5,4874.99,6.0
5437,Oil tanker,144.0,23.0,11259.0,17539.0,,13.6,10.3,4028.13,9884.56,8.0
5438,Oil tanker,144.0,22.0,11472.0,17596.0,,15.2,11.0,4497.7,11833.57,8.0
5439,Chemical tanker,144.0,22.0,11259.0,17604.0,,16.7,8.1,3313.92,8393.11,1.0
5440,Chemical tanker,175.0,31.0,25432.0,39710.0,8960 KW,12.5,9.6,2406.08,8170.62,1.0
5441,Container ship,299.0,42.0,85676.0,93551.0,45670 KW,22.3,19.4,4828.0,67569.51,4.0
5442,Container ship,299.0,42.0,85676.0,93603.0,,21.5,19.7,5056.4,54642.89,4.0
5443,Container ship,299.0,42.0,85676.0,93552.0,45760 KW,18.7,17.0,3538.45,38199.38,4.0
5445,Bulk carrier,190.0,32.0,33226.0,57293.0,,15.7,12.3,672.25,2210.61,0.0
5447,Bulk carrier,169.0,27.0,16960.0,28397.0,,13.1,9.9,275.25,529.25,0.0
5448,Bulk carrier,169.0,27.0,17018.0,28342.0,,9.4,6.8,1972.65,4717.57,0.0
5451,Chemical tanker,127.0,20.0,8505.0,13168.0,6060 KW,12.2,10.0,744.0,1746.02,1.0
5452,Chemical tanker,127.0,20.0,8505.0,13174.0,4440 KW,12.7,10.4,832.0,1889.7,1.0
5453,Bulk carrier,190.0,32.0,33226.0,57346.0,12850 KW,16.1,11.9,1228.0,4828.08,0.0
5454,Bulk carrier,190.0,32.0,33302.0,57401.0,,13.7,10.1,722.6,5547.7,0.0
5455,Bulk carrier,190.0,32.0,33280.0,57700.0,,17.1,11.7,2584.68,9627.55,0.0
5457,Container ship,212.0,32.0,35878.0,41411.0,25040 KW,13.5,10.6,241.5,2359.52,4.0
5458,Gas carrier,174.0,28.0,22978.0,26416.0,9840 KW,18.8,12.3,1440.27,6019.53,5.0
5464,Container ship,210.0,30.0,26836.0,33456.0,,17.2,14.9,2599.5,13635.16,4.0
5465,Bulk carrier,189.0,32.0,32957.0,56957.0,,14.5,9.8,1064.53,4081.23,0.0
5467,Bulk carrier,189.0,32.0,33044.0,56987.0,,11.1,6.3,344.62,1347.44,0.0
5468,Oil tanker,274.0,48.0,81499.0,158319.0,,13.4,9.8,1178.7,7205.82,8.0
5469,Oil tanker,248.0,43.0,61248.0,115952.0,,19.6,11.5,2600.5,13652.2,8.0
5470,Bulk carrier,288.0,45.0,90424.0,180176.0,,14.4,12.9,1500.4,9819.26,0.0
5471,Bulk carrier,291.0,45.0,92752.0,181395.0,,15.1,10.6,2180.6,11406.25,0.0
5473,Chemical tanker,131.0,18.0,7260.0,10745.0,4500 KW,14.0,10.6,4382.64,12173.18,1.0
5474,Chemical tanker,128.0,18.0,7260.0,10745.0,4500 KW,13.8,12.7,1105.36,2747.54,1.0
5475,Chemical tanker,128.0,18.0,7260.0,10745.0,4500 KW,17.2,11.9,4278.12,13988.36,1.0
5476,Chemical tanker,131.0,18.0,7260.0,10745.0,,14.9,12.7,3579.01,10063.63,1.0
5477,Chemical tanker,119.0,17.0,5113.0,7598.0,4000 KW,15.1,10.5,1143.8,1738.77,1.0
5478,Chemical tanker,119.0,17.0,5110.0,7598.0,,12.8,11.0,4021.6,7259.83,1.0
5479,Chemical tanker,120.0,17.0,5112.0,7599.0,,15.2,10.8,4961.4,6791.57,1.0
5480,Chemical tanker,147.0,22.0,11393.0,18000.0,,11.4,9.5,3030.1,5577.9,1.0
5481,Oil tanker,183.0,32.0,29680.0,49999.0,9480 KW,15.4,12.9,580.0,2023.9,8.0
5482,Oil tanker,183.0,32.0,29680.0,49999.0,,14.8,11.8,1161.8,4421.23,8.0
5483,Oil tanker,183.0,32.0,29703.0,49999.0,,14.4,9.6,2447.05,7729.51,8.0
5484,General cargo ship,139.0,16.0,5684.0,6970.0,2240 KW,8.6,7.6,4732.0,3890.12,6.0
5487,Container ship,366.0,48.0,141328.0,153514.0,65160 KW,12.7,10.7,1245.63,17415.45,4.0
5488,Container ship,299.0,45.0,88586.0,94526.0,43610 KW,22.9,18.0,1246.4,14790.22,4.0
5489,Container ship,366.0,48.0,141328.0,153514.0,66105 KW,8.5,8.5,638.1,7215.57,4.0
5490,Container ship,299.0,45.0,88586.0,94665.0,43610 KW,9.4,9.4,355.9,2671.52,4.0
5491,Container ship,366.0,48.0,140259.0,153514.0,65160 KW,16.9,13.7,988.47,9625.49,4.0
5492,Container ship,299.0,45.0,88586.0,94649.0,43610 KW,15.0,11.3,358.4,1834.38,4.0
5493,Container ship,366.0,48.0,140259.0,153514.0,65160 KW,12.9,11.4,1137.9,14739.12,4.0
5494,Container ship,299.0,45.0,88586.0,94661.0,43610 KW,19.8,15.1,1438.5,13946.49,4.0
5495,Bulk carrier,250.0,43.0,63864.0,114168.0,15820 KW,13.7,10.9,2372.31,11857.16,0.0
5496,Bulk carrier,250.0,43.0,63864.0,114167.0,15820 KW,12.5,11.6,1313.11,8152.39,0.0
5500,General cargo ship,199.0,32.0,37128.0,62823.0,,12.5,11.6,1037.9,3634.66,6.0
5501,General cargo ship,199.0,32.0,37128.0,62823.0,,13.6,12.0,968.3,2777.99,6.0
5502,Bulk carrier,116.0,19.0,5794.0,8388.0,,13.7,12.5,4876.8,9814.66,0.0
5503,Bulk carrier,116.0,19.0,5794.0,8380.0,,9.9,9.9,4034.43,8088.31,0.0
5504,General cargo ship,168.0,25.0,17644.0,19329.0,9800 KW,15.3,11.2,731.0,2802.01,6.0
5505,Chemical tanker,182.0,27.0,24066.0,38375.0,,13.2,9.8,3086.27,7959.56,1.0
5507,General cargo ship,168.0,25.0,17634.0,19496.0,9800 KW,18.3,14.0,3265.0,13225.6,6.0
5508,General cargo ship,168.0,25.0,17644.0,19379.0,9800 KW,15.9,12.0,1032.5,4643.9,6.0
5509,General cargo ship,168.0,25.0,17644.0,19381.0,9800 KW,18.0,13.2,860.0,2506.6,6.0
5510,General cargo ship,168.0,25.0,17644.0,19866.0,9800 KW,12.2,12.2,3224.6,11556.36,6.0
5511,General cargo ship,168.0,25.0,17644.0,19864.0,9800 KW,14.5,9.5,2389.0,9251.45,6.0
5514,Gas carrier,154.0,25.0,16777.0,17022.0,9480 KW,16.6,12.1,2002.25,9352.66,5.0
5515,Gas carrier,154.0,25.0,16777.0,17022.0,9480 KW,15.6,11.4,5545.78,19238.62,5.0
5516,Gas carrier,154.0,25.0,16777.0,17022.0,9480 KW,15.3,6.1,3480.08,14039.18,5.0
5517,Bulk carrier,189.0,32.0,32296.0,57982.0,9619 KW,14.7,9.0,303.0,1137.81,0.0
5518,Container ship,157.0,23.0,12514.0,14236.0,11350 KW,14.7,12.5,6897.5,22356.66,4.0
5519,Container ship,158.0,23.0,12514.0,14230.0,9966 KW,12.9,11.7,6746.0,17083.4,4.0
5520,Container ship,157.0,23.0,12514.0,14236.0,9960 KW,16.3,10.7,4775.18,14273.4,4.0
5521,Oil tanker,333.0,60.0,161969.0,320106.0,29260 KW,15.4,9.0,2084.3,17163.48,8.0
5524,Container ship,334.0,42.0,91051.0,102834.0,,13.2,8.3,1737.33,19016.28,4.0
5525,Container ship,334.0,42.0,91051.0,101200.0,48400 KW,21.6,16.3,3969.4,51887.96,4.0
5526,Container ship,334.0,42.0,91051.0,102834.0,68530 KW,21.1,16.6,1280.1,15624.18,4.0
5528,Container ship,334.0,43.0,91051.0,102875.0,,11.0,11.0,4778.4,50826.37,4.0
5529,Container ship,239.0,32.0,38364.0,47027.0,31990 KW,19.2,16.1,874.95,5771.57,4.0
5530,Container ship,239.0,32.0,38364.0,46956.0,31990 KW,15.7,11.6,1955.1,16784.66,4.0
5531,Container ship,239.0,32.0,38364.0,46925.0,31990 KW,18.5,16.5,3019.98,22451.16,4.0
5533,Bulk carrier,190.0,32.0,33280.0,57306.0,8058 KW,13.4,11.6,642.0,2180.44,0.0
5534,Bulk carrier,180.0,30.0,23456.0,34408.0,7900 KW,13.9,10.9,914.0,2901.53,0.0
5536,General cargo ship,126.0,18.0,7345.0,10860.0,,10.4,7.1,3999.2,3815.15,6.0
5537,Oil tanker,274.0,48.0,81499.0,158253.0,,13.9,11.9,669.0,2751.64,8.0
5538,Chemical tanker,120.0,20.0,8278.0,12756.0,4440 KW,12.6,10.2,1464.55,4149.46,1.0
5539,Chemical tanker,121.0,20.0,8278.0,12834.0,4440 KW,14.9,11.4,0.0,0.0,1.0
5540,General cargo ship,169.0,27.0,18096.0,28742.0,6280 KW,15.8,10.6,1424.9,3300.51,6.0
5542,Container ship,334.0,42.0,90931.0,109021.0,72240 KW,21.3,16.4,1569.89,15921.01,4.0
5544,Container ship,180.0,25.0,17068.0,21206.0,15232 KW,21.1,13.6,3703.67,13776.6,4.0
5545,Bulk carrier,178.0,28.0,19999.0,30124.0,8050 KW,16.1,11.7,430.08,1222.5,0.0
5546,Bulk carrier,178.0,28.0,19999.0,30124.0,6250 KW,15.1,14.3,3040.88,9466.31,0.0
5547,Bulk carrier,178.0,28.0,19999.0,30130.0,6232 KW,14.0,13.2,1978.82,5612.02,0.0
5548,Bulk carrier,177.0,28.0,22852.0,37168.0,,13.2,9.8,482.9,1489.85,0.0
5549,Container ship,264.0,32.0,47855.0,59352.0,36560 KW,16.0,13.8,3315.88,31823.94,4.0
5550,Container ship,264.0,32.0,47855.0,59367.0,,19.7,13.5,571.18,4246.1,4.0
5551,Container ship,264.0,32.0,47855.0,59404.0,36560 KW,16.6,15.5,2847.42,20443.61,4.0
5552,Container ship,333.0,43.0,94419.0,108770.0,51390 KW,18.4,12.1,2929.71,43669.04,4.0
5553,Container ship,332.0,43.0,94419.0,108836.0,57100 KW,19.4,17.7,2636.2,40362.34,4.0
5554,Container ship,334.0,42.0,91203.0,103845.0,69469 KW,20.4,16.1,3240.0,40974.65,4.0
5555,Container ship,335.0,42.0,93750.0,104014.0,,15.0,9.2,964.8,9939.66,4.0
5556,Container ship,335.0,42.0,93750.0,104007.0,,21.4,18.0,1005.7,9501.83,4.0
5557,Container ship,335.0,42.0,93750.0,103648.0,,15.8,12.9,4393.3,47541.66,4.0
5558,Container ship,335.0,42.0,93750.0,103646.0,,21.8,17.8,1226.6,11565.98,4.0
5559,Container ship,335.0,42.0,93750.0,103662.0,57000 KW,20.1,12.0,1570.57,16023.46,4.0
5560,Container ship,335.0,42.0,93750.0,103994.0,,15.0,12.4,2399.5,23384.59,4.0
5561,Container ship,260.0,32.0,40030.0,50500.0,,15.9,9.2,2955.0,26466.74,4.0
5562,Container ship,334.0,42.0,89787.0,109021.0,,4.9,4.7,4096.0,51037.45,4.0
5563,Container ship,334.0,42.0,90931.0,109021.0,72240 KW,18.7,17.0,1601.03,14045.34,4.0
5564,Bulk carrier,180.0,30.0,23456.0,34403.0,7900 KW,17.2,12.2,1789.6,6092.05,0.0
5565,Bulk carrier,180.0,30.0,23456.0,34357.0,7900 KW,6.3,6.3,1897.91,5817.31,0.0
5566,Bulk carrier,180.0,30.0,23456.0,34438.0,7900 KW,14.7,12.9,844.0,2838.82,0.0
5568,Bulk carrier,180.0,30.0,23456.0,34403.0,7900 KW,16.4,12.8,689.4,2414.93,0.0
5569,Bulk carrier,180.0,30.0,23456.0,34391.0,,13.2,10.2,1614.0,5393.0,0.0
5570,Bulk carrier,180.0,30.0,23456.0,34428.0,,13.6,11.3,936.4,2707.27,0.0
5572,Oil tanker,179.0,32.0,28090.0,45971.0,,16.5,11.2,1633.1,4661.16,8.0
5575,Bulk carrier,287.0,45.0,88420.0,169044.0,,15.2,10.1,0.0,0.0,0.0
5576,Bulk carrier,229.0,36.0,50868.0,91945.0,11060 KW,12.9,9.6,980.2,5342.38,0.0
5578,Container ship,260.0,32.0,42112.0,54327.0,36650 KW,15.4,11.1,4814.93,35636.01,4.0
5579,Container ship,260.0,32.0,42112.0,54383.0,36560 KW,17.5,15.5,4926.67,35487.27,4.0
5581,Bulk carrier,255.0,43.0,63940.0,114248.0,,14.6,11.8,2510.3,14438.89,0.0
5582,Oil tanker,129.0,19.0,7321.0,11259.0,,12.8,10.6,3506.6,7700.23,8.0
5583,Chemical tanker,,,7400.0,10300.0,,14.0,11.5,2895.4,5334.01,1.0
5584,Chemical tanker,174.0,27.0,20333.0,34832.0,,16.3,11.3,1685.21,5533.04,1.0
5585,General cargo ship,166.0,27.0,20949.0,28451.0,,12.9,11.0,0.0,0.0,6.0
5586,General cargo ship,166.0,27.0,20949.0,28341.0,,17.6,11.3,1985.72,4448.63,6.0
5587,General cargo ship,166.0,27.0,20949.0,28341.0,,12.5,10.8,0.0,0.0,6.0
5589,General cargo ship,166.0,27.0,20454.0,28377.0,,13.6,11.7,0.0,0.0,6.0
5590,General cargo ship,166.0,27.0,20454.0,28377.0,,13.6,10.9,2060.14,5424.94,6.0
5591,Chemical tanker,147.0,23.0,12111.0,20819.0,,16.2,11.5,1399.8,3642.6,1.0
5592,Oil tanker,179.0,32.0,28231.0,46549.0,,14.8,9.5,667.0,1543.49,8.0
5594,Chemical tanker,183.0,32.0,29130.0,46162.0,8465 KW,13.8,9.6,1417.1,5458.63,1.0
5597,Chemical tanker,179.0,32.0,25864.0,40401.0,,11.8,11.5,4035.4,10023.26,1.0
5600,Container ship,228.0,37.0,40827.0,51608.0,31640 KW,19.0,16.7,1469.97,11836.19,4.0
5601,Container ship,228.0,37.0,40827.0,51604.0,31640 KW,20.0,17.9,932.53,7509.46,4.0
5602,Container ship,228.0,37.0,40827.0,51619.0,31640 KW,12.5,10.3,1634.35,13718.2,4.0
5604,General cargo ship,199.0,32.0,33689.0,51674.0,,10.4,9.7,493.2,1856.62,6.0
5606,General cargo ship,138.0,21.0,9530.0,12940.0,6400 KW,13.5,13.0,1328.13,2632.83,6.0
5607,General cargo ship,131.0,18.0,7180.0,10588.0,2640 KW,11.7,8.3,1756.06,1139.12,6.0
5608,Bulk carrier,196.0,32.0,34374.0,58608.0,9360 KW,12.8,8.9,1782.0,4650.59,0.0
5610,Bulk carrier,196.0,32.0,34374.0,58609.0,,16.9,6.8,1061.73,4959.17,0.0
5612,Bulk carrier,196.0,32.0,34378.0,58502.0,13560 KW,14.4,11.2,1796.2,8878.35,0.0
5613,Bulk carrier,229.0,32.0,43506.0,79649.0,11060 KW,12.3,8.7,2868.43,11732.92,0.0
5614,Bulk carrier,229.0,32.0,43506.0,79649.0,11060 KW,13.9,9.7,1498.5,6465.24,0.0
5615,Bulk carrier,228.0,32.0,43506.0,79677.0,,8.9,7.4,2347.59,8963.82,0.0
5616,Bulk carrier,228.0,32.0,43506.0,79602.0,11060 KW,13.5,10.4,1749.19,7151.81,0.0
5617,Bulk carrier,189.0,32.0,33036.0,57001.0,9480 KW,13.2,11.6,283.7,1038.11,0.0
5618,Bulk carrier,189.0,32.0,33036.0,57075.0,,13.0,10.5,786.4,2424.48,0.0
5620,Oil tanker,274.0,50.0,84716.0,166164.0,,13.5,10.6,3010.6,19024.47,8.0
5622,Oil tanker,249.0,43.0,61248.0,115909.0,13560 KW,13.1,9.7,241.1,1345.06,8.0
5623,Bulk carrier,225.0,32.0,41697.0,75354.0,,16.6,11.3,2846.0,11268.41,0.0
5624,Bulk carrier,225.0,32.0,41697.0,75750.0,,14.8,9.1,3192.0,13567.54,0.0
5626,Bulk carrier,189.0,32.0,32929.0,56808.0,9480 KW,14.0,10.5,1370.05,5080.26,0.0
5627,Bulk carrier,189.0,32.0,32929.0,56779.0,,14.0,11.2,237.35,765.3,0.0
5629,Container ship,261.0,32.0,40542.0,49892.0,36560 KW,21.9,13.6,23.0,1864.27,4.0
5630,Bulk carrier,229.0,36.0,47984.0,87340.0,,14.6,10.5,399.3,2073.03,0.0
5631,Bulk carrier,229.0,36.0,47984.0,87340.0,10500 KW,13.7,12.2,1222.15,5531.11,0.0
5632,Bulk carrier,230.0,38.0,51208.0,93112.0,12240 KW,11.2,9.4,2386.9,13288.55,0.0
5633,General cargo ship,139.0,16.0,5716.0,7224.0,2240 KW,10.1,7.6,3777.0,3627.04,6.0
5634,Bulk carrier,291.0,45.0,91971.0,175935.0,,12.5,9.3,995.47,4857.4,0.0
5635,Bulk carrier,291.0,45.0,91751.0,175878.0,,16.0,10.0,0.0,0.0,0.0
5636,General cargo ship,138.0,21.0,9627.0,12738.0,5400 KW,12.9,8.4,3198.0,6850.01,6.0
5637,General cargo ship,138.0,21.0,9627.0,12696.0,5400 KW,14.9,12.7,3472.48,7804.04,6.0
5638,Oil tanker,274.0,48.0,81429.0,157055.0,,13.3,10.9,2088.5,14975.43,8.0
5639,Oil tanker,274.0,48.0,81429.0,156509.0,,15.1,12.4,1926.96,14559.35,8.0
5640,Oil tanker,274.0,48.0,81429.0,157055.0,,15.2,13.4,646.3,3912.58,8.0
5641,Oil tanker,274.0,48.0,81429.0,157055.0,,8.5,8.5,797.75,5546.32,8.0
5642,Oil tanker,249.0,44.0,62851.0,114062.0,14280 KW,15.5,9.7,1040.37,6237.2,8.0
5643,Container ship,133.0,22.0,9047.0,12044.0,5000 KW,12.7,11.5,4700.08,7365.08,4.0
5645,Bulk carrier,292.0,44.0,92249.0,178462.0,,11.4,7.6,2020.1,11281.22,0.0
5646,Bulk carrier,189.0,32.0,31759.0,56104.0,,15.2,11.5,1140.12,2551.03,0.0
5647,General cargo ship,115.0,16.0,5344.0,6200.0,5250 KW,13.0,11.6,4808.24,6974.47,6.0
5648,General cargo ship,115.0,16.0,5344.0,6203.0,3840 KW,11.6,10.3,3247.08,4883.98,6.0
5649,Container ship,158.0,23.0,12514.0,14220.0,8262 KW,16.6,13.9,6257.8,25756.76,4.0
5650,Container ship,158.0,23.0,12514.0,14222.0,8262 KW,17.3,13.8,5115.95,13841.73,4.0
5651,Bulk carrier,224.0,32.0,42709.0,80679.0,,15.8,11.2,1609.7,6546.73,0.0
5652,Container ship,396.0,53.0,176546.0,186802.0,,18.1,13.9,1045.65,18585.89,4.0
5654,Bulk carrier,189.0,32.0,31282.0,55545.0,,14.5,11.3,1022.05,3826.61,0.0
5656,Bulk carrier,189.0,32.0,32983.0,56965.0,,14.2,9.8,980.75,3559.2,0.0
5659,Refrigerated cargo carrier,165.0,25.0,14091.0,15609.0,14280 KW,21.8,19.6,2917.5,19823.09,10.0
5660,Refrigerated cargo carrier,165.0,25.0,14091.0,15692.0,,8.8,7.8,2702.3,17882.06,10.0
5666,Bulk carrier,189.0,32.0,32987.0,56686.0,9480 KW,14.5,11.8,0.0,0.0,0.0
5668,Oil tanker,195.0,32.0,30638.0,52725.0,9650 KW,16.5,12.1,1573.1,7020.03,8.0
5669,Chemical tanker,195.0,32.0,30638.0,51800.0,,16.8,12.6,737.99,2877.59,1.0
5670,Oil tanker,183.0,32.0,29130.0,47238.0,,12.2,9.7,879.8,2947.69,8.0
5671,Bulk carrier,229.0,36.0,51130.0,92018.0,,13.3,8.2,1378.0,6414.03,0.0
5673,Oil tanker,333.0,60.0,162203.0,320137.0,29424 KW,16.3,11.4,3219.6,18910.66,8.0
5674,Chemical tanker,184.0,27.0,23258.0,36955.0,7877 KW,14.0,12.4,2037.83,6047.16,1.0
5675,Bulk carrier,189.0,32.0,32987.0,56835.0,6362 KW,14.1,12.0,993.18,3437.17,0.0
5677,Bulk carrier,189.0,32.0,33044.0,56944.0,9480 KW,15.6,12.2,2175.35,7793.94,0.0
5678,Bulk carrier,189.0,32.0,32983.0,57050.0,9730 KW,15.1,9.6,1575.33,5633.45,0.0
5679,Bulk carrier,189.0,32.0,32983.0,56945.0,,13.8,11.8,0.0,0.0,0.0
5680,Bulk carrier,189.0,32.0,32983.0,56925.0,,14.3,10.9,1353.97,5280.6,0.0
5681,Bulk carrier,189.0,32.0,32983.0,56877.0,,14.1,10.7,609.52,2361.45,0.0
5682,Bulk carrier,190.0,32.0,31540.0,55733.0,,14.3,13.1,0.0,0.0,0.0
5684,General cargo ship,142.0,18.0,8999.0,12007.0,5460 KW,8.3,6.6,2737.0,6079.22,6.0
5685,General cargo ship,142.0,18.0,8999.0,12007.0,,13.2,12.2,3742.17,8938.95,6.0
5686,General cargo ship,143.0,19.0,8999.0,12016.0,6320 KW,15.6,10.8,4006.0,9246.01,6.0
5687,Container ship,366.0,48.0,141716.0,142105.0,,21.5,17.0,1100.87,16343.51,4.0
5690,Oil tanker,228.0,32.0,42208.0,74574.0,13000 KW,13.0,8.9,854.7,2201.57,8.0
5691,Oil tanker,228.0,32.0,42208.0,74577.0,9693 KW,15.8,12.1,667.82,2621.53,8.0
5696,Ro-ro ship,193.0,26.0,29429.0,11415.0,16200 KW,20.9,17.2,6160.0,41440.07,12.0
5698,General cargo ship,154.0,26.0,15989.0,18680.0,,16.6,10.8,2259.0,7369.13,6.0
5699,Oil tanker,183.0,32.0,30241.0,48580.0,,14.2,9.5,2031.3,7375.47,8.0
5700,Bulk carrier,229.0,32.0,43879.0,80671.0,,11.8,10.1,1114.68,4777.05,0.0
5701,Oil tanker,243.0,42.0,59794.0,114542.0,13560 KW,18.5,11.8,812.3,5084.48,8.0
5702,Oil tanker,244.0,42.0,59180.0,114531.0,13560 KW,4.2,3.8,453.5,2010.47,8.0
5703,Oil tanker,243.0,42.0,59174.0,114410.0,,15.0,11.5,1016.0,5207.19,8.0
5704,Oil tanker,183.0,32.0,29826.0,50275.0,,10.2,6.4,648.9,2495.39,8.0
5706,Chemical tanker,229.0,32.0,42225.0,73982.0,13560 KW,12.4,9.9,1095.6,5333.21,1.0
5707,Chemical tanker,156.0,22.0,12908.0,21224.0,,14.0,10.1,2340.38,6752.15,1.0
5708,Oil tanker,274.0,48.0,81499.0,158466.0,,13.5,11.9,666.4,3054.19,8.0
5709,Oil tanker,274.0,48.0,81510.0,158319.0,18660 KW,15.7,12.5,1272.9,7128.23,8.0
5711,Container ship,366.0,48.0,141716.0,148723.0,67000 KW,19.1,15.5,610.28,6308.85,4.0
5712,Oil tanker,142.0,21.0,8995.0,14355.0,4440 KW,11.9,7.6,2524.42,5261.65,8.0
5713,Chemical tanker,142.0,21.0,9104.0,14391.0,4440 KW,13.6,10.2,4042.9,8739.55,1.0
5714,Container ship,366.0,48.0,141716.0,148723.0,48000 KW,13.0,9.3,155.33,2990.48,4.0
5715,Container ship,366.0,48.0,141716.0,142105.0,68640 KW,20.0,17.3,118.15,2034.2,4.0
5716,Gas carrier,155.0,23.0,15314.0,17739.0,9480 KW,15.2,14.1,3857.15,11537.24,5.0
5717,Gas carrier,155.0,23.0,15314.0,17674.0,9480 KW,15.8,14.5,3306.03,11515.43,5.0
5718,Gas carrier,155.0,23.0,15314.0,17672.0,15314 KW,17.0,14.7,2718.47,11601.72,5.0
5720,Chemical tanker,123.0,17.0,5604.0,8424.0,,12.6,10.2,4110.49,7497.85,1.0
5721,Bulk carrier,197.0,32.0,33188.0,58764.0,,15.2,12.3,679.62,2520.84,0.0
5722,General cargo ship,126.0,15.0,5418.0,8493.0,,13.8,12.2,5466.0,6469.89,6.0
5723,Bulk carrier,159.0,24.0,14852.0,22303.0,,13.0,9.8,875.0,1936.92,0.0
5724,General cargo ship,166.0,27.0,20965.0,28085.0,6800 KW,15.0,12.7,4475.62,13486.2,6.0
5725,General cargo ship,166.0,27.0,20965.0,28154.0,,14.5,11.4,1996.83,5257.49,6.0
5728,General cargo ship,166.0,27.0,20682.0,28309.0,6810 KW,13.2,10.9,5073.37,10317.39,6.0
5729,General cargo ship,166.0,27.0,22362.0,31776.0,6480 KW,14.0,11.6,2100.12,5595.45,6.0
5731,Ro-pax ship,198.0,26.0,25518.0,7500.0,,21.1,20.8,5489.34,59930.52,11.0
5732,Ro-pax ship,198.0,26.0,25518.0,7500.0,,22.9,19.8,5686.87,61603.34,11.0
5733,Ro-pax ship,198.0,26.0,25666.0,7500.0,24000 KW,22.5,19.8,6719.53,65399.4,11.0
5734,Bulk carrier,292.0,45.0,89891.0,179719.0,,15.3,10.3,755.78,4617.85,0.0
5735,Chemical tanker,183.0,32.0,28300.0,45553.0,9340 KW,8.1,6.2,3373.8,9923.54,1.0
5736,Chemical tanker,183.0,32.0,29124.0,45612.0,12870 KW,15.0,5.4,1129.5,5595.68,1.0
5737,Chemical tanker,183.0,32.0,29124.0,45444.0,8539 KW,15.3,11.9,1720.13,6790.75,1.0
5738,General cargo ship,160.0,27.0,15026.0,12975.0,,20.1,16.0,2986.2,12467.72,6.0
5739,General cargo ship,160.0,27.0,15199.0,12501.0,,18.6,13.7,1062.83,4873.07,6.0
5740,Ro-ro ship,200.0,26.0,32844.0,10780.0,20070 KW,18.8,16.8,5059.0,43696.53,12.0
5741,Container ship,151.0,23.0,10585.0,13000.0,9000 KW,19.0,16.4,4564.0,15311.5,4.0
5742,Bulk carrier,225.0,32.0,41586.0,74753.0,,8.0,8.0,2526.8,9867.02,0.0
5743,Chemical tanker,183.0,32.0,29168.0,45468.0,12900 KW,15.9,11.8,2207.58,9575.04,1.0
5744,Chemical tanker,182.0,32.0,29168.0,45499.0,9777 KW,15.3,11.6,3820.63,14951.3,1.0
5745,Chemical tanker,182.0,32.0,29168.0,45498.0,9480 KW,14.2,13.2,1720.36,6839.39,1.0
5746,Oil tanker,183.0,32.0,30052.0,49991.0,9960 KW,15.0,11.7,1884.9,7958.41,8.0
5747,Bulk carrier,180.0,30.0,21300.0,34398.0,,14.8,12.8,0.0,0.0,0.0
5749,Bulk carrier,177.0,28.0,21483.0,33143.0,,14.0,10.2,1436.0,3276.87,0.0
5750,Bulk carrier,177.0,28.0,21483.0,33132.0,,13.0,11.5,764.0,1859.55,0.0
5751,Bulk carrier,177.0,28.0,21483.0,33124.0,,13.2,11.7,2130.48,5060.93,0.0
5752,Container ship,260.0,32.0,42112.0,54325.0,36560 KW,18.4,13.3,3791.0,25838.11,4.0
5753,Chemical tanker,174.0,27.0,20333.0,34858.0,,15.6,14.6,1187.6,4390.93,1.0
5754,Bulk carrier,254.0,43.0,64769.0,115429.0,13080 KW,15.8,11.6,2069.94,7577.62,0.0
5755,Bulk carrier,254.0,43.0,64769.0,115444.0,,11.2,9.1,690.2,2811.22,0.0
5756,Bulk carrier,179.0,28.0,20748.0,31800.0,6480 KW,10.2,10.2,2494.7,6751.61,0.0
5757,Bulk carrier,179.0,28.0,22402.0,35314.0,6480 KW,13.1,10.9,1949.46,4529.64,0.0
5758,Bulk carrier,179.0,28.0,22402.0,35315.0,6480 KW,12.3,11.3,1248.64,2358.4,0.0
5759,Container ship,239.0,32.0,38388.0,47267.0,31710 KW,19.5,17.5,440.7,1745.45,4.0
5761,Container ship,239.0,32.0,38388.0,47087.0,,14.2,8.1,1389.7,11248.76,4.0
5762,Chemical tanker,155.0,24.0,13517.0,23324.0,7175 KW,3.2,2.8,2027.48,5144.1,1.0
5763,Oil tanker,109.0,18.0,5076.0,6033.0,,12.2,9.2,3860.0,4829.93,8.0
5764,Bulk carrier,171.0,27.0,19799.0,31771.0,,15.7,12.1,3133.4,7555.88,0.0
5765,Bulk carrier,184.0,23.0,19814.0,30894.0,7200 KW,12.3,9.7,3972.7,10861.53,0.0
5766,Bulk carrier,184.0,23.0,19814.0,30878.0,7200 KW,14.0,10.0,4301.88,12108.49,0.0
5767,Bulk carrier,185.0,23.0,19814.0,30928.0,7200 KW,12.0,6.7,3318.0,6942.33,0.0
5768,Bulk carrier,184.0,23.0,19814.0,30929.0,7200 KW,7.3,6.1,1809.31,5498.96,0.0
5769,Bulk carrier,292.0,45.0,94817.0,180727.0,,12.7,8.7,714.0,4183.86,0.0
5770,Bulk carrier,190.0,32.0,33234.0,57282.0,8953 KW,16.6,11.8,814.44,3044.88,0.0
5771,Oil tanker,148.0,23.0,13283.0,18531.0,6000 KW,14.5,10.1,3860.73,10163.09,8.0
5772,Oil tanker,148.0,23.0,13283.0,18561.0,,14.1,10.1,2614.32,7148.0,8.0
5774,Bulk carrier,180.0,30.0,23494.0,33693.0,,15.3,12.5,1220.05,3712.48,0.0
5775,Bulk carrier,189.0,32.0,29953.0,53562.0,,15.3,12.4,901.2,3459.14,0.0
5777,Chemical tanker,144.0,22.0,11472.0,17543.0,,12.5,11.6,5287.37,12453.12,1.0
5778,Bulk carrier,189.0,32.0,31508.0,56108.0,,12.7,10.6,1223.37,1175.26,0.0
5779,Oil tanker,229.0,42.0,55909.0,105391.0,12350 KW,14.6,12.3,838.65,4876.93,8.0
5780,Chemical tanker,113.0,18.0,5589.0,8066.0,,10.9,8.6,1482.39,3883.35,1.0
5781,Bulk carrier,228.0,32.0,43736.0,80443.0,11060 KW,15.8,12.6,919.9,2630.87,0.0
5782,Bulk carrier,229.0,32.0,43790.0,80469.0,8953 KW,12.4,8.5,1602.69,7510.76,0.0
5783,Bulk carrier,229.0,32.0,43790.0,80533.0,11060 KW,14.6,9.0,1369.13,4512.09,0.0
5784,Bulk carrier,229.0,32.0,43790.0,80384.0,8953 KW,14.5,13.7,658.69,3017.04,0.0
5786,Bulk carrier,182.0,32.0,29218.0,50633.0,,6.1,4.1,901.83,2956.0,0.0
5789,Bulk carrier,229.0,32.0,43817.0,80717.0,,14.7,10.5,1792.06,7002.74,0.0
5790,Bulk carrier,228.0,32.0,43012.0,82211.0,,12.7,10.9,1402.75,5520.04,0.0
5791,Bulk carrier,228.0,32.0,43012.0,82206.0,,14.9,9.5,1403.4,4912.89,0.0
5793,Bulk carrier,228.0,32.0,43024.0,82165.0,,11.9,8.7,1333.8,5720.21,0.0
5797,Bulk carrier,228.0,32.0,43012.0,82205.0,,13.9,11.8,1044.4,4100.9,0.0
5798,Container ship,365.0,51.0,153115.0,165908.0,72060 KW,11.8,6.6,1088.1,19786.18,4.0
5799,Container ship,365.0,51.0,153733.0,166041.0,72240 KW,22.6,19.7,952.4,16280.42,4.0
5800,Container ship,365.0,51.0,153115.0,165991.0,,14.0,9.3,3221.4,51205.14,4.0
5801,Container ship,365.0,51.0,153115.0,165977.0,72240 KW,20.5,17.1,2516.2,39115.98,4.0
5802,Container ship,365.0,51.0,153115.0,166093.0,,16.3,13.2,2619.0,50176.27,4.0
5803,Container ship,365.0,51.0,153115.0,165967.0,,16.3,12.8,1247.0,20418.36,4.0
5804,Container ship,365.0,51.0,153115.0,165905.0,72240 KW,11.4,11.4,3536.6,58772.91,4.0
5805,Container ship,335.0,43.0,91621.0,102518.0,,20.9,17.4,1846.0,21181.73,4.0
5806,Container ship,335.0,42.0,91585.0,102518.0,,19.3,13.0,0.0,0.0,4.0
5807,Container ship,335.0,42.0,91621.0,102518.0,,9.5,9.5,1351.4,15923.72,4.0
5809,Oil tanker,183.0,32.0,30241.0,52550.0,,14.1,10.7,818.5,1330.09,8.0
5811,Oil tanker,274.0,50.0,84735.0,164716.0,18660 KW,16.3,12.7,540.7,3530.36,8.0
5812,Bulk carrier,190.0,32.0,33338.0,57255.0,,12.9,9.7,1862.82,6518.45,0.0
5813,Oil tanker,249.0,45.0,65830.0,119456.0,,14.6,12.0,1195.1,4841.68,8.0
5814,Container ship,349.0,45.0,113735.0,123137.0,,20.6,18.1,1652.73,18662.56,4.0
5815,Container ship,349.0,45.0,113735.0,123137.0,72240 KW,21.1,14.8,340.3,4235.89,4.0
5816,Chemical tanker,119.0,17.0,5633.0,8267.0,,14.5,9.0,3461.9,5771.36,1.0
5817,Chemical tanker,123.0,17.0,5851.0,8400.0,,10.8,7.2,3844.64,14977.29,1.0
5818,Chemical tanker,169.0,25.0,17591.0,26234.0,,15.5,11.3,1150.81,8235.94,1.0
5819,Ro-pax ship,161.0,26.0,27744.0,4145.0,,17.0,15.3,5492.71,37994.24,11.0
5820,General cargo ship,,,7800.0,9250.0,,10.8,8.2,717.4,991.4,6.0
5821,Chemical tanker,123.0,17.0,5651.0,8280.0,,13.5,11.2,3994.29,8342.58,1.0
5822,Chemical tanker,123.0,17.0,5651.0,8269.0,4000 KW,15.7,13.1,4459.45,7938.8,1.0
5823,Chemical tanker,123.0,17.0,5651.0,8278.0,,13.6,12.2,4354.16,14919.86,1.0
5824,Bulk carrier,260.0,43.0,65976.0,118532.0,13560 KW,15.1,12.0,1465.6,8132.43,0.0
5825,Bulk carrier,189.0,32.0,29978.0,53569.0,,3.7,3.7,1124.0,3845.73,0.0
5826,Bulk carrier,289.0,45.0,91508.0,174788.0,,9.1,9.1,0.0,0.0,0.0
5827,Container ship,168.0,27.0,17488.0,17892.0,,20.5,10.9,4659.87,15911.44,4.0
5829,Oil tanker,183.0,32.0,30241.0,50309.0,,4.5,3.5,2390.1,9911.29,8.0
5830,Oil tanker,274.0,48.0,81493.0,158475.0,,11.4,11.4,5878.28,33355.59,8.0
5831,Container ship,366.0,48.0,141649.0,141377.0,72000 KW,16.2,14.5,587.7,7649.54,4.0
5832,Container ship,366.0,48.0,141649.0,141406.0,72240 KW,19.1,12.2,1901.0,28361.71,4.0
5834,Bulk carrier,291.0,45.0,93608.0,179018.0,,15.5,11.8,1175.4,7492.28,0.0
5835,Bulk carrier,291.0,45.0,93227.0,179250.0,,15.4,11.6,680.2,4782.12,0.0
5836,General cargo ship,137.0,15.0,7196.0,10750.0,,12.8,9.7,4102.0,5404.01,6.0
5837,General cargo ship,137.0,15.0,7196.0,10750.0,,12.9,9.7,3171.0,4446.12,6.0
5838,General cargo ship,137.0,15.0,7196.0,10750.0,,17.4,10.0,4232.0,5918.29,6.0
5839,General cargo ship,138.0,21.0,9530.0,12959.0,5400 KW,14.4,10.6,390.0,793.32,6.0
5840,General cargo ship,138.0,21.0,9530.0,12961.0,7714 KW,14.2,10.2,4230.66,8307.15,6.0
5841,Bulk carrier,196.0,32.0,34374.0,58814.0,9960 KW,12.9,7.1,369.5,1512.93,0.0
5842,Bulk carrier,260.0,43.0,65976.0,121332.0,13560 KW,14.3,10.3,1897.0,9550.58,0.0
5843,Bulk carrier,260.0,43.0,65976.0,118590.0,13560 KW,13.7,10.3,904.0,3442.93,0.0
5844,Bulk carrier,260.0,43.0,65976.0,118467.0,13560 KW,15.0,10.6,872.8,3997.65,0.0
5845,Bulk carrier,260.0,43.0,65976.0,118472.0,13560 KW,16.1,11.7,1524.3,6369.91,0.0
5846,Bulk carrier,260.0,43.0,65976.0,121332.0,13560 KW,14.3,11.1,652.4,4378.72,0.0
5847,Bulk carrier,189.0,32.0,32929.0,56854.0,,15.7,10.2,1559.49,4752.07,0.0
5848,Bulk carrier,182.0,29.0,23654.0,33856.0,,11.3,9.8,1080.2,3007.96,0.0
5849,Bulk carrier,182.0,29.0,23670.0,33780.0,6681 KW,14.4,12.4,820.0,2460.78,0.0
5850,Bulk carrier,182.0,29.0,23670.0,33945.0,,12.5,11.3,2103.3,6698.4,0.0
5851,Bulk carrier,189.0,32.0,31261.0,53627.0,9480 KW,13.6,10.0,512.0,2392.26,0.0
5852,Chemical tanker,124.0,17.0,5287.0,7718.0,,8.0,5.7,3951.47,7894.38,1.0
5853,Chemical tanker,184.0,27.0,23339.0,37596.0,,13.7,11.1,1403.99,3542.83,1.0
5854,Chemical tanker,184.0,27.0,23339.0,37557.0,,15.3,11.8,1079.78,3358.98,1.0
5855,Chemical tanker,184.0,27.0,23339.0,37565.0,8600 KW,17.2,11.8,4753.15,12780.65,1.0
5859,Bulk carrier,224.0,32.0,39732.0,76554.0,10320 KW,12.4,10.0,0.0,0.0,0.0
5861,Bulk carrier,169.0,27.0,17018.0,28343.0,5660 KW,12.9,8.2,1072.7,2497.76,0.0
5862,Bulk carrier,169.0,27.0,17018.0,28354.0,5850 KW,13.3,9.0,1494.26,4209.24,0.0
5863,Bulk carrier,255.0,43.0,63993.0,114563.0,,15.8,9.6,2231.23,12499.81,0.0
5864,Bulk carrier,255.0,43.0,63993.0,114775.0,18442 KW,15.1,12.0,2485.8,12665.62,0.0
5867,Bulk carrier,187.0,27.0,22683.0,36830.0,7860 KW,14.6,12.1,880.3,2459.71,0.0
5868,Bulk carrier,187.0,27.0,22683.0,36866.0,7860 KW,13.4,8.9,1200.51,3185.47,0.0
5869,Container ship,333.0,43.0,94407.0,108677.0,57100 KW,16.4,15.5,2829.59,46894.42,4.0
5870,Bulk carrier,189.0,32.0,32309.0,58115.0,,13.3,9.6,1432.3,4747.17,0.0
5871,Bulk carrier,189.0,32.0,32309.0,58140.0,,14.7,11.3,2531.5,9581.45,0.0
5872,Bulk carrier,291.0,45.0,92626.0,180359.0,,17.6,11.7,1454.4,10332.83,0.0
5873,Ro-pax ship,101.0,17.0,6146.0,850.0,9000 KW,16.1,15.8,4348.88,16996.75,11.0
5874,Container ship,366.0,48.0,141635.0,141184.0,72240 KW,11.6,10.0,812.8,11975.1,4.0
5876,Container ship,366.0,48.0,141635.0,140951.0,,19.1,18.4,2832.3,43124.43,4.0
5877,Container/ro-ro cargo ship,210.0,36.0,47218.0,24800.0,,7.9,5.5,2519.28,15677.67,3.0
5878,General cargo ship,199.0,30.0,30469.0,37443.0,11620 KW,16.5,15.8,3789.45,18794.7,6.0
5879,General cargo ship,199.0,30.0,30469.0,37472.0,11620 KW,18.1,11.7,3550.41,17699.52,6.0
5880,General cargo ship,199.0,30.0,30469.0,37472.0,16200 KW,15.2,14.2,3922.5,17306.14,6.0
5881,Ro-ro ship,200.0,26.0,32841.0,10787.0,,21.3,18.3,5114.8,43046.21,12.0
5882,Ro-ro ship,200.0,26.0,32850.0,10786.0,,17.7,15.8,3921.06,32753.25,12.0
5883,Ro-ro ship,190.0,26.0,32841.0,10770.0,,19.4,16.2,4703.71,33552.67,12.0
5884,Ro-ro ship,200.0,26.0,32843.0,10773.0,,18.0,16.8,5066.8,41778.34,12.0
5885,Ro-ro ship,200.0,26.0,32841.0,10765.0,,19.8,17.9,5216.16,43319.96,12.0
5887,Oil tanker,183.0,32.0,30302.0,49999.0,,14.5,10.5,1801.2,5460.92,8.0
5891,General cargo ship,143.0,22.0,11864.0,17407.0,7500 KW,15.4,11.2,2243.0,6551.03,6.0
5892,Oil tanker,248.0,43.0,67188.0,109325.0,,10.8,10.8,5147.76,20580.59,8.0
5893,Oil tanker,248.0,43.0,66563.0,109335.0,,13.2,10.6,3969.37,17861.59,8.0
5894,Container ship,366.0,48.0,141823.0,140637.0,72240 KW,20.7,20.0,4366.43,63586.57,4.0
5896,General cargo ship,143.0,21.0,11885.0,17294.0,7500 KW,13.9,11.2,595.09,1406.75,6.0
5897,General cargo ship,143.0,21.0,11885.0,17294.0,,15.6,13.1,3859.0,11327.49,6.0
5898,General cargo ship,143.0,21.0,11885.0,17294.0,,14.8,11.3,2237.02,5230.06,6.0
5899,General cargo ship,143.0,21.0,11885.0,17294.0,7500 KW,18.0,15.0,2109.66,4304.98,6.0
5900,General cargo ship,142.0,21.0,11885.0,17294.0,7800 KW,17.0,14.1,2255.14,6610.94,6.0
5901,General cargo ship,142.0,21.0,11885.0,17294.0,11885 KW,10.8,7.2,1245.59,3057.26,6.0
5902,General cargo ship,142.0,21.0,11885.0,17294.0,,14.0,12.7,3160.99,7524.12,6.0
5903,General cargo ship,142.0,21.0,11885.0,17294.0,7500 KW,13.7,10.1,622.83,1475.89,6.0
5904,Bulk carrier,190.0,32.0,32460.0,53393.0,,13.4,9.0,454.45,1840.95,0.0
5905,Bulk carrier,190.0,32.0,32460.0,53393.0,,11.0,9.3,0.0,0.0,0.0
5906,Oil tanker,274.0,48.0,83850.0,156639.0,18660 KW,15.0,10.8,1293.1,5402.24,8.0
5907,Chemical tanker,117.0,21.0,6444.0,10303.0,9915 KW,12.6,11.7,3692.4,10831.77,1.0
5908,Chemical tanker,145.0,23.0,11298.0,16417.0,4440 KW,15.4,11.8,3564.8,7947.14,1.0
5910,Container ship,366.0,51.0,150853.0,155470.0,,9.7,9.7,5450.3,100264.65,4.0
5911,Bulk carrier,189.0,32.0,33044.0,57000.0,9480 KW,14.0,10.3,1462.34,6159.59,0.0
5913,General cargo ship,137.0,21.0,9616.0,12546.0,,15.0,13.8,2897.82,6558.52,6.0
5914,General cargo ship,138.0,21.0,9616.0,12590.0,5400 KW,15.7,13.7,1183.99,3154.58,6.0
5915,Container ship,264.0,32.0,47855.0,59346.0,36560 KW,19.3,13.7,4014.08,36549.96,4.0
5916,General cargo ship,166.0,22.0,15549.0,19404.0,9800 KW,14.7,11.1,3792.0,16403.44,6.0
5917,General cargo ship,166.0,23.0,15549.0,19306.0,9800 KW,12.4,10.3,3374.0,12670.28,6.0
5919,General cargo ship,166.0,23.0,15549.0,19359.0,9800 KW,17.2,15.0,4247.0,18229.51,6.0
5921,Container ship,366.0,51.0,150853.0,155480.0,,18.5,16.4,4675.8,86361.56,4.0
5922,Container ship,366.0,51.0,151993.0,155373.0,,15.1,11.9,649.1,16215.99,4.0
5923,Container ship,366.0,51.0,151993.0,155467.0,,18.2,14.7,5303.55,91803.52,4.0
5925,Container ship,365.0,51.0,150853.0,155627.0,72240 KW,16.7,12.3,4616.54,86685.62,4.0
5926,Container ship,365.0,48.0,140096.0,154792.0,,21.0,14.8,548.7,9842.4,4.0
5927,Container ship,365.0,48.0,140096.0,154792.0,98280 KW,19.9,15.1,2919.0,41083.32,4.0
5928,Container ship,365.0,48.0,140096.0,154792.0,,21.9,18.1,3119.08,48994.79,4.0
5929,Container ship,365.0,48.0,140096.0,154792.0,,19.6,14.4,190.4,3692.14,4.0
5930,Container ship,365.0,48.0,140096.0,154792.0,,8.0,8.0,698.6,14556.09,4.0
5931,Container ship,365.0,48.0,140096.0,154792.0,,19.4,16.6,993.7,20122.28,4.0
5932,Bulk carrier,180.0,30.0,20500.0,33755.0,8580 KW,12.8,9.0,1146.0,3818.53,0.0
5933,Bulk carrier,180.0,30.0,23426.0,33755.0,8580 KW,14.9,9.9,1075.57,2733.21,0.0
5934,Bulk carrier,180.0,30.0,23426.0,33762.0,8580 KW,15.2,11.4,974.97,3476.83,0.0
5935,Bulk carrier,180.0,30.0,23426.0,33755.0,8580 KW,15.4,11.0,1830.18,4841.86,0.0
5938,Bulk carrier,291.0,45.0,91971.0,175949.0,,13.4,6.7,1190.1,6326.52,0.0
5939,Bulk carrier,189.0,32.0,32957.0,57000.0,8058 KW,14.1,11.0,1160.56,4074.37,0.0
5940,Bulk carrier,178.0,28.0,21650.0,33261.0,6480 KW,11.3,9.5,1732.33,3482.69,0.0
5941,General cargo ship,138.0,21.0,9611.0,12653.0,,14.4,11.1,2690.0,5878.44,6.0
5942,General cargo ship,138.0,21.0,9611.0,12653.0,5400 KW,17.0,12.1,3182.0,6361.61,6.0
5944,Bulk carrier,190.0,32.0,31617.0,55304.0,,12.3,10.4,0.0,0.0,0.0
5945,Bulk carrier,190.0,32.0,31617.0,55437.0,8890 KW,13.9,7.2,2105.18,7191.21,0.0
5946,Bulk carrier,288.0,45.0,89777.0,176827.0,,10.2,9.4,859.1,4123.11,0.0
5948,Oil tanker,106.0,17.0,5539.0,6065.0,,13.2,11.4,3205.0,5559.43,8.0
5949,Oil tanker,106.0,17.0,5539.0,6003.0,3060 KW,14.1,9.5,3848.33,5464.98,8.0
5950,Bulk carrier,168.0,25.0,13965.0,21177.0,,16.5,11.9,282.25,782.36,0.0
5952,Bulk carrier,291.0,45.0,92071.0,174992.0,,11.7,11.0,1119.0,6490.3,0.0
5953,Bulk carrier,119.0,16.0,5222.0,8184.0,2500 KW,11.4,10.6,3395.03,2668.71,0.0
5954,Ro-ro ship,217.0,26.0,33816.0,14509.0,,17.5,16.6,4932.0,38170.1,12.0
5955,Ro-ro ship,217.0,26.0,33816.0,14500.0,,19.7,15.2,4898.0,37988.42,12.0
5956,Ro-ro ship,217.0,31.0,33816.0,14500.0,,20.0,18.3,5325.0,37311.59,12.0
5957,Ro-ro ship,217.0,31.0,33816.0,14500.0,,21.0,18.2,4914.0,39074.89,12.0
5958,Ro-ro ship,217.0,26.0,33816.0,14509.0,,18.3,17.3,5234.0,41600.52,12.0
5959,Ro-ro ship,217.0,26.0,33816.0,14509.0,10000 KW,20.4,16.8,5122.0,40602.28,12.0
5960,Bulk carrier,292.0,45.0,91412.0,176000.0,,15.7,13.8,2810.2,18043.79,0.0
5961,Bulk carrier,229.0,36.0,47984.0,87328.0,10500 KW,14.4,11.2,1885.5,8621.92,0.0
5962,General cargo ship,108.0,18.0,5629.0,8049.0,3000 KW,11.3,11.1,4032.65,5715.14,6.0
5963,Ro-pax ship,212.0,31.0,33690.0,8423.0,,13.4,13.4,4020.08,30690.43,11.0
5964,Ro-pax ship,212.0,31.0,33690.0,9052.0,,21.2,15.8,3955.12,30221.74,11.0
5965,Bulk carrier,292.0,45.0,94008.0,180132.0,,13.2,9.9,1689.35,10618.56,0.0
5966,Bulk carrier,229.0,32.0,43717.0,79775.0,,12.1,10.1,0.0,0.0,0.0
5967,Bulk carrier,229.0,32.0,43717.0,79791.0,15786 KW,13.7,10.1,0.0,0.0,0.0
5968,Container ship,365.0,51.0,153115.0,166101.0,,18.7,16.0,2740.2,45989.64,4.0
5969,Oil tanker,239.0,42.0,57237.0,105304.0,,9.3,9.3,1298.15,7574.83,8.0
5974,Bulk carrier,228.0,32.0,43827.0,80370.0,11060 KW,15.2,11.4,770.4,3242.12,0.0
5975,Oil tanker,248.0,43.0,61336.0,115984.0,,11.6,9.1,4158.0,17102.14,8.0
5976,Chemical tanker,183.0,32.0,30066.0,50341.0,,13.2,11.8,655.4,2165.76,1.0
5977,Chemical tanker,229.0,32.0,42208.0,73919.0,,13.4,10.0,1140.1,5785.56,1.0
5978,Bulk carrier,224.0,32.0,41718.0,74138.0,,15.3,10.9,2103.6,9372.68,0.0
5979,Bulk carrier,225.0,32.0,41718.0,74052.0,,18.4,12.4,1409.9,6245.14,0.0
5980,Bulk carrier,225.0,32.0,41725.0,74232.0,,18.6,11.9,2341.6,9786.46,0.0
5981,Bulk carrier,228.0,32.0,43013.0,82250.0,,14.2,12.2,1969.5,6984.24,0.0
5982,Bulk carrier,180.0,30.0,23322.0,33918.0,,14.2,10.8,1783.0,5308.23,0.0
5983,Bulk carrier,169.0,27.0,17018.0,28449.0,,10.5,10.5,462.25,503.9,0.0
5984,Bulk carrier,169.0,27.0,17023.0,28320.0,5850 KW,14.1,11.8,1275.88,2477.96,0.0
5985,Bulk carrier,169.0,27.0,17023.0,28310.0,5850 KW,14.2,11.8,1081.5,4698.8,0.0
5986,Bulk carrier,169.0,27.0,17023.0,28352.0,5850 KW,11.7,10.2,2231.03,4901.64,0.0
5988,Container ship,161.0,25.0,16137.0,17230.0,,18.8,15.3,1502.4,4791.22,4.0
5991,Oil tanker,184.0,27.0,23330.0,37857.0,7860 KW,13.1,11.6,4098.68,12893.5,8.0
5992,Container ship,189.0,27.0,21842.0,28632.0,18000 KW,10.4,10.4,4312.0,19292.29,4.0
5994,Chemical tanker,184.0,27.0,23313.0,37843.0,,12.5,12.0,5799.0,12768.65,1.0
5995,Gas carrier,173.0,28.0,22977.0,26645.0,7096 KW,16.9,13.4,3820.23,13138.12,5.0
5996,Ro-ro ship,200.0,26.0,32647.0,10779.0,,19.7,19.1,4927.17,45706.14,12.0
5997,Ro-ro ship,200.0,26.0,32850.0,10780.0,,18.4,17.8,4803.79,41551.79,12.0
5998,Ro-ro ship,200.0,26.0,32632.0,10780.0,,19.0,18.1,5183.8,45355.1,12.0
5999,Ro-ro ship,200.0,26.0,32632.0,10780.0,,24.0,20.7,4867.78,43861.09,12.0
6002,Bulk carrier,229.0,32.0,43764.0,80686.0,,14.0,10.4,1358.68,4424.11,0.0
6003,Oil tanker,229.0,32.0,42341.0,74158.0,13560 KW,16.0,11.3,288.32,1683.55,8.0
6007,Bulk carrier,189.0,32.0,32983.0,56899.0,9480 KW,13.8,11.3,575.78,2700.89,0.0
6008,Container ship,366.0,48.0,141823.0,140665.0,,10.0,7.2,4808.32,70502.01,4.0
6009,Container ship,366.0,48.0,141823.0,140453.0,,19.5,15.5,5090.8,77818.28,4.0
6011,Oil tanker,284.0,50.0,93154.0,157644.0,,16.0,11.4,2336.28,19883.52,8.0
6012,Oil tanker,248.0,43.0,61336.0,116087.0,,14.4,11.6,766.4,3429.5,8.0
6013,Bulk carrier,175.0,28.0,21072.0,35065.0,6625 KW,14.1,11.0,2009.5,5977.95,0.0
6014,Bulk carrier,170.0,27.0,17979.0,29572.0,,14.0,11.7,2386.5,4948.74,0.0
6015,General cargo ship,128.0,18.0,6508.0,8500.0,,11.9,9.4,2007.83,1690.78,6.0
6016,Chemical tanker,183.0,32.0,29727.0,51745.0,,15.7,12.9,2879.0,9856.14,1.0
6017,Bulk carrier,168.0,24.0,13965.0,21163.0,5884 KW,15.9,10.9,1057.75,2651.98,0.0
6018,Chemical tanker,144.0,23.0,11880.0,16878.0,6300 KW,13.9,11.4,3571.5,6662.59,1.0
6019,Chemical tanker,144.0,22.0,11880.0,16909.0,6300 KW,14.1,13.1,5349.35,7670.09,1.0
6020,Chemical tanker,144.0,23.0,11896.0,16929.0,8561 KW,13.1,12.0,5456.57,8465.57,1.0
6021,Chemical tanker,144.0,23.0,11971.0,16894.0,6300 KW,13.0,8.8,4878.12,9214.37,1.0
6022,Bulk carrier,225.0,32.0,41342.0,75539.0,,13.5,10.9,0.0,0.0,0.0
6023,Bulk carrier,225.0,32.0,41342.0,76000.0,,15.9,11.1,1327.8,5194.47,0.0
6024,Bulk carrier,225.0,32.0,41342.0,76000.0,,15.6,11.4,0.0,0.0,0.0
6025,Bulk carrier,225.0,32.0,41342.0,76000.0,,14.3,10.4,0.0,0.0,0.0
6026,Bulk carrier,225.0,32.0,41342.0,76000.0,,12.6,9.7,0.0,0.0,0.0
6027,Bulk carrier,190.0,32.0,33312.0,57157.0,9480 KW,14.6,12.7,1185.75,5043.04,0.0
6028,General cargo ship,144.0,23.0,12795.0,17257.0,8580 KW,17.2,13.7,3639.0,9968.99,6.0
6029,General cargo ship,144.0,23.0,12795.0,17273.0,8580 KW,15.6,12.0,3100.6,8105.8,6.0
6030,General cargo ship,144.0,23.0,12795.0,17299.0,8580 KW,18.3,13.4,3100.48,8592.56,6.0
6031,Bulk carrier,144.0,22.0,12795.0,17287.0,8462 KW,16.3,10.6,3540.0,10130.45,0.0
6032,Bulk carrier,225.0,32.0,41074.0,75200.0,8833 KW,13.3,11.3,0.0,0.0,0.0
6033,Bulk carrier,225.0,32.0,41074.0,75020.0,8833 KW,10.1,5.2,1298.15,5415.56,0.0
6036,Bulk carrier,180.0,30.0,22988.0,34529.0,,13.4,10.7,1291.52,4284.01,0.0
6037,General cargo ship,180.0,28.0,21229.0,33706.0,,13.7,11.5,973.5,2743.35,6.0
6038,Bulk carrier,175.0,29.0,19817.0,31871.0,,12.6,10.6,519.4,1198.8,0.0
6040,Oil tanker,144.0,22.0,11259.0,17604.0,,13.4,8.9,3870.6,10140.72,8.0
6043,Bulk carrier,180.0,30.0,23432.0,33694.0,,15.5,10.7,1729.26,5058.24,0.0
6044,Bulk carrier,180.0,30.0,23432.0,33716.0,,12.4,10.3,1590.5,5168.53,0.0
6045,Bulk carrier,180.0,30.0,23432.0,33500.0,8580 KW,12.0,11.0,574.5,1441.9,0.0
6046,Bulk carrier,180.0,30.0,23432.0,33684.0,8580 KW,14.5,12.9,649.6,1938.29,0.0
6047,Bulk carrier,180.0,30.0,23432.0,33717.0,,15.0,12.0,931.6,2517.23,0.0
6048,General cargo ship,122.0,18.0,6155.0,7760.0,4320 KW,14.6,12.2,2700.65,5163.96,6.0
6049,Container ship,157.0,23.0,12514.0,14233.0,9960 KW,16.1,12.8,5522.59,18790.05,4.0
6050,Container ship,158.0,23.0,12514.0,14213.0,9960 KW,19.7,15.1,2868.62,7891.74,4.0
6052,Bulk carrier,189.0,32.0,33035.0,56536.0,,15.7,10.7,1156.1,4438.01,0.0
6053,Bulk carrier,229.0,32.0,43830.0,79023.0,11060 KW,9.5,8.7,642.0,2682.95,0.0
6054,Bulk carrier,229.0,32.0,43767.0,79528.0,,14.0,10.9,1990.0,7852.1,0.0
6055,Bulk carrier,229.0,32.0,44027.0,80902.0,,16.4,10.4,2678.0,9993.82,0.0
6056,Bulk carrier,291.0,45.0,92050.0,176000.0,,17.4,11.2,2771.62,18170.68,0.0
6057,LNG carrier,285.0,43.0,100723.0,82858.0,,20.5,18.1,259.7,3243.33,7.0
6058,LNG carrier,291.0,43.0,104537.0,89742.0,,14.2,9.6,1027.2,11022.31,7.0
6059,Bulk carrier,177.0,28.0,19992.0,32929.0,7900 KW,13.1,8.6,747.52,1965.79,0.0
6060,Bulk carrier,177.0,28.0,19992.0,33078.0,,14.5,8.1,541.0,1427.9,0.0
6063,Ro-pax ship,101.0,17.0,2923.0,608.0,,15.0,14.1,3219.5,9190.28,11.0
6065,Bulk carrier,292.0,45.0,92079.0,175247.0,16860 KW,14.0,9.7,0.0,0.0,0.0
6066,Oil tanker,274.0,50.0,85496.0,149999.0,,13.1,10.5,836.4,4447.95,8.0
6068,Bulk carrier,229.0,38.0,51239.0,92842.0,,13.1,9.1,0.0,0.0,0.0
6069,Bulk carrier,189.0,32.0,33044.0,57000.0,8650 KW,11.2,10.3,482.12,1775.93,0.0
6070,Bulk carrier,189.0,32.0,33044.0,57050.0,9480 KW,10.0,8.5,176.5,752.0,0.0
6071,Ro-ro ship,199.0,32.0,60213.0,18701.0,,19.2,16.7,774.1,5826.83,12.0
6074,Bulk carrier,291.0,45.0,93216.0,179362.0,,14.3,9.4,0.0,0.0,0.0
6076,Bulk carrier,199.0,32.0,33900.0,61683.0,,14.3,11.5,730.8,2721.15,0.0
6077,Bulk carrier,199.0,23.0,20465.0,35868.0,,14.8,11.6,2344.2,6201.6,0.0
6078,Oil tanker,118.0,17.0,5036.0,7119.0,,12.6,9.1,240.41,287.32,8.0
6079,Bulk carrier,254.0,43.0,58592.0,107290.0,12268 KW,13.8,10.3,957.5,4717.62,0.0
6080,Container ship,261.0,32.0,40541.0,50353.0,36560 KW,16.4,13.2,2075.93,26330.03,4.0
6081,Container ship,161.0,25.0,16137.0,17121.0,12640 KW,12.0,11.6,2209.1,7811.8,4.0
6083,Bulk carrier,230.0,37.0,51130.0,91827.0,13000 KW,14.8,11.6,0.0,0.0,0.0
6085,Passenger ship,294.0,36.0,90901.0,7685.0,,21.1,14.7,1376.15,22278.88,9.0
6086,Chemical tanker,122.0,19.0,7315.0,11321.0,4500 KW,12.5,9.6,3478.47,6935.36,1.0
6087,Chemical tanker,145.0,23.0,11655.0,19961.0,,14.7,9.7,2292.0,6472.73,1.0
6088,Chemical tanker,145.0,23.0,11643.0,20314.0,,16.1,11.3,1312.14,2803.12,1.0
6089,Chemical tanker,145.0,23.0,11628.0,19998.0,,12.9,9.8,1012.46,3028.71,1.0
6090,Chemical tanker,145.0,23.0,11651.0,21144.0,,11.5,11.1,2597.08,6480.13,1.0
6091,LNG carrier,290.0,45.0,111109.0,96740.0,,17.8,13.4,4106.0,51628.49,7.0
6093,Container ship,255.0,37.0,48338.0,62129.0,27060 KW,19.1,17.7,330.8,2245.82,4.0
6094,Bulk carrier,185.0,23.0,19814.0,30807.0,7200 KW,17.4,11.2,2255.98,5553.58,0.0
6096,Bulk carrier,185.0,23.0,19814.0,30809.0,7100 KW,13.7,10.0,0.0,0.0,0.0
6097,Ro-ro ship,199.0,32.0,60876.0,22692.0,,20.1,12.1,259.6,2100.53,12.0
6098,Bulk carrier,189.0,32.0,32957.0,57000.0,,17.1,11.3,0.0,0.0,0.0
6100,Bulk carrier,229.0,32.0,43790.0,80323.0,,11.4,10.5,125.5,868.09,0.0
6101,Chemical tanker,101.0,19.0,5706.0,7858.0,,14.4,9.7,3913.4,6699.76,1.0
6102,Chemical tanker,101.0,19.0,5706.0,7902.0,4000 KW,9.8,7.4,4734.1,6704.09,1.0
6103,Chemical tanker,101.0,19.0,5706.0,7874.0,4000 KW,14.2,9.9,4564.0,6563.3,1.0
6104,Chemical tanker,101.0,19.0,5706.0,7846.0,4000 KW,12.0,11.8,4660.05,5194.46,1.0
6106,General cargo ship,177.0,28.0,20242.0,32155.0,6620 KW,14.2,11.0,224.27,669.22,6.0
6107,Container ship,260.0,32.0,39906.0,50595.0,,16.0,12.0,1043.7,8444.37,4.0
6108,Bulk carrier,190.0,32.0,31532.0,55989.0,12087 KW,10.8,8.6,1274.83,4837.01,0.0
6109,Bulk carrier,190.0,32.0,31532.0,55705.0,,14.4,12.3,2730.0,10139.08,0.0
6111,Oil tanker,183.0,32.0,29826.0,50209.0,,13.4,12.4,921.2,3477.39,8.0
6112,Bulk carrier,190.0,32.0,31544.0,55989.0,,13.0,10.4,2305.04,9358.13,0.0
6113,Oil tanker,183.0,32.0,29826.0,50171.0,,14.0,12.5,1735.9,5635.57,8.0
6114,Oil tanker,183.0,32.0,29849.0,50223.0,,13.8,9.5,1763.1,6671.0,8.0
6115,Chemical tanker,229.0,32.0,42225.0,74011.0,13560 KW,8.5,8.5,977.9,4690.48,1.0
6116,Bulk carrier,189.0,32.0,31230.0,55636.0,,12.3,6.3,900.7,2827.51,0.0
6119,Bulk carrier,189.0,32.0,31243.0,55621.0,,13.6,11.1,615.5,2164.53,0.0
6120,Bulk carrier,189.0,32.0,31759.0,56119.0,,13.2,11.1,1029.32,3821.68,0.0
6121,Bulk carrier,240.0,43.0,60997.0,110944.0,,13.2,9.6,2024.46,8966.25,0.0
6122,Bulk carrier,240.0,43.0,61150.0,110842.0,,13.7,9.7,973.24,8178.45,0.0
6124,Bulk carrier,189.0,32.0,31232.0,55688.0,,17.2,10.0,314.04,1300.34,0.0
6125,Bulk carrier,189.0,32.0,31284.0,55589.0,,13.4,11.1,519.17,1643.44,0.0
6126,Bulk carrier,189.0,32.0,31228.0,55694.0,,14.5,11.0,812.3,2039.53,0.0
6129,Bulk carrier,292.0,45.0,93029.0,182205.0,,12.8,11.3,753.5,5126.85,0.0
6130,Bulk carrier,292.0,45.0,93230.0,182097.0,,14.0,9.8,1264.0,8894.75,0.0
6131,Bulk carrier,225.0,32.0,42699.0,80559.0,,14.1,10.1,1326.3,4840.57,0.0
6132,Bulk carrier,225.0,32.0,42699.0,80545.0,,12.5,9.2,1194.53,3523.27,0.0
6133,Bulk carrier,292.0,45.0,94817.0,180556.0,,13.5,9.9,839.68,4860.91,0.0
6134,Chemical tanker,144.0,24.0,11757.0,19998.0,,15.2,9.5,3573.63,8376.87,1.0
6137,Chemical tanker,182.0,32.0,29168.0,45471.0,9623 KW,15.0,11.5,1865.83,6510.54,1.0
6138,Chemical tanker,182.0,32.0,29168.0,45562.0,9480 KW,14.7,11.8,885.2,3614.09,1.0
6139,Container ship,270.0,40.0,61870.0,74477.0,42140 KW,14.3,7.9,4049.4,45345.89,4.0
6140,Container ship,270.0,40.0,61870.0,74456.0,,14.9,12.5,290.7,2729.07,4.0
6144,Chemical tanker,128.0,20.0,8581.0,13019.0,4440 KW,14.3,11.1,2997.22,5613.8,1.0
6146,Bulk carrier,228.0,32.0,43024.0,82256.0,,14.4,10.8,883.44,3333.91,0.0
6147,Bulk carrier,181.0,30.0,23322.0,33810.0,,13.7,8.4,655.55,1701.77,0.0
6148,Oil tanker,116.0,19.0,6026.0,8476.0,3060 KW,12.4,8.6,4315.5,7829.36,8.0
6149,Bulk carrier,180.0,30.0,23456.0,34423.0,7900 KW,14.2,10.5,686.95,2404.76,0.0
6150,Bulk carrier,180.0,30.0,23456.0,34428.0,7900 KW,13.9,11.9,359.2,1577.04,0.0
6153,Bulk carrier,180.0,31.0,23460.0,35896.0,,14.6,11.2,827.5,2928.41,0.0
6154,Bulk carrier,292.0,45.0,92715.0,179109.0,18660 KW,14.8,9.1,1283.5,10474.48,0.0
6155,Bulk carrier,287.0,45.0,88421.0,169031.0,18660 KW,13.3,9.6,1581.25,10256.1,0.0
6156,Bulk carrier,287.0,45.0,88421.0,169053.0,17098 KW,13.9,9.0,2291.2,17536.11,0.0
6157,Bulk carrier,292.0,45.0,92715.0,179234.0,,14.0,9.6,1353.63,9939.28,0.0
6160,Bulk carrier,229.0,32.0,43441.0,79448.0,,16.4,12.2,598.0,3674.39,0.0
6161,Container ship,225.0,29.0,28561.0,39164.0,21770 KW,13.2,11.0,2259.9,14301.44,4.0
6162,General cargo ship,126.0,15.0,5418.0,8493.0,,11.7,9.3,4624.0,6353.67,6.0
6163,General cargo ship,136.0,15.0,5904.0,9000.0,,13.5,9.1,5667.0,7547.87,6.0
6164,Bulk carrier,253.0,43.0,62273.0,106631.0,,15.6,11.6,825.7,3937.04,0.0
6166,Bulk carrier,180.0,30.0,22988.0,34529.0,7900 KW,13.8,7.4,1031.4,3438.31,0.0
6167,General cargo ship,127.0,16.0,5172.0,6826.0,2250 KW,9.9,8.1,571.3,585.06,6.0
6168,LNG carrier,291.0,43.0,104537.0,89931.0,,15.4,8.3,1016.0,9730.52,7.0
6169,Bulk carrier,189.0,32.0,32505.0,53000.0,,12.0,7.6,680.18,3136.2,0.0
6170,Bulk carrier,189.0,32.0,32591.0,53000.0,,14.3,11.8,1133.5,2591.55,0.0
6171,Chemical tanker,183.0,32.0,29694.0,51408.0,9480 KW,12.1,9.3,1832.3,5844.25,1.0
6172,Chemical tanker,183.0,32.0,29694.0,51406.0,9480 KW,17.3,10.3,3179.0,9476.82,1.0
6173,Gas carrier,159.0,25.0,18321.0,22844.0,7860 KW,17.0,13.7,3158.7,7491.16,5.0
6174,Gas carrier,159.0,25.0,18321.0,22911.0,7860 KW,15.0,13.4,2112.2,5461.59,5.0
6175,Oil tanker,250.0,44.0,62234.0,114024.0,,15.1,9.1,717.01,4741.52,8.0
6176,Oil tanker,250.0,44.0,62234.0,114024.0,15820 KW,11.8,8.8,4454.2,18034.3,8.0
6177,Bulk carrier,180.0,30.0,23456.0,34449.0,,14.0,12.8,2154.5,8098.41,0.0
6179,General cargo ship,139.0,16.0,5897.0,7152.0,1800 KW,9.3,6.9,1913.0,1491.42,6.0
6183,Bulk carrier,187.0,32.0,32672.0,56000.0,,16.6,10.5,599.5,1970.04,0.0
6186,Bulk carrier,187.0,32.0,32672.0,56000.0,8820 KW,15.0,10.4,0.0,0.0,0.0
6187,Bulk carrier,187.0,32.0,32672.0,55639.0,9480 KW,13.8,11.1,0.0,0.0,0.0
6188,Container ship,151.0,23.0,10585.0,13000.0,9000 KW,18.2,13.3,5057.87,15635.27,4.0
6189,Container ship,151.0,23.0,10585.0,13000.0,9000 KW,13.2,11.4,3010.0,10809.41,4.0
6191,Bulk carrier,169.0,27.0,18493.0,29231.0,5730 KW,13.5,10.7,810.0,2130.59,0.0
6192,Bulk carrier,229.0,32.0,43834.0,80306.0,,18.5,12.8,873.34,3434.12,0.0
6193,Chemical tanker,144.0,23.0,11889.0,16536.0,6300 KW,13.3,11.2,3867.43,10800.98,1.0
6194,Container ship,151.0,23.0,10318.0,13031.0,12340 KW,17.9,15.0,4925.8,15189.64,4.0
6195,Container ship,151.0,23.0,10318.0,13200.0,9000 KW,15.4,8.9,4509.0,15481.51,4.0
6197,Passenger ship,135.0,17.0,4228.0,935.0,,12.8,8.1,2272.57,2398.57,9.0
6199,General cargo ship,132.0,15.0,6351.0,9813.0,3840 KW,15.7,12.6,2552.74,3645.93,6.0
6200,General cargo ship,132.0,15.0,6351.0,9775.0,3840 KW,15.8,12.5,1947.27,1383.84,6.0
6201,General cargo ship,132.0,15.0,6351.0,8500.0,3840 KW,12.5,11.2,2348.54,3338.21,6.0
6202,General cargo ship,132.0,15.0,6351.0,9862.0,4000 KW,11.5,9.3,2695.77,2464.45,6.0
6203,Container ship,365.0,51.0,153115.0,165960.0,,16.0,12.8,1060.4,22203.2,4.0
6204,Container ship,365.0,51.0,153115.0,165963.0,72240 KW,16.8,14.7,710.2,9607.84,4.0
6205,Container ship,365.0,48.0,143521.0,154503.0,,20.5,15.9,142.5,2743.04,4.0
6206,Container ship,365.0,48.0,143521.0,154538.0,72240 KW,23.4,20.4,3728.4,65194.47,4.0
6207,Container ship,365.0,48.0,143521.0,154185.0,,21.0,18.2,157.0,2330.55,4.0
6208,Container ship,365.0,48.0,143521.0,154494.0,,21.7,19.0,202.2,1866.06,4.0
6209,Container ship,260.0,32.0,42112.0,54344.0,39972 KW,11.4,11.4,1727.0,15071.81,4.0
6210,Container ship,264.0,32.0,47877.0,59300.0,35600 KW,22.4,17.6,1600.2,18700.33,4.0
6211,Container ship,264.0,32.0,47877.0,59336.0,36560 KW,18.6,16.1,1634.3,10943.91,4.0
6212,Container ship,264.0,32.0,47877.0,59266.0,36560 KW,20.3,15.9,1353.87,7275.19,4.0
6213,Bulk carrier,229.0,38.0,51239.0,92803.0,,16.1,12.9,0.0,0.0,0.0
6214,Bulk carrier,229.0,38.0,51239.0,93015.0,,14.9,12.0,0.0,0.0,0.0
6215,Bulk carrier,229.0,38.0,51253.0,92997.0,13560 KW,11.9,10.4,0.0,0.0,0.0
6216,Oil tanker,333.0,60.0,162863.0,319330.0,,16.7,11.6,2517.8,19875.69,8.0
6219,Container ship,349.0,45.0,113973.0,122962.0,11414 KW,23.9,17.1,295.56,3030.35,4.0
6220,Bulk carrier,228.0,32.0,43013.0,82250.0,,15.1,8.9,1482.0,5026.86,0.0
6221,Bulk carrier,189.0,32.0,31540.0,55848.0,,9.8,4.1,1892.98,5963.24,0.0
6222,Bulk carrier,189.0,32.0,31540.0,55571.0,8890 KW,16.0,12.7,955.81,3748.21,0.0
6223,General cargo ship,112.0,17.0,5087.0,7567.0,,10.6,9.4,3551.9,3169.69,6.0
6225,Chemical tanker,118.0,18.0,6382.0,8933.0,3960 KW,14.5,11.4,4323.02,7725.05,1.0
6227,General cargo ship,108.0,18.0,5629.0,8029.0,2998 KW,10.8,5.8,630.55,782.77,6.0
6228,General cargo ship,108.0,18.0,5629.0,8042.0,2998 KW,12.7,10.4,20.27,25.11,6.0
6229,General cargo ship,108.0,18.0,5629.0,8032.0,2998 KW,12.7,11.7,1064.68,1505.6,6.0
6230,General cargo ship,108.0,18.0,5629.0,8031.0,2998 KW,11.2,9.6,514.75,688.05,6.0
6231,General cargo ship,108.0,18.0,5629.0,8037.0,2998 KW,12.5,10.0,1922.47,2494.43,6.0
6232,General cargo ship,108.0,18.0,5629.0,8048.0,3000 KW,12.8,9.5,1266.37,1711.5,6.0
6233,Chemical tanker,145.0,23.0,11571.0,19956.0,6150 KW,14.2,11.8,1188.3,3414.66,1.0
6234,Chemical tanker,145.0,23.0,11640.0,19995.0,,16.6,11.1,1104.2,3035.36,1.0
6236,Container ship,334.0,42.0,91563.0,101544.0,,19.4,8.6,102.6,893.82,4.0
6237,Chemical tanker,144.0,23.0,11939.0,17055.0,5180 KW,10.8,7.5,2290.0,4647.67,1.0
6238,Chemical tanker,144.0,23.0,11939.0,17055.0,5180 KW,12.8,8.1,3347.49,7696.11,1.0
6239,Chemical tanker,144.0,23.0,11948.0,17055.0,6300 KW,15.0,10.3,793.0,2009.83,1.0
6240,Chemical tanker,144.0,23.0,11939.0,17095.0,5180 KW,16.9,12.0,1420.5,3678.83,1.0
6241,Bulk carrier,157.0,24.0,15545.0,25000.0,5180 KW,5.9,5.9,4233.0,9072.95,0.0
6242,Bulk carrier,119.0,16.0,5214.0,8108.0,2500 KW,14.8,8.1,1777.69,1676.29,0.0
6243,General cargo ship,119.0,16.0,5587.0,8107.0,2500 KW,9.8,8.0,3389.0,3664.13,6.0
6244,General cargo ship,109.0,16.0,5063.0,7298.0,2500 KW,11.2,9.9,3819.0,5422.51,6.0
6245,Bulk carrier,181.0,30.0,23322.0,33788.0,,14.6,10.8,1748.93,6906.3,0.0
6247,Bulk carrier,181.0,30.0,23236.0,33802.0,,13.9,11.2,1951.38,5565.16,0.0
6248,Bulk carrier,181.0,30.0,23322.0,33862.0,6480 KW,14.7,11.6,715.7,2039.53,0.0
6249,Bulk carrier,181.0,30.0,23322.0,33800.0,6480 KW,14.5,11.2,913.5,2996.18,0.0
6250,Oil tanker,330.0,60.0,157052.0,297058.0,,16.0,12.2,1922.2,13454.94,8.0
6251,Bulk carrier,189.0,28.0,24118.0,37302.0,,12.9,10.4,953.1,2516.96,0.0
6253,Bulk carrier,189.0,28.0,24168.0,37152.0,,13.0,10.8,1165.3,3229.15,0.0
6255,Oil tanker,229.0,42.0,56326.0,104649.0,12350 KW,15.2,9.8,733.7,3750.79,8.0
6256,Bulk carrier,177.0,28.0,19993.0,31772.0,,6.1,5.6,724.1,2266.31,0.0
6257,Oil tanker,228.0,32.0,42538.0,74954.0,12000 KW,14.1,11.9,756.0,2957.03,8.0
6258,Bulk carrier,189.0,32.0,33001.0,56915.0,,13.5,8.3,1049.2,3364.21,0.0
6259,Bulk carrier,189.0,32.0,33001.0,56891.0,,15.8,11.6,1327.7,4976.68,0.0
6260,Oil tanker,183.0,32.0,30052.0,49996.0,9960 KW,12.6,9.9,860.53,3190.18,8.0
6261,Bulk carrier,158.0,24.0,15243.0,25159.0,,11.9,9.9,889.0,1999.51,0.0
6262,Bulk carrier,158.0,24.0,15243.0,25064.0,5180 KW,14.7,8.4,147.0,173.36,0.0
6264,Bulk carrier,229.0,32.0,44262.0,81365.0,11060 KW,14.9,11.0,0.0,0.0,0.0
6265,Bulk carrier,229.0,32.0,44262.0,81358.0,,15.5,11.6,0.0,0.0,0.0
6266,Bulk carrier,229.0,38.0,51209.0,93019.0,,14.0,11.1,962.6,4942.89,0.0
6267,Bulk carrier,291.0,45.0,93183.0,179266.0,18660 KW,15.1,10.4,344.8,1857.43,0.0
6268,Bulk carrier,291.0,45.0,93182.0,179288.0,,13.8,11.5,1049.3,6488.56,0.0
6269,Oil tanker,244.0,42.0,59024.0,105258.0,11130 KW,14.5,12.1,2049.76,10734.18,8.0
6273,Bulk carrier,189.0,28.0,24055.0,38056.0,7368 KW,12.7,8.0,2144.61,6289.92,0.0
6274,Bulk carrier,189.0,28.0,24055.0,38985.0,7368 KW,13.3,7.3,1385.76,4217.9,0.0
6275,Bulk carrier,190.0,32.0,32460.0,53393.0,,14.5,10.4,0.0,0.0,0.0
6276,Bulk carrier,190.0,32.0,32460.0,53393.0,,14.1,11.5,0.0,0.0,0.0
6277,Chemical tanker,128.0,21.0,8581.0,13021.0,,15.5,11.3,4321.47,7705.5,1.0
6279,Bulk carrier,225.0,32.0,40896.0,76611.0,,14.6,10.8,1203.14,5141.67,0.0
6280,Bulk carrier,119.0,16.0,5229.0,8165.0,4500 KW,10.7,10.5,448.95,348.61,0.0
6281,General cargo ship,116.0,18.0,6569.0,8250.0,2574 KW,12.6,10.3,2678.06,3234.0,6.0
6283,Bulk carrier,292.0,45.0,91384.0,177890.0,,16.2,10.1,1189.35,6351.91,0.0
6284,Bulk carrier,228.0,32.0,43507.0,79602.0,,14.1,11.5,624.5,2578.0,0.0
6285,Oil tanker,129.0,19.0,7366.0,11215.0,3309 KW,12.2,11.4,4235.35,6364.9,8.0
6286,Chemical tanker,183.0,32.0,29279.0,45352.0,9960 KW,16.8,12.7,1065.1,4974.51,1.0
6287,Chemical tanker,183.0,32.0,29279.0,45335.0,9400 KW,15.5,13.0,1925.1,8142.74,1.0
6288,Chemical tanker,183.0,32.0,29279.0,45293.0,9960 KW,16.3,11.5,2694.3,10946.32,1.0
6289,Chemical tanker,183.0,32.0,29279.0,45249.0,,14.4,11.6,1164.5,4140.38,1.0
6290,Chemical tanker,183.0,32.0,29464.0,45313.0,9960 KW,13.7,8.2,677.4,2886.37,1.0
6291,Chemical tanker,183.0,32.0,29279.0,45281.0,,14.0,8.8,2460.1,12446.83,1.0
6292,Chemical tanker,195.0,32.0,30638.0,51800.0,,14.0,11.8,2325.33,8922.1,1.0
6293,Chemical tanker,195.0,32.0,30638.0,51824.0,9650 KW,14.8,10.8,2295.7,8937.11,1.0
6294,Bulk carrier,177.0,28.0,19992.0,33108.0,6480 KW,13.3,7.0,994.17,2318.63,0.0
6295,Bulk carrier,177.0,28.0,19992.0,33144.0,,11.7,9.6,2776.1,5422.15,0.0
6298,Bulk carrier,176.0,27.0,19999.0,31956.0,,12.2,8.8,2298.1,7171.82,0.0
6301,Bulk carrier,185.0,30.0,23548.0,33741.0,7150 KW,12.2,9.8,2549.25,7671.8,0.0
6302,Passenger ship,253.0,37.0,71304.0,7892.0,36000 KW,12.3,7.6,4102.85,45720.7,9.0
6303,Passenger ship,253.0,38.0,71304.0,7757.0,,22.1,13.8,2528.03,37454.2,9.0
6304,Bulk carrier,175.0,26.0,20312.0,33169.0,,14.8,11.3,5939.62,19539.55,0.0
6306,Bulk carrier,137.0,23.0,9992.0,16213.0,,15.0,10.6,783.2,1235.34,0.0
6307,Chemical tanker,159.0,27.0,16433.0,26198.0,7450 KW,14.0,11.7,498.63,1496.27,1.0
6309,Bulk carrier,255.0,43.0,63415.0,114671.0,,13.7,10.2,1990.0,10990.16,0.0
6310,Bulk carrier,288.0,45.0,89938.0,176818.0,,13.7,10.7,2053.33,12937.74,0.0
6311,Bulk carrier,189.0,32.0,32837.0,57970.0,,15.5,10.1,625.75,1957.12,0.0
6313,Bulk carrier,189.0,32.0,32880.0,58000.0,8700 KW,12.6,9.8,834.1,1894.17,0.0
6314,Bulk carrier,189.0,32.0,32837.0,58000.0,8700 KW,14.6,10.1,548.2,2056.45,0.0
6316,Bulk carrier,189.0,32.0,32837.0,58018.0,9480 KW,15.2,11.2,1503.69,6077.1,0.0
6317,Bulk carrier,189.0,32.0,32837.0,58000.0,,12.6,10.2,809.1,2713.87,0.0
6318,Bulk carrier,189.0,32.0,32839.0,58018.0,,15.0,11.6,1795.25,5759.77,0.0
6319,Bulk carrier,189.0,32.0,32839.0,58018.0,9480 KW,15.8,11.7,504.59,2008.37,0.0
6320,Bulk carrier,189.0,32.0,32839.0,57970.0,11836 KW,14.5,11.0,320.5,1180.31,0.0
6321,Bulk carrier,189.0,32.0,32839.0,58000.0,8700 KW,14.7,10.4,743.3,2643.66,0.0
6322,Bulk carrier,189.0,32.0,32839.0,57970.0,8400 KW,15.6,12.6,1241.1,4603.7,0.0
6323,LNG carrier,285.0,43.0,100723.0,82728.0,,19.9,18.8,1690.3,17819.61,7.0
6324,LNG carrier,285.0,43.0,100723.0,82929.0,,11.1,11.1,1396.4,18621.3,7.0
6325,Bulk carrier,189.0,32.0,33044.0,56666.0,9840 KW,13.5,11.2,361.0,1261.93,0.0
6326,Bulk carrier,189.0,32.0,33044.0,56666.0,,13.6,11.8,1896.28,6474.24,0.0
6327,Bulk carrier,187.0,32.0,31763.0,55660.0,,12.5,8.1,1790.85,6306.12,0.0
6328,Container ship,168.0,25.0,17368.0,21231.0,14520 KW,16.0,14.9,3935.3,11889.26,4.0
6329,Container ship,168.0,25.0,17368.0,21150.0,20000 KW,8.9,8.9,4361.4,13978.18,4.0
6330,Container ship,168.0,25.0,17368.0,21298.0,14520 KW,17.8,14.9,3798.62,15577.99,4.0
6331,Container ship,168.0,25.0,17368.0,21293.0,14520 KW,6.8,5.9,3467.4,11908.35,4.0
6332,General cargo ship,177.0,28.0,21483.0,33166.0,,13.3,10.5,1236.5,2781.65,6.0
6333,Bulk carrier,177.0,28.0,21483.0,33178.0,,13.3,10.9,955.0,2532.73,0.0
6335,Refrigerated cargo carrier,210.0,29.0,30912.0,34966.0,21770 KW,20.6,19.0,4707.4,29297.13,10.0
6336,Container ship,210.0,29.0,26195.0,34973.0,,18.2,12.4,3168.63,14046.59,4.0
6337,Container ship,210.0,29.0,26195.0,34943.0,,7.9,7.9,2717.5,13073.02,4.0
6340,Bulk carrier,299.0,50.0,106884.0,206125.0,,15.2,12.1,750.0,5652.57,0.0
6341,Chemical tanker,133.0,23.0,10830.0,14911.0,,15.0,10.1,1456.74,2859.47,1.0
6342,Chemical tanker,134.0,23.0,10830.0,14968.0,6032 KW,13.1,10.1,3648.0,7686.66,1.0
6343,Bulk carrier,292.0,45.0,91373.0,178010.0,,15.9,11.2,736.0,5066.19,0.0
6345,Bulk carrier,225.0,32.0,41074.0,75200.0,8833 KW,13.6,10.3,1437.0,8165.74,0.0
6346,Container ship,151.0,23.0,10318.0,10600.0,,17.9,17.0,4078.45,13586.24,4.0
6347,General cargo ship,138.0,16.0,5231.0,6320.0,1158 KW,6.3,4.8,674.58,362.7,6.0
6348,Container ship,269.0,34.0,46444.0,59623.0,,16.9,16.9,3598.25,26603.59,4.0
6349,Container ship,269.0,34.0,46444.0,58200.0,,21.2,15.9,3710.48,28597.97,4.0
6350,Container ship,125.0,21.0,7519.0,9907.0,4400 KW,13.2,12.3,4292.48,7925.62,4.0
6351,General cargo ship,112.0,17.0,5087.0,7535.0,2500 KW,11.0,8.3,2504.12,2221.91,6.0
6353,Chemical tanker,141.0,24.0,11733.0,19801.0,,14.4,12.1,3668.88,9404.56,1.0
6355,Bulk carrier,169.0,27.0,17025.0,28219.0,5850 KW,13.8,13.1,1985.83,5156.49,0.0
6357,Chemical tanker,137.0,20.0,8705.0,13581.0,,9.9,9.6,1119.68,1616.05,1.0
6358,Bulk carrier,179.0,28.0,20763.0,33266.0,,15.7,10.9,850.33,2667.9,0.0
6359,Bulk carrier,225.0,32.0,41073.0,75618.0,,13.9,9.5,1817.45,8453.41,0.0
6361,Bulk carrier,189.0,32.0,33044.0,56884.0,9480 KW,12.2,10.2,1389.5,4750.23,0.0
6362,Bulk carrier,291.0,45.0,92050.0,176000.0,16862 KW,14.3,8.6,753.0,5688.45,0.0
6363,Bulk carrier,292.0,45.0,91689.0,176505.0,,15.0,12.3,552.0,2955.56,0.0
6364,Bulk carrier,225.0,32.0,41101.0,75200.0,8833 KW,15.6,10.8,1049.66,4336.48,0.0
6365,Bulk carrier,225.0,32.0,41101.0,75200.0,8833 KW,12.6,10.1,3899.45,15211.28,0.0
6366,Bulk carrier,189.0,32.0,32287.0,58133.0,,13.5,10.6,591.52,2098.1,0.0
6367,Bulk carrier,189.0,32.0,32287.0,58089.0,,12.6,8.9,288.37,1162.57,0.0
6368,Bulk carrier,189.0,32.0,32297.0,58080.0,,15.0,11.7,1156.82,4589.2,0.0
6369,Bulk carrier,228.0,32.0,43022.0,82172.0,9000 KW,13.2,11.8,4075.56,11659.95,0.0
6370,Bulk carrier,189.0,32.0,32297.0,58114.0,,7.9,5.3,0.0,0.0,0.0
6371,Bulk carrier,190.0,32.0,33202.0,57423.0,10500 KW,14.9,11.6,668.2,2328.69,0.0
6373,Bulk carrier,228.0,32.0,43024.0,82181.0,9710 KW,13.1,11.8,1548.3,3503.8,0.0
6374,Bulk carrier,228.0,32.0,43024.0,82139.0,,15.5,11.7,1451.92,6654.74,0.0
6375,Bulk carrier,190.0,32.0,33348.0,57374.0,,19.5,10.8,502.3,1605.1,0.0
6378,Container ship,269.0,34.0,46444.0,58200.0,40000 KW,10.7,10.7,3174.5,21942.1,4.0
6379,Bulk carrier,225.0,32.0,40896.0,76428.0,,14.7,9.5,1167.49,4110.49,0.0
6380,Bulk carrier,225.0,32.0,40896.0,76450.0,,13.3,10.4,2979.82,9624.39,0.0
6381,Bulk carrier,225.0,32.0,40896.0,76463.0,,9.3,7.8,0.0,0.0,0.0
6383,Oil tanker,183.0,32.0,29130.0,47203.0,8598 KW,18.7,14.4,879.5,2348.44,8.0
6384,Bulk carrier,178.0,29.0,20243.0,33271.0,,14.3,9.7,1922.4,5471.76,0.0
6385,Bulk carrier,175.0,29.0,19785.0,32077.0,,14.0,10.7,913.0,2395.8,0.0
6387,Container ship,316.0,45.0,87697.0,90013.0,,19.1,15.3,1197.5,15279.22,4.0
6388,Bulk carrier,292.0,45.0,93385.0,181255.0,18660 KW,14.5,10.5,0.0,0.0,0.0
6389,Bulk carrier,292.0,45.0,93850.0,181500.0,,11.4,9.4,3035.17,18000.57,0.0
6390,Bulk carrier,292.0,45.0,93850.0,181488.0,,12.9,10.6,2546.63,15521.7,0.0
6392,General cargo ship,138.0,16.0,5226.0,6135.0,1324 KW,9.7,6.8,232.3,94.89,6.0
6393,Bulk carrier,196.0,32.0,34554.0,58399.0,,12.2,10.6,552.78,1912.46,0.0
6394,Container ship,259.0,37.0,48799.0,58026.0,36240 KW,19.4,17.9,3574.0,29201.62,4.0
6395,Oil tanker,118.0,17.0,5036.0,7097.0,,9.7,8.1,1656.98,1501.37,8.0
6396,Bulk carrier,188.0,32.0,29892.0,51679.0,,15.3,10.3,1937.4,6046.83,0.0
6397,Bulk carrier,189.0,32.0,32426.0,57978.0,,14.0,12.9,2001.4,7998.0,0.0
6399,Bulk carrier,177.0,28.0,21487.0,33171.0,,10.3,10.3,2904.0,7761.42,0.0
6400,General cargo ship,177.0,28.0,21483.0,33170.0,,14.4,10.9,1235.78,3182.86,6.0
6401,Bulk carrier,189.0,32.0,32343.0,58110.0,8300 KW,13.0,9.2,1406.7,5363.45,0.0
6402,Bulk carrier,189.0,32.0,32343.0,58063.0,,13.5,9.7,1945.98,7526.58,0.0
6403,Bulk carrier,189.0,32.0,32343.0,58058.0,,13.3,10.6,707.5,2813.84,0.0
6404,Bulk carrier,190.0,23.0,20603.0,29691.0,7800 KW,9.5,6.3,2064.25,5476.62,0.0
6405,Bulk carrier,189.0,23.0,20603.0,30206.0,7800 KW,14.4,11.5,2254.57,6713.9,0.0
6406,Bulk carrier,179.0,28.0,20924.0,32252.0,8804 KW,13.2,11.4,848.86,1846.35,0.0
6407,Container ship,259.0,37.0,47952.0,57320.0,,20.7,17.4,4407.1,29686.64,4.0
6408,Container ship,259.0,37.0,47952.0,57320.0,,21.0,18.3,2139.8,11751.43,4.0
6409,Container ship,259.0,37.0,47952.0,57320.0,,19.7,17.0,4372.9,32951.61,4.0
6410,Container ship,259.0,37.0,47952.0,57320.0,,19.1,14.8,1988.9,15147.91,4.0
6411,Bulk carrier,229.0,38.0,51255.0,93260.0,,13.5,9.8,0.0,0.0,0.0
6412,Chemical tanker,128.0,20.0,8581.0,13019.0,5550 KW,12.7,8.0,4343.6,8526.15,1.0
6413,Bulk carrier,197.0,32.0,33232.0,58738.0,8630 KW,15.3,11.2,942.5,2708.72,0.0
6415,Bulk carrier,177.0,28.0,20218.0,32500.0,,12.7,8.6,313.0,814.19,0.0
6417,Bulk carrier,179.0,28.0,20809.0,32691.0,,12.5,9.4,1883.0,5340.41,0.0
6418,Bulk carrier,229.0,32.0,43365.0,79659.0,,12.2,10.5,0.0,0.0,0.0
6419,Bulk carrier,229.0,32.0,43365.0,79412.0,,13.9,10.8,0.0,0.0,0.0
6420,Bulk carrier,189.0,32.0,32929.0,57000.0,9500 KW,13.3,10.4,688.3,2712.42,0.0
6422,Bulk carrier,177.0,28.0,19994.0,31796.0,,16.3,10.3,157.0,827.14,0.0
6423,General cargo ship,179.0,27.0,22064.0,33422.0,8730 KW,14.4,11.6,1474.37,5235.71,6.0
6424,Bulk carrier,176.0,26.0,18722.0,28414.0,,6.2,3.7,0.0,0.0,0.0
6425,Bulk carrier,176.0,26.0,18722.0,30000.0,,13.0,9.9,0.0,0.0,0.0
6427,Bulk carrier,176.0,26.0,18722.0,28414.0,,13.4,10.8,0.0,0.0,0.0
6428,Bulk carrier,255.0,43.0,64234.0,115259.0,,15.7,11.3,1406.23,7743.23,0.0
6429,Bulk carrier,229.0,32.0,43365.0,79415.0,,23.2,10.7,1577.0,7089.45,0.0
6430,Bulk carrier,189.0,32.0,32839.0,58000.0,,13.3,10.7,2300.0,841.39,0.0
6435,Bulk carrier,186.0,23.0,19906.0,30692.0,7200 KW,12.7,11.3,1334.0,3068.48,0.0
6436,Bulk carrier,186.0,23.0,19906.0,30686.0,,15.3,10.9,1723.37,3633.01,0.0
6437,Bulk carrier,186.0,23.0,19906.0,30693.0,,16.3,10.1,1223.43,2706.13,0.0
6438,Bulk carrier,186.0,23.0,19906.0,30696.0,,11.2,6.7,1966.09,4244.3,0.0
6439,Bulk carrier,186.0,23.0,19906.0,30680.0,,12.9,8.1,2037.2,4070.02,0.0
6440,Bulk carrier,179.0,28.0,22523.0,34570.0,6500 KW,15.2,8.9,279.0,964.41,0.0
6441,General cargo ship,193.0,29.0,23930.0,32306.0,11900 KW,15.3,13.4,685.7,2443.52,6.0
6442,General cargo ship,193.0,29.0,23930.0,32173.0,,10.7,6.3,1791.9,7776.81,6.0
6443,General cargo ship,193.0,29.0,23930.0,32134.0,11620 KW,17.2,14.7,1443.5,5927.92,6.0
6445,General cargo ship,193.0,29.0,23930.0,32279.0,11620 KW,15.1,12.6,1935.97,8392.21,6.0
6446,Bulk carrier,180.0,30.0,23448.0,34689.0,9138 KW,8.9,8.9,171.0,551.15,0.0
6447,General cargo ship,193.0,29.0,23930.0,32043.0,,16.5,13.5,2258.3,9316.27,6.0
6448,General cargo ship,193.0,29.0,23930.0,32124.0,11620 KW,14.5,13.2,1743.27,8458.92,6.0
6450,Bulk carrier,196.0,32.0,34402.0,58444.0,,10.6,8.5,1577.12,2949.66,0.0
6453,Bulk carrier,180.0,30.0,23448.0,34707.0,7900 KW,13.3,11.3,949.5,2903.92,0.0
6454,Ro-pax ship,186.0,25.0,26375.0,8702.0,21600 KW,22.1,22.1,3606.43,37538.61,11.0
6455,Ro-pax ship,186.0,25.0,28658.0,7718.0,,20.4,18.7,5334.8,45908.9,11.0
6456,Ro-pax ship,73.0,16.0,26375.0,7000.0,,5.6,5.2,5572.68,62117.93,11.0
6457,Bulk carrier,287.0,45.0,88420.0,169001.0,,14.5,9.6,2676.17,16875.67,0.0
6459,Bulk carrier,135.0,20.0,8557.0,11853.0,,12.0,10.8,2173.15,3469.3,0.0
6460,Bulk carrier,229.0,38.0,50729.0,93282.0,,13.5,10.7,2230.73,8990.03,0.0
6462,Chemical tanker,169.0,25.0,17712.0,26215.0,,13.2,9.8,3220.1,9954.15,1.0
6463,General cargo ship,175.0,29.0,19815.0,31989.0,,13.1,10.0,1805.12,4453.69,6.0
6465,Bulk carrier,189.0,32.0,32839.0,58018.0,,16.9,14.1,693.1,3331.66,0.0
6467,General cargo ship,139.0,21.0,9772.0,12342.0,,14.9,13.3,1298.62,3287.96,6.0
6468,General cargo ship,139.0,21.0,9772.0,12337.0,,14.5,12.8,3078.3,7607.13,6.0
6469,General cargo ship,139.0,21.0,9772.0,12350.0,,14.8,12.6,1034.4,2905.26,6.0
6470,General cargo ship,139.0,21.0,9772.0,12325.0,,11.1,11.1,2283.16,5630.05,6.0
6471,Bulk carrier,196.0,32.0,34492.0,58444.0,9960 KW,13.6,10.2,1023.4,4194.2,0.0
6472,Bulk carrier,225.0,32.0,41342.0,75700.0,,14.9,12.3,0.0,0.0,0.0
6473,Bulk carrier,225.0,32.0,41342.0,75700.0,,15.0,12.9,1150.6,4872.13,0.0
6474,Bulk carrier,225.0,32.0,41342.0,75700.0,,14.2,12.3,645.16,2807.4,0.0
6475,Bulk carrier,190.0,32.0,32309.0,58729.0,,11.8,11.1,1198.15,4010.27,0.0
6476,Bulk carrier,189.0,32.0,32309.0,58096.0,,13.2,9.0,1147.8,3629.11,0.0
6477,Oil tanker,333.0,60.0,164359.0,319439.0,,15.3,9.7,50.8,795.41,8.0
6478,Bulk carrier,225.0,32.0,40896.0,76574.0,,13.9,10.0,2171.27,9000.68,0.0
6479,LNG carrier,289.0,45.0,105975.0,90986.0,,19.6,14.5,3820.82,18195.49,7.0
6480,Bulk carrier,158.0,25.0,16042.0,24968.0,,11.8,8.2,3127.1,8034.78,0.0
6481,General cargo ship,138.0,21.0,9618.0,12768.0,5400 KW,14.7,12.4,3406.84,6657.19,6.0
6482,General cargo ship,138.0,21.0,9618.0,12747.0,,15.7,10.3,1363.9,2809.76,6.0
6485,Container ship,366.0,48.0,143262.0,142028.0,,11.7,10.5,675.8,8940.91,4.0
6487,Container ship,366.0,48.0,143262.0,142018.0,,19.3,15.7,2043.07,27926.86,4.0
6488,Container ship,366.0,48.0,142295.0,142022.0,,20.6,7.1,607.0,8383.74,4.0
6489,Container ship,366.0,48.0,142295.0,142022.0,57261 KW,21.2,11.7,705.4,8754.77,4.0
6491,Bulk carrier,292.0,45.0,91373.0,178076.0,,12.6,10.2,679.6,3537.34,0.0
6494,General cargo ship,128.0,16.0,6310.0,8250.0,,15.6,10.5,4211.49,6082.02,6.0
6495,General cargo ship,128.0,16.0,6310.0,11383.0,3000 KW,14.3,9.2,4369.62,5401.64,6.0
6497,General cargo ship,133.0,23.0,11473.0,10052.0,,15.2,15.2,800.5,2795.28,6.0
6498,General cargo ship,134.0,23.0,11473.0,10040.0,7200 KW,18.0,15.2,2800.01,9974.39,6.0
6500,General cargo ship,199.0,30.0,30469.0,37510.0,11620 KW,13.8,8.1,3692.13,18031.7,6.0
6501,General cargo ship,199.0,32.0,37441.0,55807.0,,14.0,11.7,2128.6,8838.36,6.0
6502,General cargo ship,199.0,32.0,37441.0,55807.0,,15.5,12.3,1090.1,3766.68,6.0
6503,Bulk carrier,197.0,32.0,33096.0,58713.0,8630 KW,15.8,13.5,1120.0,3778.04,0.0
6504,Passenger ship,142.0,18.0,10944.0,1400.0,,18.7,15.7,658.0,5479.06,9.0
6506,Bulk carrier,179.0,28.0,22402.0,35217.0,6480 KW,11.5,8.5,1087.88,2232.38,0.0
6507,Bulk carrier,179.0,28.0,22402.0,35214.0,,14.3,9.6,598.88,1885.86,0.0
6509,Bulk carrier,189.0,32.0,31815.0,56135.0,9070 KW,15.6,9.4,1078.0,4107.82,0.0
6510,Container ship,366.0,48.0,142121.0,140973.0,68640 KW,14.0,9.9,285.5,4673.74,4.0
6511,Container ship,366.0,48.0,141754.0,140973.0,68000 KW,11.3,7.7,3747.2,52091.62,4.0
6512,Container ship,366.0,48.0,141754.0,141189.0,68640 KW,12.4,10.1,802.82,10543.09,4.0
6513,Container ship,366.0,48.0,141754.0,140973.0,,10.3,10.3,135.8,2486.48,4.0
6514,Bulk carrier,197.0,32.0,33090.0,58723.0,,14.5,10.5,660.0,2666.18,0.0
6516,Ro-ro ship,193.0,26.0,29429.0,11320.0,16200 KW,20.9,17.0,5589.0,35613.35,12.0
6517,Ro-ro ship,193.0,26.0,29429.0,11320.0,21600 KW,17.3,15.4,4718.36,30103.11,12.0
6518,General cargo ship,159.0,23.0,13675.0,22359.0,,10.7,6.7,3494.56,5337.27,6.0
6519,Chemical tanker,128.0,20.0,8581.0,13023.0,,12.8,8.9,4147.92,7274.67,1.0
6520,Bulk carrier,197.0,32.0,33232.0,58680.0,7340 KW,14.1,11.9,1009.7,4193.18,0.0
6521,Bulk carrier,197.0,32.0,33232.0,58680.0,,14.5,11.6,957.7,3746.27,0.0
6522,Container ship,151.0,23.0,10585.0,13000.0,9000 KW,18.3,12.3,4649.16,16585.87,4.0
6523,Container ship,151.0,23.0,10585.0,12892.0,9000 KW,15.4,11.4,3597.0,12108.38,4.0
6525,Container ship,151.0,23.0,10585.0,13000.0,9000 KW,18.6,14.8,3746.03,13667.33,4.0
6526,Container ship,151.0,23.0,10585.0,13000.0,9000 KW,17.6,14.0,4671.39,15198.92,4.0
6529,General cargo ship,132.0,15.0,6687.0,11000.0,3850 KW,14.1,10.6,4287.1,7095.98,6.0
6532,General cargo ship,123.0,15.0,6069.0,9866.0,3840 KW,13.3,11.8,4088.23,5676.18,6.0
6533,General cargo ship,116.0,18.0,6478.0,8000.0,2970 KW,11.3,9.5,2199.0,1887.37,6.0
6535,Bulk carrier,190.0,32.0,33218.0,57318.0,,14.8,11.8,1394.4,5350.57,0.0
6536,General cargo ship,108.0,18.0,5629.0,8060.0,3000 KW,13.5,12.4,3754.3,5510.0,6.0
6537,General cargo ship,108.0,18.0,5629.0,8047.0,2998 KW,12.3,11.7,3850.06,5726.01,6.0
6544,Bulk carrier,159.0,24.0,14912.0,23127.0,4440 KW,12.2,6.9,994.67,1694.05,0.0
6551,General cargo ship,,,5000.0,6500.0,,13.3,11.4,3864.09,4366.55,6.0
6552,Bulk carrier,228.0,32.0,43024.0,82158.0,,15.3,10.0,1441.6,5603.81,0.0
6553,Bulk carrier,177.0,28.0,19995.0,32005.0,,14.3,10.4,824.08,2054.67,0.0
6554,Bulk carrier,177.0,28.0,19995.0,32034.0,,16.0,10.0,1699.9,4282.11,0.0
6555,Bulk carrier,189.0,32.0,32976.0,56564.0,,15.1,12.3,1338.01,5196.33,0.0
6556,Bulk carrier,189.0,32.0,32976.0,56564.0,,14.1,9.8,0.0,0.0,0.0
6557,Bulk carrier,189.0,32.0,32976.0,56633.0,,14.1,10.0,0.0,0.0,0.0
6558,Bulk carrier,189.0,32.0,32976.0,56649.0,,14.0,9.8,0.0,0.0,0.0
6559,General cargo ship,133.0,23.0,11473.0,9963.0,7200 KW,18.2,13.0,2484.56,8762.6,6.0
6560,General cargo ship,106.0,18.0,6668.0,9254.0,3800 KW,13.5,11.9,3011.0,4173.43,6.0
6561,General cargo ship,106.0,18.0,6668.0,9254.0,3840 KW,10.5,9.3,3762.0,5607.77,6.0
6562,General cargo ship,106.0,18.0,6668.0,9254.0,3840 KW,11.4,6.7,1474.0,2253.02,6.0
6563,General cargo ship,106.0,18.0,6668.0,9254.0,3840 KW,14.1,11.2,4027.0,6068.67,6.0
6564,General cargo ship,106.0,18.0,6668.0,9270.0,3840 KW,15.1,10.9,5111.34,7500.71,6.0
6565,General cargo ship,106.0,18.0,6668.0,9319.0,3840 KW,13.7,9.6,5277.89,7649.52,6.0
6566,General cargo ship,106.0,18.0,6668.0,9254.0,3840 KW,14.8,10.3,6170.75,9347.85,6.0
6567,General cargo ship,107.0,18.0,6668.0,9273.0,3840 KW,9.7,9.7,5227.87,7685.69,6.0
6568,Oil tanker,249.0,44.0,61338.0,114900.0,,12.3,6.7,1701.98,8963.92,8.0
6569,Oil tanker,249.0,48.0,61338.0,114900.0,,13.6,10.9,762.7,2508.28,8.0
6570,Bulk carrier,189.0,32.0,33044.0,57000.0,,14.0,11.5,1256.17,4862.88,0.0
6571,Chemical tanker,144.0,24.0,11668.0,19741.0,,15.5,12.4,2607.24,7081.66,1.0
6573,Chemical tanker,134.0,22.0,9699.0,14701.0,,15.8,12.4,750.42,1866.76,1.0
6574,Chemical tanker,146.0,24.0,11987.0,19991.0,6150 KW,13.2,8.5,1284.7,3966.01,1.0
6575,Chemical tanker,146.0,24.0,11987.0,19998.0,6150 KW,16.1,11.7,1671.47,5458.08,1.0
6576,Oil tanker,228.0,32.0,43797.0,76594.0,,14.1,11.6,1452.9,6609.67,8.0
6577,Bulk carrier,159.0,24.0,15808.0,23000.0,4332 KW,12.6,9.6,2380.45,4599.23,0.0
6578,Gas carrier,120.0,19.0,9142.0,10266.0,5600 KW,14.4,13.8,1501.98,4041.09,5.0
6579,Gas carrier,120.0,19.0,9142.0,10266.0,5900 KW,13.8,12.0,633.78,1923.76,5.0
6580,Gas carrier,120.0,19.0,9142.0,10313.0,5900 KW,14.0,13.0,1335.0,3365.02,5.0
6581,Gas carrier,116.0,18.0,7267.0,7868.0,,14.7,11.6,4986.9,10846.74,5.0
6582,Gas carrier,116.0,18.0,7267.0,7879.0,4440 KW,15.5,12.4,1987.45,5296.7,5.0
6583,Ro-ro ship,142.0,25.0,19722.0,5300.0,,19.4,15.8,5115.47,23596.44,12.0
6584,Ro-ro ship,142.0,25.0,19722.0,5300.0,,18.5,14.0,5023.72,23404.94,12.0
6586,Ro-ro ship,208.0,26.0,31675.0,13231.0,,17.3,16.1,6076.0,31748.57,12.0
6587,Ro-ro ship,208.0,26.0,31540.0,13231.0,,17.1,16.4,5702.0,29368.17,12.0
6588,Ro-ro ship,208.0,26.0,31595.0,13230.0,,20.7,17.5,7121.48,52894.03,12.0
6589,Ro-pax ship,175.0,26.0,29514.0,11980.0,,16.9,16.9,5174.37,79354.28,11.0
6590,Ro-pax ship,175.0,26.0,29514.0,5104.0,33600 KW,11.7,11.7,4508.21,68669.01,11.0
6591,General cargo ship,112.0,17.0,5087.0,7532.0,2275 KW,12.5,10.7,1969.19,1924.84,6.0
6592,General cargo ship,153.0,23.0,12810.0,14360.0,9960 KW,18.1,15.6,834.8,2649.71,6.0
6593,General cargo ship,153.0,23.0,12810.0,14359.0,9960 KW,19.0,13.8,1510.0,5408.02,6.0
6594,General cargo ship,153.0,23.0,12810.0,14359.0,9960 KW,16.4,13.8,2183.0,8136.5,6.0
6595,General cargo ship,134.0,21.0,9514.0,13089.0,4440 KW,12.8,10.3,2427.82,4234.43,6.0
6596,General cargo ship,134.0,20.0,9514.0,13089.0,4440 KW,12.4,10.8,4029.35,6658.69,6.0
6597,Bulk carrier,291.0,45.0,93186.0,178987.0,18660 KW,14.9,9.2,939.0,4651.31,0.0
6598,General cargo ship,137.0,19.0,8620.0,12178.0,5400 KW,16.8,14.5,3638.0,8186.58,6.0
6600,Gas carrier,119.0,19.0,5910.0,7207.0,,16.0,13.0,871.8,1450.4,5.0
6601,Bulk carrier,187.0,32.0,32672.0,56000.0,,11.7,7.1,1952.8,5857.65,0.0
6604,Chemical tanker,141.0,24.0,11572.0,19814.0,,13.6,11.5,3205.2,8681.33,1.0
6605,Chemical tanker,159.0,26.0,16177.0,25401.0,,16.1,12.2,818.06,2680.15,1.0
6608,General cargo ship,125.0,22.0,8255.0,9310.0,6300 KW,17.0,13.0,2756.76,6138.4,6.0
6609,General cargo ship,125.0,22.0,8255.0,9266.0,,14.9,12.3,1189.93,3315.25,6.0
6615,Chemical tanker,149.0,23.0,12649.0,19964.0,,14.3,11.3,1874.4,6131.61,1.0
6616,General cargo ship,122.0,16.0,6046.0,7133.0,4000 KW,13.3,10.8,5072.0,9446.31,6.0
6617,General cargo ship,122.0,16.0,6046.0,7616.0,4000 KW,15.6,12.4,5551.0,10058.53,6.0
6618,Chemical tanker,128.0,20.0,8581.0,13011.0,,7.1,5.1,3452.4,6571.54,1.0
6619,Chemical tanker,136.0,20.0,8638.0,13966.0,1370 KW,13.0,9.7,3235.9,8367.66,1.0
6620,Container ship,212.0,32.0,35887.0,41139.0,25040 KW,18.6,15.9,2687.03,16788.44,4.0
6621,Container ship,212.0,32.0,35887.0,41129.0,25040 KW,17.9,11.5,2741.2,22267.05,4.0
6622,Container ship,228.0,32.0,39905.0,46150.0,25040 KW,18.7,15.4,519.0,3252.08,4.0
6623,Container ship,228.0,32.0,39905.0,46579.0,25040 KW,16.8,12.2,527.02,4344.27,4.0
6624,Container ship,228.0,32.0,39905.0,45650.0,25040 KW,20.6,18.2,2667.35,18924.47,4.0
6625,Bulk carrier,159.0,24.0,14909.0,22108.0,5180 KW,12.5,10.7,567.28,1464.89,0.0
6626,Bulk carrier,159.0,24.0,14909.0,22108.0,5516 KW,14.4,8.6,1799.67,3625.01,0.0
6627,Chemical tanker,180.0,32.0,29737.0,49999.0,7260 KW,14.3,9.5,2508.52,6217.88,1.0
6628,General cargo ship,136.0,21.0,9758.0,14998.0,5400 KW,14.6,11.5,3869.4,8022.47,6.0
6629,General cargo ship,136.0,21.0,9758.0,14000.0,5473 KW,15.6,10.8,3144.98,7001.89,6.0
6631,General cargo ship,179.0,28.0,22863.0,33217.0,8800 KW,15.0,10.9,2918.06,9418.91,6.0
6633,General cargo ship,179.0,28.0,22863.0,33217.0,8800 KW,14.9,11.4,2855.22,8529.05,6.0
6635,General cargo ship,179.0,28.0,22863.0,33174.0,8800 KW,16.5,12.2,1672.37,5426.17,6.0
6636,General cargo ship,179.0,28.0,22863.0,33249.0,8800 KW,15.7,12.3,1508.05,4537.09,6.0
6637,General cargo ship,179.0,28.0,22863.0,33192.0,,18.4,14.4,1296.6,4666.62,6.0
6638,General cargo ship,179.0,28.0,22863.0,33210.0,8800 KW,12.7,12.7,1168.43,4272.59,6.0
6639,General cargo ship,179.0,28.0,22863.0,33200.0,8800 KW,15.0,9.5,1159.32,4113.85,6.0
6640,Container ship,180.0,25.0,17068.0,21200.0,11200 KW,17.0,12.0,2024.1,7240.29,4.0
6641,General cargo ship,137.0,19.0,8620.0,12500.0,5430 KW,15.9,12.9,3889.9,9948.4,6.0
6642,General cargo ship,137.0,19.0,8620.0,12178.0,5430 KW,14.4,11.6,3269.8,7785.49,6.0
6643,Bulk carrier,292.0,44.0,93360.0,182060.0,,14.7,11.2,0.0,0.0,0.0
6644,Bulk carrier,292.0,45.0,93360.0,182060.0,,14.2,10.7,0.0,0.0,0.0
6645,Bulk carrier,228.0,32.0,43024.0,82176.0,,14.9,11.4,1408.0,5066.96,0.0
6646,Bulk carrier,228.0,32.0,43024.0,82163.0,,15.6,10.8,1608.6,6441.68,0.0
6649,Chemical tanker,155.0,24.0,13526.0,23432.0,7980 KW,16.0,13.3,1678.74,4518.23,1.0
6650,Bulk carrier,229.0,32.0,43717.0,79336.0,,14.3,11.4,2433.84,9221.95,0.0
6651,Bulk carrier,229.0,32.0,43717.0,79223.0,,13.2,11.5,3335.28,12807.57,0.0
6652,Bulk carrier,291.0,45.0,91909.0,175244.0,,15.4,12.0,1915.3,8896.97,0.0
6653,Bulk carrier,291.0,45.0,91994.0,176967.0,,15.0,9.6,0.0,0.0,0.0
6654,General cargo ship,104.0,20.0,7727.0,12040.0,3309 KW,12.9,8.7,3821.92,3890.32,6.0
6655,Oil tanker,250.0,44.0,62504.0,113905.0,14280 KW,17.7,13.6,4873.25,24666.46,8.0
6656,Chemical tanker,123.0,17.0,5578.0,7668.0,,11.8,8.9,4320.47,7286.32,1.0
6657,Oil tanker,250.0,44.0,62504.0,113867.0,14280 KW,11.9,7.0,5925.58,26913.0,8.0
6658,Oil tanker,250.0,44.0,62504.0,113860.0,,15.6,11.6,4718.28,23040.73,8.0
6659,General cargo ship,145.0,18.0,7878.0,11000.0,4320 KW,14.1,11.2,1142.48,1973.15,6.0
6660,General cargo ship,145.0,18.0,7878.0,10500.0,4320 KW,14.4,9.5,481.25,844.11,6.0
6661,Gas carrier,120.0,19.0,9142.0,10314.0,5920 KW,15.5,14.6,87.9,403.65,5.0
6663,Bulk carrier,170.0,27.0,17976.0,30146.0,,13.9,10.3,1757.15,4667.37,0.0
6664,Oil tanker,189.0,32.0,30964.0,50120.0,,5.7,5.7,797.0,3100.46,8.0
6665,Bulk carrier,228.0,32.0,43013.0,82099.0,,13.8,10.4,772.08,2808.99,0.0
6667,Bulk carrier,228.0,32.0,43013.0,82099.0,,15.1,10.7,509.5,2156.25,0.0
6668,Bulk carrier,228.0,32.0,42980.0,82230.0,,14.0,12.5,1262.8,4591.73,0.0
6669,Bulk carrier,228.0,32.0,43013.0,82265.0,,13.6,10.7,968.5,3930.8,0.0
6670,General cargo ship,134.0,23.0,11473.0,9917.0,7200 KW,18.5,12.8,2384.08,7474.08,6.0
6671,General cargo ship,116.0,18.0,6479.0,8072.0,3824 KW,10.5,10.3,2069.17,3221.2,6.0
6672,Oil tanker,229.0,32.0,42341.0,74127.0,,16.1,10.3,1219.6,6072.97,8.0
6674,Bulk carrier,129.0,23.0,11251.0,16800.0,6480 KW,14.6,12.7,6158.52,12629.92,0.0
6675,Oil tanker,179.0,32.0,28813.0,48023.0,9612 KW,15.6,11.4,594.94,1963.41,8.0
6679,General cargo ship,130.0,16.0,7138.0,7819.0,3000 KW,11.1,10.0,3299.9,4530.05,6.0
6680,General cargo ship,130.0,16.0,7138.0,7843.0,2990 KW,10.8,9.3,4476.39,6336.34,6.0
6681,General cargo ship,130.0,16.0,7138.0,7821.0,3000 KW,14.8,9.8,5029.41,7272.45,6.0
6682,General cargo ship,130.0,16.0,7138.0,7893.0,3000 KW,15.1,10.1,4286.06,6195.85,6.0
6683,Bulk carrier,190.0,32.0,31532.0,55989.0,8870 KW,13.8,10.8,2059.98,6377.76,0.0
6684,Bulk carrier,190.0,32.0,31540.0,55868.0,,14.3,11.4,1215.8,3682.78,0.0
6685,Bulk carrier,190.0,32.0,31540.0,55768.0,8890 KW,14.5,11.2,1452.25,5239.75,0.0
6686,Oil tanker,229.0,42.0,56326.0,104626.0,,14.3,11.0,2259.6,11446.87,8.0
6688,Bulk carrier,189.0,32.0,31763.0,56121.0,,12.3,11.1,209.75,541.25,0.0
6689,Bulk carrier,189.0,32.0,31756.0,56141.0,9070 KW,14.5,10.4,1616.0,5265.06,0.0
6690,Bulk carrier,189.0,32.0,31756.0,56124.0,,15.1,12.5,2269.0,7925.86,0.0
6691,Bulk carrier,189.0,32.0,31748.0,56172.0,9070 KW,15.6,13.4,1224.99,5234.89,0.0
6695,Bulk carrier,207.0,32.0,37215.0,62145.0,,14.0,11.0,1000.7,3511.82,0.0
6697,Bulk carrier,199.0,23.0,20465.0,35300.0,10710 KW,14.3,10.4,1789.4,4375.13,0.0
6698,Bulk carrier,254.0,43.0,58592.0,107392.0,,10.8,9.4,2093.4,10050.33,0.0
6699,General cargo ship,147.0,23.0,11927.0,17660.0,4320 KW,12.9,10.0,2292.07,3682.01,6.0
6706,Container ship,171.0,27.0,17280.0,21442.0,,13.4,12.2,3647.47,12260.43,4.0
6707,Bulk carrier,169.0,27.0,17018.0,28417.0,5850 KW,13.8,12.2,2281.55,5013.9,0.0
6708,Bulk carrier,169.0,27.0,17023.0,28326.0,,8.7,8.7,731.2,1748.62,0.0
6709,Bulk carrier,169.0,27.0,17018.0,28323.0,,13.4,6.9,964.3,2330.29,0.0
6710,Bulk carrier,169.0,27.0,17018.0,28381.0,5850 KW,13.6,11.0,340.2,919.34,0.0
6711,Bulk carrier,189.0,32.0,32987.0,56722.0,9480 KW,11.8,11.8,187.0,806.56,0.0
6712,Oil tanker,274.0,48.0,81427.0,157672.0,,16.0,10.4,1817.9,12147.73,8.0
6713,Oil tanker,274.0,48.0,81427.0,157642.0,,16.1,11.9,2098.3,13560.49,8.0
6714,General cargo ship,109.0,18.0,6872.0,9382.0,4000 KW,12.1,11.7,5239.08,8113.73,6.0
6715,General cargo ship,109.0,18.0,6872.0,9385.0,4000 KW,15.4,9.9,5483.75,8844.53,6.0
6716,General cargo ship,109.0,18.0,6872.0,9386.0,4000 KW,11.6,11.0,5502.58,8926.16,6.0
6717,General cargo ship,109.0,18.0,6872.0,9387.0,4000 KW,13.1,11.1,5933.77,9244.48,6.0
6718,Bulk carrier,116.0,17.0,5576.0,8000.0,2574 KW,9.0,8.1,3335.28,3104.66,0.0
6721,Container ship,365.0,51.0,153666.0,156605.0,,18.6,12.7,4382.91,68404.37,4.0
6723,Container ship,366.0,51.0,153666.0,157000.0,,20.8,18.7,4667.49,87210.32,4.0
6724,Bulk carrier,300.0,50.0,106235.0,207980.0,,14.0,11.3,649.15,3599.15,0.0
6725,Bulk carrier,181.0,30.0,22775.0,34000.0,11640 KW,15.7,10.1,1484.0,4446.82,0.0
6726,Container ship,175.0,27.0,18358.0,23369.0,16660 KW,19.3,14.6,0.0,0.0,4.0
6729,Oil tanker,248.0,43.0,61332.0,115904.0,,13.6,10.2,4273.58,19201.93,8.0
6730,General cargo ship,119.0,16.0,5164.0,7394.0,,10.9,7.1,2594.26,2333.39,6.0
6731,Container ship,161.0,25.0,16137.0,17158.0,,14.7,11.3,3957.2,13285.72,4.0
6732,Bulk carrier,180.0,30.0,21497.0,32411.0,6480 KW,13.9,9.9,2429.0,7615.75,0.0
6733,Refrigerated cargo carrier,162.0,26.0,14276.0,12824.0,,17.9,16.3,3564.4,19228.97,10.0
6734,Refrigerated cargo carrier,162.0,26.0,14022.0,12955.0,,17.5,13.2,3191.8,19425.13,10.0
6735,Refrigerated cargo carrier,162.0,26.0,14276.0,12833.0,,19.7,17.5,1423.7,8141.9,10.0
6736,Refrigerated cargo carrier,162.0,26.0,14022.0,12944.0,,18.1,13.6,3462.6,22278.98,10.0
6737,Bulk carrier,228.0,32.0,43012.0,82131.0,,15.8,11.6,1123.0,4727.1,0.0
6738,Bulk carrier,228.0,32.0,43013.0,82099.0,,5.6,5.1,1113.1,3350.46,0.0
6739,Bulk carrier,228.0,32.0,43008.0,81955.0,,13.9,11.7,3796.93,13866.07,0.0
6740,Bulk carrier,228.0,32.0,42999.0,81863.0,,15.6,11.4,2358.6,9913.08,0.0
6741,Bulk carrier,292.0,45.0,93960.0,180203.0,,13.4,8.7,2037.6,10537.02,0.0
6742,Bulk carrier,291.0,45.0,93564.0,178838.0,13914 KW,15.4,9.8,553.4,3661.98,0.0
6747,Ro-ro ship,199.0,32.0,61002.0,22530.0,,19.8,13.3,1662.7,10937.44,12.0
6748,Bulk carrier,224.0,32.0,39737.0,76583.0,,13.9,10.1,925.0,3476.18,0.0
6749,Bulk carrier,180.0,30.0,22400.0,35118.0,5508 KW,9.0,7.1,2221.65,6051.3,0.0
6750,Bulk carrier,180.0,30.0,22419.0,34000.0,5760 KW,13.7,10.6,2438.2,3551.67,0.0
6751,Bulk carrier,169.0,27.0,17018.0,28440.0,,14.1,11.4,1397.7,3025.02,0.0
6752,Bulk carrier,189.0,32.0,32987.0,56969.0,9800 KW,12.0,8.2,97.0,830.58,0.0
6753,General cargo ship,128.0,18.0,6019.0,8637.0,3300 KW,12.5,8.1,3049.3,2640.18,6.0
6754,Oil tanker,333.0,60.0,162330.0,321050.0,,15.9,11.3,1510.9,10381.8,8.0
6755,Gas carrier,117.0,18.0,5296.0,6022.0,3900 KW,14.2,10.8,788.08,1440.2,5.0
6756,Gas carrier,117.0,18.0,5296.0,6028.0,,13.9,10.4,2228.15,4228.92,5.0
6758,Oil tanker,333.0,60.0,160493.0,309988.0,,16.3,11.7,1434.45,11766.35,8.0
6759,Bulk carrier,291.0,45.0,91971.0,175713.0,16860 KW,14.8,11.2,599.75,3327.02,0.0
6760,Gas carrier,119.0,19.0,7222.0,9011.0,,15.9,10.7,2199.7,6099.19,5.0
6761,Bulk carrier,189.0,32.0,32309.0,58032.0,,14.4,10.7,857.2,3240.75,0.0
6762,Bulk carrier,189.0,32.0,32309.0,58086.0,,13.4,10.6,549.2,1518.56,0.0
6763,Bulk carrier,180.0,30.0,22419.0,34146.0,,14.3,9.1,258.7,966.9,0.0
6764,Bulk carrier,189.0,32.0,32319.0,58109.0,,12.9,10.1,597.9,2441.94,0.0
6765,Bulk carrier,228.0,32.0,43024.0,82168.0,9710 KW,12.0,10.1,2407.0,8867.49,0.0
6766,Bulk carrier,189.0,32.0,32315.0,58107.0,,7.5,6.8,935.8,2677.23,0.0
6767,Bulk carrier,189.0,32.0,32315.0,58700.0,,6.7,5.8,1951.7,7118.55,0.0
6768,Oil tanker,228.0,32.0,42816.0,74999.0,13560 KW,17.0,12.4,1517.67,6346.86,8.0
6769,Oil tanker,228.0,32.0,42816.0,74999.0,13560 KW,14.7,10.4,1384.95,6569.48,8.0
6770,Bulk carrier,189.0,32.0,32315.0,58470.0,,13.1,8.5,866.13,3585.75,0.0
6771,Bulk carrier,189.0,32.0,32433.0,58110.0,,12.0,10.3,981.9,4189.75,0.0
6772,Bulk carrier,189.0,32.0,32305.0,58110.0,,13.7,10.5,1198.41,4175.69,0.0
6773,Bulk carrier,169.0,27.0,17018.0,28367.0,,12.8,11.4,826.8,2254.43,0.0
6774,Bulk carrier,189.0,32.0,33044.0,57000.0,,11.7,9.7,908.9,3798.58,0.0
6776,Chemical tanker,134.0,20.0,8260.0,14304.0,4440 KW,11.6,7.7,3992.39,9479.72,1.0
6777,Oil tanker,228.0,42.0,56320.0,104583.0,,14.1,8.9,4142.3,18272.79,8.0
6778,Oil tanker,228.0,42.0,57081.0,105511.0,1020 KW,13.2,11.4,3327.64,14778.26,8.0
6780,Bulk carrier,149.0,23.0,13579.0,16900.0,6578 KW,13.8,12.4,1196.75,2815.82,0.0
6784,Bulk carrier,149.0,23.0,13579.0,17073.0,,15.2,11.4,1575.75,3765.38,0.0
6785,Bulk carrier,149.0,23.0,13579.0,17096.0,,16.0,12.1,316.67,926.97,0.0
6786,General cargo ship,110.0,18.0,5688.0,7851.0,3089 KW,7.3,5.3,3919.17,4144.33,6.0
6787,Bulk carrier,149.0,21.0,10830.0,17888.0,,11.2,9.0,1396.35,1681.3,0.0
6788,General cargo ship,108.0,18.0,5629.0,8062.0,3000 KW,9.9,9.8,3272.0,4501.34,6.0
6790,Bulk carrier,291.0,45.0,94250.0,179448.0,18600 KW,15.7,13.5,1368.76,7940.58,0.0
6791,Oil tanker,248.0,43.0,61332.0,115812.0,,17.7,12.5,2811.5,12431.67,8.0
6792,Gas carrier,120.0,19.0,9160.0,10315.0,4936 KW,14.4,12.8,1082.26,2954.96,5.0
6793,Oil tanker,249.0,44.0,62504.0,113816.0,14280 KW,17.3,12.6,4306.02,24251.27,8.0
6794,Ro-ro ship,133.0,22.0,5484.0,5698.0,4420 KW,8.8,7.3,1376.5,2013.71,12.0
6795,Bulk carrier,292.0,45.0,94250.0,179558.0,,12.9,10.8,0.0,0.0,0.0
6796,Bulk carrier,292.0,45.0,91625.0,176000.0,,12.4,10.9,2933.53,18765.9,0.0
6797,General cargo ship,112.0,17.0,5087.0,7561.0,3400 KW,10.5,9.0,2840.93,1994.51,6.0
6799,Bulk carrier,186.0,27.0,22683.0,36892.0,7860 KW,15.1,11.3,615.58,1805.4,0.0
6800,Bulk carrier,186.0,27.0,22683.0,36892.0,7860 KW,16.0,10.4,563.85,1649.81,0.0
6802,Bulk carrier,187.0,27.0,22691.0,36490.0,,17.9,11.2,1551.0,5371.94,0.0
6803,Bulk carrier,186.0,27.0,22691.0,36490.0,10480 KW,13.8,10.7,789.0,3053.47,0.0
6804,Bulk carrier,186.0,27.0,22691.0,36490.0,7860 KW,13.2,10.3,2013.8,4451.6,0.0
6805,Bulk carrier,179.0,28.0,21934.0,33240.0,,13.3,11.1,1503.82,4210.04,0.0
6806,Bulk carrier,225.0,32.0,40913.0,75566.0,,15.9,10.0,3343.35,11306.42,0.0
6807,Bulk carrier,225.0,32.0,40913.0,75566.0,,14.9,10.5,0.0,0.0,0.0
6809,Bulk carrier,225.0,32.0,40913.0,75486.0,,13.2,9.2,573.7,2596.48,0.0
6810,Bulk carrier,225.0,32.0,40913.0,75444.0,,14.2,12.5,0.0,0.0,0.0
6811,Bulk carrier,225.0,32.0,40913.0,75421.0,,15.0,12.0,803.18,3048.95,0.0
6813,Bulk carrier,225.0,32.0,40913.0,75409.0,,12.5,10.2,0.0,0.0,0.0
6814,Oil tanker,243.0,42.0,60379.0,107508.0,,12.5,8.0,443.5,1675.8,8.0
6815,Chemical tanker,118.0,18.0,6768.0,9616.0,,15.7,10.2,5221.03,10287.09,1.0
6816,Chemical tanker,159.0,27.0,16363.0,26199.0,,14.4,13.4,1034.5,1626.31,1.0
6818,Ro-pax ship,212.0,31.0,47592.0,9500.0,30400 KW,19.9,15.7,5173.37,56401.4,11.0
6821,Bulk carrier,189.0,32.0,31236.0,55691.0,,13.1,10.1,739.83,2922.13,0.0
6822,Bulk carrier,187.0,32.0,32795.0,55442.0,,14.0,12.3,1654.28,6654.74,0.0
6823,Bulk carrier,187.0,32.0,32795.0,55446.0,,13.0,11.7,1028.57,3930.61,0.0
6824,Bulk carrier,139.0,25.0,11666.0,18969.0,,12.4,9.5,1598.7,3499.27,0.0
6825,General cargo ship,104.0,20.0,7727.0,12046.0,3309 KW,10.5,10.5,1855.72,1995.4,6.0
6826,Oil tanker,228.0,42.0,56326.0,104623.0,,13.0,12.1,696.9,2384.54,8.0
6827,Container ship,249.0,37.0,50869.0,61614.0,,15.5,9.8,2236.78,12143.6,4.0
6828,Container ship,249.0,37.0,50869.0,61614.0,23880 KW,18.2,17.0,2298.2,13468.64,4.0
6830,Container ship,249.0,37.0,50869.0,61614.0,23000 KW,16.4,14.7,1876.57,8644.2,4.0
6831,Container ship,249.0,37.0,50869.0,61614.0,,19.0,13.8,1879.5,11399.64,4.0
6832,Container ship,249.0,37.0,50869.0,68898.0,23000 KW,16.9,14.0,1698.22,10944.01,4.0
6833,Bulk carrier,189.0,32.0,32945.0,57000.0,16338 KW,13.2,10.8,873.3,3522.53,0.0
6834,Container ship,365.0,51.0,141077.0,145327.0,97575 KW,11.9,11.9,1143.97,14686.32,4.0
6841,Container ship,366.0,51.0,141077.0,145149.0,,20.6,13.9,1477.7,13640.57,4.0
6842,Container ship,208.0,29.0,26374.0,34409.0,21490 KW,14.9,12.7,1573.6,7130.74,4.0
6843,General cargo ship,118.0,16.0,5425.0,8217.0,2970 KW,14.7,10.9,3859.0,5069.5,6.0
6844,General cargo ship,118.0,16.0,5425.0,8200.0,2970 KW,13.1,10.2,4205.1,6013.79,6.0
6845,General cargo ship,118.0,16.0,5425.0,8284.0,2970 KW,11.8,9.9,1770.13,2367.08,6.0
6846,General cargo ship,118.0,16.0,5422.0,8429.0,2998 KW,14.5,9.0,4051.8,3988.1,6.0
6847,General cargo ship,184.0,30.0,23855.0,38494.0,,13.9,10.7,1096.53,2952.13,6.0
6848,General cargo ship,175.0,26.0,19534.0,24316.0,9401 KW,15.4,11.7,3999.52,14707.5,6.0
6849,Ro-pax ship,179.0,30.0,42180.0,11300.0,,16.3,15.8,3901.62,40303.08,11.0
6850,Bulk carrier,177.0,28.0,22866.0,36936.0,,14.3,11.6,1028.5,2700.3,0.0
6851,Container ship,299.0,45.0,89097.0,106043.0,38880 KW,17.2,11.4,5037.68,66132.64,4.0
6852,Container ship,299.0,45.0,89505.0,100072.0,,13.1,6.9,260.27,1293.42,4.0
6853,Container ship,299.0,45.0,89505.0,99900.0,38880 KW,20.5,18.5,323.2,1440.42,4.0
6854,Container ship,299.0,45.0,89505.0,99866.0,,19.8,14.0,806.5,7618.37,4.0
6855,Bulk carrier,177.0,28.0,21483.0,33179.0,,15.3,12.1,512.9,1185.23,0.0
6857,General cargo ship,181.0,28.0,20992.0,32877.0,,14.9,11.6,2438.0,5994.63,6.0
6858,Bulk carrier,229.0,32.0,43949.0,80337.0,,12.1,8.6,1302.91,4870.54,0.0
6859,Bulk carrier,229.0,32.0,43950.0,80268.0,,11.4,5.5,490.7,2554.69,0.0
6860,Bulk carrier,228.0,32.0,43022.0,82177.0,,15.4,12.9,851.5,3707.48,0.0
6861,Chemical tanker,128.0,20.0,8581.0,13019.0,4440 KW,16.6,11.3,4781.62,7749.09,1.0
6862,Chemical tanker,128.0,20.0,8581.0,13054.0,,14.3,9.5,3607.9,7282.19,1.0
6863,Chemical tanker,128.0,20.0,8581.0,13006.0,,5.7,4.9,3741.25,7480.17,1.0
6864,Chemical tanker,122.0,19.0,7386.0,9438.0,,12.7,7.8,4244.11,22171.22,1.0
6867,Bulk carrier,179.0,28.0,20809.0,32755.0,6480 KW,13.9,11.1,839.75,2359.73,0.0
6868,Bulk carrier,179.0,28.0,20928.0,32535.0,,13.1,11.2,1143.0,2852.69,0.0
6869,Oil tanker,248.0,43.0,61332.0,115739.0,,14.9,11.5,2221.92,8164.89,8.0
6870,Oil tanker,248.0,43.0,61332.0,115896.0,20000 KW,16.2,15.2,4272.65,17771.5,8.0
6872,Bulk carrier,224.0,32.0,42708.0,81393.0,,10.3,8.5,0.0,0.0,0.0
6874,Oil tanker,333.0,60.0,161513.0,318130.0,,18.1,10.9,4132.7,33322.56,8.0
6876,General cargo ship,119.0,15.0,5568.0,8327.0,2999 KW,13.4,12.3,1943.7,2366.12,6.0
6878,Oil tanker,243.0,42.0,60379.0,107497.0,,14.5,11.9,1157.3,5819.84,8.0
6879,Bulk carrier,225.0,32.0,40142.0,75603.0,18700 KW,8.5,7.4,3675.97,12814.63,0.0
6880,Bulk carrier,225.0,32.0,40142.0,75603.0,13548 KW,16.0,12.7,4405.84,13380.81,0.0
6883,Oil tanker,274.0,48.0,81380.0,158513.0,,14.8,11.1,1808.93,11531.96,8.0
6884,Bulk carrier,199.0,32.0,33990.0,61649.0,,12.0,9.2,1981.75,7230.51,0.0
6886,Bulk carrier,199.0,23.0,20465.0,35300.0,6950 KW,13.9,12.1,2499.1,6726.15,0.0
6888,Chemical tanker,146.0,24.0,11908.0,19992.0,,13.7,11.4,2791.6,7043.12,1.0
6889,Oil tanker,333.0,60.0,160716.0,314000.0,,12.0,8.2,308.4,4608.24,8.0
6890,Oil tanker,269.0,46.0,80112.0,150058.0,,16.4,11.0,2409.2,12736.15,8.0
6891,Bulk carrier,229.0,36.0,47984.0,87376.0,,13.6,10.4,1404.0,5690.12,0.0
6892,Oil tanker,274.0,48.0,81427.0,157523.0,,14.1,7.7,712.0,5176.93,8.0
6895,Bulk carrier,186.0,27.0,22733.0,36903.0,7860 KW,13.2,8.3,2320.36,6230.41,0.0
6896,Bulk carrier,186.0,27.0,22733.0,36093.0,,17.0,9.1,2618.69,7074.18,0.0
6897,Bulk carrier,186.0,27.0,22733.0,36903.0,,13.6,11.8,1145.5,3360.16,0.0
6898,Gas carrier,154.0,25.0,16823.0,16687.0,8411 KW,13.3,10.6,1273.7,3634.4,5.0
6899,Gas carrier,154.0,25.0,16823.0,16687.0,8411 KW,15.4,13.3,2101.0,7614.64,5.0
6900,Gas carrier,154.0,25.0,16823.0,16670.0,8411 KW,17.2,14.9,3724.98,10577.27,5.0
6901,Oil tanker,249.0,45.0,65911.0,119456.0,,14.8,12.5,972.75,5030.99,8.0
6902,Oil tanker,249.0,45.0,65830.0,119456.0,16581 KW,16.0,12.1,904.4,4488.81,8.0
6903,Bulk carrier,189.0,32.0,32726.0,58186.0,,15.3,11.5,764.3,2761.43,0.0
6908,Oil tanker,331.0,59.0,161273.0,320780.0,29260 KW,15.7,11.8,0.0,0.0,8.0
6910,Container ship,320.0,46.0,87865.0,90647.0,,10.5,6.7,1791.55,23847.42,4.0
6911,General cargo ship,118.0,16.0,5425.0,8250.0,2970 KW,14.9,12.4,3222.18,3525.17,6.0
6912,General cargo ship,118.0,16.0,5425.0,8270.0,5425 KW,12.8,9.2,4223.8,5908.4,6.0
6913,Bulk carrier,189.0,32.0,33044.0,56693.0,,13.0,10.1,0.0,0.0,0.0
6915,Bulk carrier,189.0,32.0,32969.0,57000.0,,13.1,9.6,702.0,2844.69,0.0
6916,Bulk carrier,189.0,32.0,32969.0,56604.0,,7.9,6.4,0.0,0.0,0.0
6917,Ro-pax ship,212.0,31.0,47592.0,9884.0,30400 KW,20.1,13.1,4820.12,65660.48,11.0
6918,Oil tanker,274.0,48.0,81299.0,158491.0,,15.4,11.7,2325.98,15149.22,8.0
6919,Oil tanker,333.0,60.0,164580.0,318663.0,25120 KW,15.0,11.6,1642.6,9203.06,8.0
6920,General cargo ship,116.0,17.0,6693.0,10049.0,4000 KW,14.3,11.4,1252.0,2023.31,6.0
6921,General cargo ship,116.0,18.0,6693.0,10049.0,4000 KW,14.2,12.0,5050.58,7961.99,6.0
6922,General cargo ship,116.0,17.0,6693.0,10000.0,5712 KW,13.3,12.2,5310.55,8920.18,6.0
6923,General cargo ship,116.0,17.0,6693.0,10049.0,4000 KW,14.1,13.2,5230.12,8650.45,6.0
6924,General cargo ship,114.0,18.0,6693.0,10049.0,4000 KW,14.5,10.6,698.9,1369.9,6.0
6926,Gas carrier,226.0,37.0,45812.0,53003.0,,18.9,15.0,735.92,4785.42,5.0
6927,Container ship,275.0,40.0,59307.0,71429.0,,20.5,11.8,1336.6,11779.03,4.0
6928,Container ship,275.0,40.0,59307.0,71407.0,44900 KW,17.3,14.9,359.7,4397.18,4.0
6929,Container ship,275.0,40.0,59307.0,71409.0,,15.2,11.4,694.1,7215.9,4.0
6930,Container ship,275.0,40.0,59307.0,71339.0,44900 KW,17.5,14.0,2823.8,25000.8,4.0
6931,Container ship,275.0,40.0,59307.0,71416.0,49840 KW,15.8,14.4,2983.7,25919.83,4.0
6932,Container ship,275.0,40.0,59307.0,70590.0,44900 KW,18.7,12.9,4340.0,41159.45,4.0
6933,Oil tanker,138.0,26.0,14355.0,21999.0,9500 KW,6.4,5.8,3575.5,8848.15,8.0
6934,General cargo ship,145.0,18.0,8059.0,10872.0,,11.0,11.0,3061.96,5228.31,6.0
6935,General cargo ship,145.0,18.0,8059.0,10872.0,4320 KW,17.1,12.2,2344.0,4677.28,6.0
6936,General cargo ship,145.0,18.0,8059.0,10872.0,,15.2,11.4,2135.72,3882.85,6.0
6938,Bulk carrier,291.0,45.0,93789.0,179023.0,18660 KW,11.8,10.3,1071.9,5702.04,0.0
6939,Gas carrier,154.0,25.0,16823.0,16686.0,7000 KW,18.3,15.1,2445.8,8193.53,5.0
6940,Bulk carrier,180.0,30.0,24210.0,34613.0,,14.3,12.2,1621.2,4451.91,0.0
6946,Bulk carrier,177.0,28.0,21483.0,33126.0,,11.3,10.0,704.92,1645.58,0.0
6947,Bulk carrier,177.0,28.0,21483.0,33175.0,,11.2,7.7,1006.8,2449.4,0.0
6948,Gas carrier,174.0,28.0,23059.0,26375.0,8780 KW,15.3,12.3,1764.71,8636.72,5.0
6949,Gas carrier,174.0,28.0,23059.0,27353.0,8780 KW,14.2,12.5,2445.42,10555.94,5.0
6953,Bulk carrier,292.0,45.0,91412.0,176217.0,,15.2,11.4,2080.0,10161.96,0.0
6955,Oil tanker,248.0,43.0,61332.0,115796.0,,14.5,8.7,2896.92,14826.9,8.0
6957,Chemical tanker,183.0,32.0,30240.0,52420.0,,14.5,11.7,0.0,0.0,1.0
6959,Chemical tanker,183.0,31.0,25269.0,37949.0,6900 KW,14.6,12.3,3382.0,12945.83,1.0
6960,Chemical tanker,183.0,31.0,25269.0,37866.0,,13.8,10.7,3827.0,10227.1,1.0
6961,Bulk carrier,292.0,45.0,91543.0,176210.0,,14.5,10.0,825.1,4820.88,0.0
6963,General cargo ship,142.0,23.0,12679.0,9503.0,8000 KW,17.2,13.7,2534.1,8183.66,6.0
6964,Ro-pax ship,186.0,26.0,26375.0,8398.0,10800 KW,23.8,20.5,5450.64,61534.21,11.0
6966,Ro-ro ship,152.0,22.0,16342.0,6600.0,,11.2,10.7,4204.57,7563.33,12.0
6967,Ro-ro ship,152.0,22.0,16342.0,6600.0,,12.2,9.1,5182.43,17075.17,12.0
6968,Ro-ro ship,152.0,24.0,21020.0,6374.0,,17.5,13.4,4338.7,13495.85,12.0
6969,Ro-ro ship,152.0,24.0,21020.0,6600.0,7000 KW,15.6,10.9,3517.47,10059.89,12.0
6975,General cargo ship,115.0,19.0,7404.0,12427.0,,12.4,8.5,4190.24,5135.56,6.0
6976,Bulk carrier,179.0,28.0,21213.0,33642.0,,12.1,8.3,865.78,2169.27,0.0
6979,General cargo ship,115.0,19.0,7404.0,12440.0,,13.0,11.2,2950.37,4014.31,6.0
6983,Oil tanker,182.0,32.0,28426.0,49995.0,9480 KW,14.2,11.6,1342.7,5166.78,8.0
6984,Oil tanker,183.0,32.0,28426.0,49996.0,,15.0,12.7,503.4,1759.88,8.0
6985,Bulk carrier,292.0,45.0,91407.0,177729.0,,9.0,6.9,1123.0,8543.1,0.0
6986,Container ship,259.0,37.0,48799.0,58197.0,36240 KW,19.1,15.1,0.0,0.0,4.0
6987,Chemical tanker,183.0,32.0,29996.0,49998.0,,16.0,12.4,536.8,1727.98,1.0
6988,Chemical tanker,183.0,32.0,29996.0,49997.0,,13.6,10.8,1166.4,3180.66,1.0
6989,Gas carrier,142.0,21.0,12819.0,15210.0,6300 KW,14.9,12.4,3881.81,9320.25,5.0
6992,Chemical tanker,139.0,16.0,5123.0,7476.0,2206 KW,8.6,6.1,267.0,195.32,1.0
6993,LNG carrier,299.0,52.0,141671.0,86512.0,,10.6,10.6,965.5,12779.89,7.0
6994,Chemical tanker,182.0,32.0,29429.0,49936.0,,15.3,11.6,773.0,1604.08,1.0
6995,Bulk carrier,229.0,32.0,43692.0,79409.0,11060 KW,14.6,11.0,1306.2,4861.28,0.0
6996,Bulk carrier,196.0,32.0,34456.0,58520.0,,14.2,11.4,451.0,1538.52,0.0
6999,Bulk carrier,180.0,30.0,23456.0,34537.0,,14.1,9.2,1789.73,6414.6,0.0
7000,Chemical tanker,146.0,24.0,11908.0,19997.0,,12.8,9.7,1132.8,2580.11,1.0
7001,Chemical tanker,146.0,24.0,11908.0,19991.0,,13.6,11.9,1637.9,4308.58,1.0
7003,General cargo ship,128.0,16.0,5925.0,8703.0,,13.7,12.4,749.5,841.05,6.0
7004,General cargo ship,127.0,15.0,5925.0,8600.0,,15.8,11.2,1469.7,1874.91,6.0
7005,Bulk carrier,225.0,32.0,40325.0,74979.0,,15.1,11.5,1859.0,5653.95,0.0
7006,Bulk carrier,189.0,28.0,24065.0,37455.0,,13.6,11.4,2513.5,7428.57,0.0
7007,Bulk carrier,189.0,28.0,24065.0,37459.0,7368 KW,13.2,9.1,616.5,1855.81,0.0
7008,Bulk carrier,175.0,29.0,19801.0,31875.0,,11.6,9.0,314.5,915.95,0.0
7009,Bulk carrier,181.0,30.0,22697.0,34297.0,,11.4,11.4,1529.67,4278.2,0.0
7011,General cargo ship,119.0,21.0,9615.0,12812.0,,16.3,12.7,1148.8,1798.87,6.0
7012,Gas carrier,142.0,21.0,12819.0,15188.0,6100 KW,8.5,8.5,2417.7,7030.34,5.0
7013,Gas carrier,142.0,21.0,12819.0,15206.0,6100 KW,15.5,11.8,5060.6,11140.34,5.0
7014,Bulk carrier,179.0,28.0,20924.0,32389.0,,14.0,11.2,843.3,2037.06,0.0
7015,Bulk carrier,112.0,17.0,5087.0,7537.0,,10.7,9.3,2433.2,2232.44,0.0
7016,General cargo ship,112.0,17.0,5087.0,7536.0,2500 KW,14.9,9.3,2914.27,2396.06,6.0
7017,Bulk carrier,178.0,27.0,23072.0,36045.0,7860 KW,13.9,11.6,1405.43,3644.85,0.0
7018,Bulk carrier,186.0,27.0,22683.0,36851.0,8280 KW,12.5,9.6,1278.67,4072.61,0.0
7019,Oil tanker,229.0,42.0,56326.0,104494.0,11120 KW,13.4,9.6,4265.62,16394.68,8.0
7021,Bulk carrier,193.0,32.0,31901.0,57412.0,,13.5,11.0,2391.55,7675.36,0.0
7022,Bulk carrier,193.0,32.0,33631.0,57434.0,,16.3,11.6,1126.6,4817.54,0.0
7023,Bulk carrier,193.0,32.0,33631.0,57437.0,,14.6,11.9,1706.0,7339.46,0.0
7024,Bulk carrier,193.0,32.0,31901.0,57436.0,,13.0,11.1,848.5,3717.23,0.0
7025,Bulk carrier,228.0,32.0,42995.0,81879.0,9660 KW,15.2,12.3,1363.0,5631.35,0.0
7026,Bulk carrier,228.0,32.0,42999.0,81812.0,,14.2,9.9,2399.1,8130.62,0.0
7029,Chemical tanker,123.0,21.0,5851.0,8400.0,,12.5,11.5,1150.35,3298.77,1.0
7030,Bulk carrier,169.0,27.0,17018.0,28336.0,,17.7,10.2,521.0,1395.11,0.0
7031,Bulk carrier,224.0,32.0,39737.0,76619.0,,15.2,11.8,2295.0,8472.24,0.0
7034,Chemical tanker,135.0,20.0,8391.0,13214.0,4500 KW,14.4,8.1,6288.76,9094.38,1.0
7035,Bulk carrier,186.0,27.0,22683.0,36746.0,7650 KW,15.4,11.0,59.0,288.54,0.0
7037,Bulk carrier,186.0,27.0,22683.0,36599.0,,16.1,12.8,1009.5,2832.43,0.0
7039,Bulk carrier,180.0,30.0,22400.0,35083.0,,15.1,11.2,1462.32,4938.39,0.0
7040,Bulk carrier,289.0,45.0,90399.0,180274.0,,13.6,9.8,1536.93,9835.52,0.0
7041,Gas carrier,120.0,19.0,9348.0,10389.0,5180 KW,13.3,10.7,5190.28,11186.87,5.0
7042,Bulk carrier,180.0,30.0,23494.0,33663.0,,16.7,10.8,1173.43,3212.79,0.0
7043,Bulk carrier,180.0,30.0,23494.0,33723.0,,13.5,10.0,1275.08,3572.52,0.0
7044,Bulk carrier,159.0,24.0,15808.0,23003.0,4320 KW,5.5,5.5,1493.62,2615.88,0.0
7046,General cargo ship,140.0,20.0,7988.0,12223.0,,12.5,11.6,3658.5,4748.09,6.0
7047,General cargo ship,140.0,20.0,7988.0,12232.0,3310 KW,11.1,10.5,2341.1,2613.27,6.0
7048,Bulk carrier,189.0,32.0,33005.0,57000.0,,12.8,10.8,683.95,2156.35,0.0
7049,Bulk carrier,189.0,32.0,33044.0,56907.0,,11.7,9.2,0.0,0.0,0.0
7050,Bulk carrier,189.0,32.0,33044.0,56897.0,,14.8,11.3,773.15,2923.61,0.0
7051,Bulk carrier,190.0,32.0,33044.0,56838.0,,13.6,12.0,484.53,2054.95,0.0
7053,Bulk carrier,189.0,32.0,32302.0,54876.0,9480 KW,13.1,9.7,943.42,3746.74,0.0
7054,Bulk carrier,180.0,30.0,23432.0,33774.0,,12.1,10.7,1325.47,4003.82,0.0
7055,Bulk carrier,180.0,30.0,23432.0,33500.0,8580 KW,12.9,8.8,1215.0,3408.2,0.0
7056,General cargo ship,140.0,20.0,7988.0,12223.0,,12.1,10.5,3441.2,4945.25,6.0
7057,General cargo ship,172.0,21.0,14695.0,21359.0,7500 KW,14.1,10.9,1245.0,3236.27,6.0
7058,General cargo ship,173.0,22.0,14695.0,21338.0,,13.5,9.7,2586.0,6843.43,6.0
7059,General cargo ship,172.0,20.0,14695.0,21301.0,7200 KW,17.5,11.6,1874.0,5070.18,6.0
7060,General cargo ship,172.0,20.0,14695.0,21277.0,,13.3,9.3,2091.0,5716.51,6.0
7061,General cargo ship,143.0,21.0,11885.0,17294.0,7500 KW,15.5,11.1,2250.17,6923.77,6.0
7062,Bulk carrier,190.0,23.0,20494.0,29975.0,7800 KW,13.1,9.5,1015.3,2770.86,0.0
7064,Bulk carrier,292.0,45.0,92151.0,180715.0,,16.6,12.7,470.44,3525.51,0.0
7065,Bulk carrier,189.0,32.0,31753.0,56136.0,,14.2,10.1,1171.63,3236.13,0.0
7066,Bulk carrier,177.0,28.0,22852.0,37000.0,,14.0,10.1,1021.3,2737.44,0.0
7067,Bulk carrier,177.0,28.0,22852.0,37000.0,,16.0,12.1,803.4,2335.41,0.0
7068,Container/ro-ro cargo ship,240.0,37.0,51055.0,44574.0,22890 KW,18.0,15.4,1345.0,9029.35,3.0
7070,Oil tanker,248.0,44.0,61426.0,114442.0,,15.6,11.2,1131.15,6806.88,8.0
7071,Oil tanker,248.0,44.0,61426.0,115728.0,,14.6,10.8,755.5,4337.82,8.0
7073,Bulk carrier,189.0,32.0,32987.0,56861.0,10898 KW,14.8,12.5,152.25,663.84,0.0
7074,Bulk carrier,229.0,38.0,51208.0,92995.0,,10.2,9.5,619.1,2939.23,0.0
7075,Bulk carrier,179.0,28.0,20867.0,32593.0,,13.7,12.8,127.8,297.51,0.0
7076,Bulk carrier,225.0,32.0,40896.0,76381.0,,13.1,9.3,0.0,0.0,0.0
7077,Bulk carrier,225.0,32.0,40896.0,76402.0,,11.7,10.4,0.0,0.0,0.0
7078,Bulk carrier,189.0,32.0,32983.0,56810.0,9000 KW,11.3,11.3,1273.0,4663.52,0.0
7079,Bulk carrier,224.0,32.0,42931.0,82589.0,,12.3,10.0,3015.09,10402.9,0.0
7081,General cargo ship,199.0,32.0,33601.0,51624.0,,11.0,10.0,1746.2,5829.1,6.0
7082,General cargo ship,199.0,32.0,33601.0,51624.0,,12.9,11.9,1721.6,6375.92,6.0
7083,Bulk carrier,175.0,26.0,19950.0,39353.0,,13.3,10.3,1924.0,5941.64,0.0
7086,General cargo ship,146.0,20.0,9963.0,13524.0,6000 KW,14.8,11.4,6281.4,9115.9,6.0
7087,General cargo ship,146.0,20.0,9963.0,13537.0,7200 KW,8.9,8.9,1983.97,5118.64,6.0
7088,General cargo ship,120.0,22.0,8604.0,13000.0,4000 KW,11.9,8.5,3206.1,3965.45,6.0
7089,Bulk carrier,169.0,27.0,17002.0,28338.0,5850 KW,13.1,11.4,3256.07,5547.39,0.0
7090,Bulk carrier,169.0,27.0,17018.0,28349.0,,15.0,12.0,1960.75,4381.21,0.0
7092,Bulk carrier,169.0,27.0,17009.0,28319.0,,13.1,9.6,213.92,447.22,0.0
7093,Bulk carrier,169.0,27.0,17025.0,28496.0,,13.1,11.2,3019.58,5453.15,0.0
7094,Bulk carrier,169.0,27.0,17019.0,28344.0,,13.5,8.3,1809.78,3951.71,0.0
7095,Bulk carrier,169.0,27.0,17018.0,28467.0,,16.2,11.9,692.9,1412.06,0.0
7096,Container ship,171.0,27.0,17280.0,21423.0,15280 KW,5.2,5.2,760.4,3311.74,4.0
7097,General cargo ship,169.0,27.0,18096.0,28742.0,,17.1,12.5,967.68,1996.45,6.0
7100,Oil tanker,229.0,32.0,42010.0,73427.0,,5.3,5.1,2329.3,8474.82,8.0
7101,Ro-pax ship,102.0,27.0,6307.0,680.0,27000 KW,22.0,22.0,2.88,30.46,11.0
7102,Gas carrier,142.0,21.0,12743.0,15023.0,6100 KW,14.2,10.6,3683.9,9910.94,5.0
7103,General cargo ship,156.0,25.0,14784.0,18276.0,,16.5,12.4,2554.0,9067.76,6.0
7104,General cargo ship,156.0,25.0,14784.0,18148.0,,15.9,11.7,1582.0,4980.96,6.0
7105,General cargo ship,157.0,25.0,14784.0,18103.0,8400 KW,18.5,13.1,1136.0,2627.99,6.0
7106,General cargo ship,156.0,25.0,14784.0,18043.0,,14.4,10.8,2154.16,5989.66,6.0
7107,Bulk carrier,289.0,45.0,90423.0,180242.0,,13.9,10.0,1177.4,7563.81,0.0
7108,Bulk carrier,292.0,45.0,93288.0,182663.0,,15.4,8.4,856.2,5013.6,0.0
7110,Bulk carrier,292.0,45.0,93288.0,182249.0,,16.1,11.4,2164.77,11661.58,0.0
7111,Chemical tanker,145.0,23.0,11788.0,19697.0,,16.6,13.1,2758.4,7559.53,1.0
7112,General cargo ship,199.0,32.0,37046.0,62980.0,,15.0,9.8,966.01,3227.39,6.0
7113,General cargo ship,199.0,32.0,37046.0,62980.0,,15.3,12.8,843.4,3298.27,6.0
7116,Chemical tanker,124.0,19.0,7785.0,12332.0,,13.6,7.6,4066.45,10583.9,1.0
7117,Bulk carrier,224.0,32.0,39737.0,76619.0,10320 KW,11.0,11.0,606.0,2984.85,0.0
7121,Bulk carrier,189.0,32.0,32987.0,56584.0,,12.8,9.6,269.1,1083.74,0.0
7123,Gas carrier,143.0,21.0,12743.0,15016.0,5800 KW,15.0,10.7,4732.03,12679.05,5.0
7124,Gas carrier,142.0,21.0,12819.0,15177.0,6100 KW,14.5,10.2,4817.4,8956.28,5.0
7125,Gas carrier,142.0,21.0,12743.0,15012.0,6100 KW,14.8,11.1,4223.9,8624.31,5.0
7126,Bulk carrier,169.0,27.0,17018.0,28375.0,,15.0,11.6,2432.48,6468.33,0.0
7127,General cargo ship,152.0,22.0,11627.0,16817.0,,11.3,7.8,4299.89,6556.83,6.0
7128,Bulk carrier,189.0,32.0,33044.0,56868.0,9480 KW,13.1,9.0,631.4,2813.63,0.0
7131,General cargo ship,146.0,17.0,8601.0,11000.0,,10.5,9.5,2307.06,3554.87,6.0
7132,Bulk carrier,169.0,27.0,17018.0,28386.0,,14.9,11.5,559.3,1607.13,0.0
7133,Bulk carrier,169.0,27.0,17018.0,28372.0,5850 KW,16.1,12.1,0.0,0.0,0.0
7135,Bulk carrier,189.0,32.0,33044.0,57000.0,17600 KW,11.3,7.9,1568.0,4173.74,0.0
7136,Chemical tanker,135.0,20.0,8975.0,12933.0,,13.3,11.4,2088.09,4749.98,1.0
7137,General cargo ship,142.0,15.0,7367.0,11850.0,2970 KW,11.6,11.0,3954.0,4580.39,6.0
7138,Bulk carrier,189.0,32.0,33044.0,57000.0,,12.7,11.1,1094.28,3749.68,0.0
7139,General cargo ship,132.0,18.0,7635.0,10563.0,,13.7,12.0,2707.97,4413.72,6.0
7140,Bulk carrier,190.0,32.0,31598.0,57300.0,,14.2,10.9,433.2,1684.04,0.0
7141,Bulk carrier,157.0,24.0,15545.0,25035.0,5180 KW,13.0,11.2,2768.75,6834.74,0.0
7144,General cargo ship,119.0,20.0,8161.0,9500.0,6480 KW,10.5,6.3,551.0,1569.28,6.0
7145,General cargo ship,119.0,20.0,8161.0,9500.0,6000 KW,15.1,11.2,2083.45,4726.01,6.0
7147,Ro-pax ship,116.0,27.0,10369.0,1000.0,,31.1,29.4,2496.03,43443.28,11.0
7149,Bulk carrier,292.0,45.0,91205.0,178242.0,,15.7,11.5,803.25,4847.33,0.0
7150,Bulk carrier,291.0,45.0,92379.0,180737.0,17690 KW,14.5,10.7,896.0,4197.59,0.0
7151,Bulk carrier,291.0,45.0,92571.0,180432.0,,10.2,10.2,1043.33,5042.79,0.0
7153,Bulk carrier,189.0,32.0,32309.0,58159.0,,12.7,10.5,340.4,1089.22,0.0
7154,Bulk carrier,291.0,45.0,92475.0,180524.0,,15.0,10.4,638.53,5385.35,0.0
7156,Chemical tanker,146.0,24.0,12042.0,19909.0,6150 KW,14.6,10.3,1390.2,3095.96,1.0
7159,Oil tanker,106.0,17.0,5565.0,6115.0,,13.4,9.9,5184.53,8291.18,8.0
7160,General cargo ship,148.0,17.0,8601.0,13449.0,,11.5,6.1,3476.6,4860.3,6.0
7161,Bulk carrier,179.0,28.0,22456.0,35106.0,,12.8,11.7,2004.0,6027.23,0.0
7162,Chemical tanker,123.0,17.0,5590.0,7623.0,,8.8,6.8,1170.67,2381.31,1.0
7164,Chemical tanker,134.0,20.0,8259.0,14298.0,,12.9,10.5,2747.2,6716.55,1.0
7166,General cargo ship,142.0,17.0,8911.0,14000.0,4500 KW,11.8,9.1,3258.0,5369.12,6.0
7167,Bulk carrier,179.0,28.0,20846.0,32580.0,7150 KW,13.2,10.9,1014.9,2811.04,0.0
7169,Ro-pax ship,106.0,24.0,8045.0,850.0,,33.9,31.1,720.72,7873.17,11.0
7171,General cargo ship,132.0,15.0,6351.0,9677.0,4000 KW,14.3,11.3,394.99,561.63,6.0
7172,General cargo ship,132.0,15.0,6351.0,9737.0,4000 KW,13.5,11.8,655.89,1071.33,6.0
7173,General cargo ship,132.0,15.0,6351.0,9688.0,,12.9,10.9,1952.0,2871.86,6.0
7180,Ro-pax ship,112.0,30.0,10500.0,3000.0,,23.4,23.4,3004.65,41931.73,11.0
7181,Container ship,249.0,38.0,50869.0,65458.0,23000 KW,17.6,15.5,1759.8,9706.04,4.0
7182,Bulk carrier,254.0,43.0,58628.0,107296.0,,12.8,10.4,820.58,3752.94,0.0
7183,Bulk carrier,170.0,27.0,17986.0,30271.0,,12.3,6.8,2367.37,6314.74,0.0
7184,Bulk carrier,170.0,27.0,17986.0,29627.0,,13.3,10.4,596.0,1608.03,0.0
7185,Bulk carrier,224.0,32.0,39737.0,76579.0,,16.4,12.1,127.0,567.56,0.0
7186,Bulk carrier,170.0,27.0,17986.0,29638.0,,13.8,11.0,664.0,1613.15,0.0
7187,Bulk carrier,170.0,27.0,17986.0,29637.0,,15.5,11.5,996.58,2970.8,0.0
7188,Bulk carrier,170.0,27.0,17986.0,29027.0,,13.9,9.7,2357.0,2694.26,0.0
7190,Bulk carrier,189.0,32.0,32714.0,58078.0,,11.0,9.2,575.4,1787.95,0.0
7192,Bulk carrier,179.0,28.0,21213.0,33686.0,,14.7,12.4,1348.93,3331.25,0.0
7193,Oil tanker,106.0,17.0,5565.0,6165.0,,14.7,12.0,4643.25,8090.9,8.0
7195,Bulk carrier,179.0,28.0,22409.0,35052.0,8300 KW,17.0,11.8,511.4,1618.05,0.0
7196,Bulk carrier,189.0,32.0,33044.0,57000.0,9480 KW,6.7,4.3,2966.97,10861.41,0.0
7197,Bulk carrier,225.0,32.0,40896.0,76557.0,,15.0,12.5,0.0,0.0,0.0
7198,Bulk carrier,225.0,32.0,40896.0,76546.0,,13.6,10.0,820.54,2555.61,0.0
7199,Bulk carrier,291.0,45.0,92758.0,181403.0,,13.9,10.8,1162.2,7718.67,0.0
7204,Bulk carrier,288.0,45.0,90095.0,180274.0,,13.0,10.2,588.0,3566.17,0.0
7205,Bulk carrier,186.0,23.0,19865.0,30693.0,,12.7,8.2,4387.22,10965.39,0.0
7206,Bulk carrier,186.0,23.0,19865.0,29800.0,,13.5,10.8,2706.41,5301.25,0.0
7208,General cargo ship,120.0,16.0,5857.0,8639.0,,14.2,8.9,3505.83,3506.73,6.0
7210,Ro-pax ship,145.0,22.0,18498.0,2767.0,,25.3,22.7,4571.2,71233.56,11.0
7211,Ro-pax ship,145.0,23.0,18664.0,2637.0,,21.3,21.1,5939.34,84590.56,11.0
7213,Bulk carrier,189.0,32.0,32983.0,56735.0,,14.1,11.6,0.0,0.0,0.0
7214,Container ship,228.0,32.0,39753.0,45986.0,27120 KW,13.0,11.0,3126.7,25351.25,4.0
7217,Chemical tanker,141.0,24.0,11749.0,19854.0,,15.5,12.4,2116.0,5498.16,1.0
7218,Chemical tanker,170.0,26.0,19968.0,33636.0,,15.3,12.7,1693.8,6257.3,1.0
7219,Chemical tanker,170.0,26.0,19968.0,33628.0,7960 KW,11.7,11.7,1340.2,5924.39,1.0
7221,Bulk carrier,229.0,36.0,51130.0,92025.0,,15.0,12.1,764.0,2609.13,0.0
7223,Oil tanker,170.0,26.0,19969.0,33560.0,8000 KW,14.7,12.0,521.2,1673.32,8.0
7226,General cargo ship,110.0,18.0,7057.0,8767.0,,11.8,5.2,956.5,1371.63,6.0
7227,Oil tanker,274.0,48.0,81314.0,157648.0,,15.6,13.0,1153.85,5286.44,8.0
7228,Oil tanker,274.0,48.0,81314.0,157740.0,,12.7,8.6,865.58,3270.07,8.0
7229,Bulk carrier,189.0,32.0,31754.0,56111.0,,12.7,9.9,0.0,0.0,0.0
7230,Bulk carrier,189.0,32.0,31753.0,56128.0,9619 KW,15.0,10.0,1870.0,5988.76,0.0
7231,Bulk carrier,189.0,32.0,31882.0,55888.0,,14.7,10.5,809.1,2757.79,0.0
7232,Bulk carrier,189.0,32.0,32858.0,57190.0,,14.3,10.6,138.5,382.87,0.0
7233,Bulk carrier,199.0,32.0,33990.0,61649.0,,14.8,11.8,688.41,2464.84,0.0
7235,General cargo ship,125.0,14.0,5044.0,7300.0,2970 KW,12.0,12.0,3632.7,4385.06,6.0
7236,General cargo ship,125.0,14.0,5044.0,7712.0,3000 KW,13.9,10.6,3588.1,4311.91,6.0
7237,Bulk carrier,229.0,32.0,43501.0,79445.0,,18.8,10.3,2009.8,7791.19,0.0
7238,Bulk carrier,189.0,32.0,32858.0,57155.0,,12.3,10.4,500.37,2263.05,0.0
7239,Bulk carrier,189.0,32.0,32964.0,56795.0,,15.1,10.9,1166.43,4119.37,0.0
7240,Bulk carrier,291.0,45.0,91971.0,175784.0,16860 KW,15.2,9.8,2022.0,11142.13,0.0
7241,Bulk carrier,291.0,45.0,91971.0,175656.0,,14.9,10.4,1431.9,9589.19,0.0
7242,Bulk carrier,229.0,32.0,43501.0,79516.0,,12.0,9.1,759.86,3006.37,0.0
7244,Bulk carrier,179.0,28.0,22295.0,35056.0,,15.0,10.6,0.0,0.0,0.0
7245,Bulk carrier,179.0,28.0,22295.0,35104.0,,14.0,11.5,0.0,0.0,0.0
7246,Bulk carrier,189.0,32.0,32964.0,56763.0,,14.5,9.2,1114.53,4717.32,0.0
7247,Oil tanker,274.0,48.0,81314.0,157803.0,,16.4,11.9,3967.33,26001.27,8.0
7248,Oil tanker,274.0,48.0,81314.0,157539.0,,13.7,11.8,2902.88,16794.13,8.0
7250,Oil tanker,244.0,42.0,57249.0,105525.0,,16.0,10.0,2232.58,12383.92,8.0
7251,General cargo ship,144.0,15.0,7680.0,12004.0,,12.7,9.1,4028.0,5550.34,6.0
7254,Chemical tanker,170.0,26.0,19349.0,26960.0,,13.7,9.5,1107.4,2812.22,1.0
7255,Bulk carrier,295.0,46.0,94710.0,180329.0,,11.7,9.9,475.9,3158.15,0.0
7256,Bulk carrier,189.0,32.0,32987.0,56406.0,,16.6,12.0,0.0,0.0,0.0
7257,Bulk carrier,189.0,32.0,33044.0,56778.0,,9.2,7.7,0.0,0.0,0.0
7258,Bulk carrier,189.0,32.0,33044.0,56741.0,,14.5,10.9,0.0,0.0,0.0
7261,General cargo ship,115.0,16.0,5344.0,6264.0,3000 KW,11.8,9.9,3924.61,5217.13,6.0
7262,General cargo ship,115.0,16.0,5344.0,6252.0,3000 KW,10.5,9.4,4682.66,5896.58,6.0
7263,Bulk carrier,189.0,32.0,32984.0,56698.0,9480 KW,14.6,11.9,1161.2,3863.51,0.0
7264,Bulk carrier,189.0,32.0,32987.0,56704.0,,12.8,10.0,1412.2,4993.47,0.0
7265,Bulk carrier,189.0,32.0,32987.0,56741.0,,13.9,9.7,0.0,0.0,0.0
7266,Bulk carrier,189.0,32.0,32987.0,56723.0,,15.0,11.1,1584.7,6326.11,0.0
7267,Oil tanker,228.0,32.0,42010.0,73371.0,11300 KW,15.0,11.7,1563.0,6813.98,8.0
7268,Oil tanker,183.0,32.0,30302.0,48554.0,,14.2,11.0,1988.1,7487.01,8.0
7269,Oil tanker,106.0,17.0,5565.0,6123.0,,13.0,10.3,4855.6,7236.26,8.0
7270,General cargo ship,130.0,16.0,7138.0,7933.0,2990 KW,12.1,11.1,1556.3,2321.35,6.0
7272,General cargo ship,130.0,16.0,7138.0,7880.0,3000 KW,11.3,9.5,1178.01,1465.78,6.0
7273,General cargo ship,130.0,16.0,7138.0,7930.0,3000 KW,11.1,9.3,3624.26,4717.06,6.0
7275,General cargo ship,130.0,16.0,7138.0,7933.0,2990 KW,11.4,9.9,4181.08,5353.94,6.0
7281,Bulk carrier,180.0,30.0,22927.0,32377.0,,13.5,11.7,866.0,3222.1,0.0
7284,General cargo ship,142.0,18.0,9524.0,11759.0,5430 KW,15.2,13.1,2383.0,5356.11,6.0
7285,General cargo ship,142.0,18.0,9524.0,11759.0,5430 KW,14.9,11.3,3049.0,6342.77,6.0
7286,General cargo ship,142.0,18.0,9524.0,11759.0,5430 KW,17.0,15.4,602.0,1420.33,6.0
7287,General cargo ship,142.0,18.0,9524.0,11759.0,,17.5,13.6,3950.0,9082.97,6.0
7288,General cargo ship,142.0,18.0,9524.0,11744.0,5430 KW,18.0,12.6,2630.0,6715.23,6.0
7289,Bulk carrier,179.0,28.0,22414.0,34938.0,,13.6,10.1,625.67,2161.98,0.0
7291,Bulk carrier,179.0,28.0,22414.0,34938.0,6480 KW,13.3,8.7,939.05,1059.34,0.0
7292,Bulk carrier,179.0,28.0,22414.0,34931.0,6480 KW,13.6,9.8,3202.43,9545.13,0.0
7294,Bulk carrier,179.0,32.0,22414.0,34931.0,,13.2,10.0,1289.3,3860.41,0.0
7295,Bulk carrier,179.0,28.0,22414.0,34931.0,,13.5,7.3,710.85,2030.45,0.0
7296,Bulk carrier,197.0,32.0,33139.0,58698.0,,14.8,12.2,1345.0,5269.48,0.0
7297,Bulk carrier,197.0,32.0,33139.0,49950.0,,14.0,11.2,1023.9,4467.71,0.0
7298,Oil tanker,243.0,42.0,60193.0,109554.0,13570 KW,15.1,8.8,2425.02,6472.29,8.0
7299,Oil tanker,243.0,42.0,60193.0,109581.0,,13.8,9.1,1912.3,4388.55,8.0
7300,Gas carrier,119.0,18.0,5841.0,6519.0,4551 KW,11.0,9.8,93.4,2458.35,5.0
7301,Bulk carrier,291.0,45.0,91971.0,175885.0,16800 KW,15.4,8.3,1935.6,10450.54,0.0
7302,Chemical tanker,161.0,22.0,13239.0,19175.0,6300 KW,14.0,10.1,2677.0,6576.37,1.0
7303,Chemical tanker,161.0,23.0,13239.0,19122.0,6300 KW,12.2,10.6,3844.0,8732.62,1.0
7304,Bulk carrier,291.0,45.0,93166.0,179134.0,,16.0,11.4,696.0,4244.21,0.0
7305,Oil tanker,179.0,32.0,28778.0,47917.0,9480 KW,13.5,9.4,73.0,234.02,8.0
7306,Oil tanker,179.0,32.0,28778.0,47906.0,9480 KW,13.5,11.4,3788.72,10616.7,8.0
7308,Bulk carrier,169.0,27.0,17009.0,28189.0,,12.8,11.4,2758.67,7250.47,0.0
7309,Bulk carrier,169.0,27.0,17019.0,28219.0,,15.7,11.5,945.34,2375.18,0.0
7310,Bulk carrier,199.0,32.0,34795.0,61494.0,,14.0,11.6,621.93,2248.78,0.0
7312,Bulk carrier,169.0,27.0,17019.0,28204.0,,15.9,11.0,1344.3,2751.24,0.0
7313,Bulk carrier,169.0,27.0,17019.0,28225.0,5508 KW,14.6,10.9,3327.0,7119.02,0.0
7316,Bulk carrier,182.0,32.0,30653.0,51201.0,,13.3,11.2,1594.2,2956.09,0.0
7318,Bulk carrier,179.0,29.0,23268.0,38267.0,7860 KW,8.7,8.4,1991.0,5832.24,0.0
7319,Bulk carrier,179.0,29.0,23264.0,38273.0,7860 KW,15.2,11.4,1212.75,3572.96,0.0
7322,Ro-ro ship,199.0,32.0,59524.0,18918.0,,14.7,12.9,868.2,4549.51,12.0
7324,Bulk carrier,169.0,27.0,17025.0,28189.0,,15.1,12.4,1581.7,3578.46,0.0
7327,Bulk carrier,199.0,32.0,35812.0,63500.0,8300 KW,14.7,11.3,574.0,2446.76,0.0
7328,Bulk carrier,199.0,32.0,35812.0,63301.0,8300 KW,14.4,10.4,972.1,3761.25,0.0
7329,Bulk carrier,199.0,32.0,35812.0,63301.0,8300 KW,16.6,12.7,458.58,1916.44,0.0
7330,Bulk carrier,199.0,32.0,35812.0,63301.0,8300 KW,14.5,11.1,3415.55,13069.81,0.0
7331,Bulk carrier,179.0,28.0,20939.0,32631.0,6480 KW,13.5,10.9,2239.0,5955.54,0.0
7333,Oil tanker,274.0,48.0,83753.0,157872.0,,16.0,11.2,1726.9,8506.56,8.0
7334,Oil tanker,274.0,48.0,83753.0,157639.0,,15.0,12.4,2893.3,17920.69,8.0
7335,Bulk carrier,291.0,45.0,91971.0,175620.0,,15.4,9.7,2096.02,10170.86,0.0
7336,Bulk carrier,179.0,28.0,22456.0,35000.0,6480 KW,11.7,10.8,1469.62,4348.66,0.0
7337,Bulk carrier,176.0,26.0,18873.0,30347.0,6480 KW,14.1,11.1,2166.16,4815.51,0.0
7339,Chemical tanker,176.0,27.0,19541.0,25620.0,8851 KW,16.0,13.5,1229.1,4181.84,1.0
7341,Chemical tanker,177.0,27.0,19793.0,25583.0,8730 KW,14.7,13.0,5472.7,17617.95,1.0
7343,Bulk carrier,225.0,32.0,40913.0,75396.0,,14.1,10.4,2027.61,7919.14,0.0
7344,Bulk carrier,199.0,32.0,36353.0,63610.0,,14.3,11.6,797.43,2965.84,0.0
7345,Bulk carrier,199.0,32.0,36353.0,63714.0,,13.2,10.9,834.92,2933.58,0.0
7346,Bulk carrier,199.0,32.0,36353.0,63550.0,,8.2,8.2,179.0,674.63,0.0
7347,Oil tanker,250.0,44.0,64089.0,116715.0,13560 KW,15.4,7.6,818.2,7932.12,8.0
7348,Oil tanker,250.0,44.0,64089.0,116619.0,13560 KW,15.3,11.2,1844.8,11928.25,8.0
7349,Oil tanker,228.0,32.0,42208.0,74602.0,1997 KW,15.4,10.9,1187.0,5253.16,8.0
7350,Oil tanker,228.0,32.0,42208.0,74581.0,14280 KW,16.6,12.0,2189.5,8925.37,8.0
7351,Bulk carrier,132.0,22.0,8559.0,15053.0,,11.2,11.2,1510.35,3461.17,0.0
7353,Bulk carrier,132.0,22.0,8559.0,15053.0,5000 KW,11.5,9.6,2361.2,4616.43,0.0
7355,Bulk carrier,196.0,32.0,34374.0,58480.0,,12.7,9.3,1520.17,4765.55,0.0
7356,Bulk carrier,189.0,28.0,24168.0,37163.0,,12.7,8.0,2481.0,5442.97,0.0
7358,Bulk carrier,179.0,30.0,24210.0,34734.0,7500 KW,13.3,11.9,1718.96,4852.83,0.0
7359,General cargo ship,180.0,30.0,24210.0,37534.0,7500 KW,18.5,10.5,2386.48,5998.7,6.0
7360,Bulk carrier,179.0,28.0,20924.0,32688.0,6480 KW,13.7,9.6,1424.7,4030.17,0.0
7362,Gas carrier,99.0,17.0,5036.0,4986.0,3000 KW,13.1,11.4,5504.8,5715.63,5.0
7363,Gas carrier,99.0,17.0,5036.0,4994.0,9480 KW,17.3,12.9,2942.9,4123.97,5.0
7364,Gas carrier,99.0,17.0,5036.0,4986.0,3000 KW,13.8,9.4,2772.6,4491.6,5.0
7365,Gas carrier,99.0,17.0,5036.0,4995.0,3000 KW,15.4,13.0,5789.0,6634.5,5.0
7367,Oil tanker,106.0,17.0,5565.0,6118.0,,12.6,11.2,4286.25,7030.06,8.0
7368,Oil tanker,274.0,48.0,81509.0,158482.0,,16.2,11.5,421.0,2819.39,8.0
7369,Oil tanker,274.0,48.0,81509.0,158650.0,,15.8,11.6,4166.43,14120.84,8.0
7370,Oil tanker,274.0,48.0,81565.0,158670.0,,13.3,11.4,3662.77,27240.8,8.0
7374,Container/ro-ro cargo ship,240.0,37.0,50722.0,45200.0,,16.1,13.7,1043.0,7604.57,3.0
7375,Container/ro-ro cargo ship,240.0,37.0,50720.0,46574.0,22890 KW,18.5,15.9,1686.0,11610.74,3.0
7376,Container/ro-ro cargo ship,239.0,37.0,50720.0,45200.0,22840 KW,18.7,16.9,1726.0,11654.18,3.0
7377,Bulk carrier,176.0,26.0,18873.0,30361.0,6480 KW,16.9,11.5,3972.52,8655.3,0.0
7378,Bulk carrier,179.0,28.0,22458.0,35000.0,,12.4,11.4,4592.72,10838.9,0.0
7379,Oil tanker,274.0,48.0,81232.0,159000.0,,13.7,7.4,595.0,3559.51,8.0
7380,Oil tanker,274.0,48.0,81187.0,159158.0,15720 KW,16.0,11.9,898.5,4150.15,8.0
7381,Bulk carrier,225.0,32.0,41254.0,75500.0,,15.6,11.8,299.3,1272.01,0.0
7382,Bulk carrier,179.0,30.0,23204.0,35186.0,,12.9,9.6,1193.4,4191.94,0.0
7383,Bulk carrier,179.0,30.0,23204.0,35365.0,6480 KW,13.9,10.1,1456.23,3965.5,0.0
7384,Bulk carrier,180.0,30.0,23204.0,35331.0,,12.4,10.3,994.47,2826.63,0.0
7387,Oil tanker,274.0,48.0,84216.0,157787.0,,13.5,8.7,594.2,3749.56,8.0
7388,Oil tanker,274.0,48.0,84216.0,157787.0,18170 KW,14.7,7.5,1357.25,10291.86,8.0
7389,Oil tanker,274.0,48.0,84216.0,157787.0,,16.7,10.1,0.0,0.0,8.0
7390,Oil tanker,274.0,48.0,84216.0,157787.0,16239 KW,6.5,6.5,1194.8,4507.92,8.0
7391,Oil tanker,274.0,48.0,84216.0,157787.0,,13.7,11.7,1984.2,9841.05,8.0
7392,Oil tanker,274.0,48.0,84216.0,157787.0,16239 KW,4.2,3.9,488.83,4550.67,8.0
7393,Oil tanker,274.0,48.0,84216.0,157787.0,,14.0,10.8,2346.3,18827.8,8.0
7394,Oil tanker,274.0,48.0,84156.0,157564.0,,14.5,10.2,2774.4,13086.21,8.0
7395,Oil tanker,274.0,48.0,84394.0,157638.0,,7.4,7.4,610.0,4068.05,8.0
7396,Oil tanker,274.0,48.0,84156.0,157638.0,,14.1,8.1,0.0,0.0,8.0
7397,Bulk carrier,229.0,32.0,44027.0,80536.0,,12.2,9.4,1124.0,5265.37,0.0
7399,Bulk carrier,291.0,45.0,91971.0,175908.0,,15.3,9.8,1165.4,5645.93,0.0
7401,Bulk carrier,175.0,29.0,19836.0,31646.0,,15.0,10.9,1505.3,4167.95,0.0
7402,Bulk carrier,175.0,29.0,19785.0,32069.0,6840 KW,13.5,12.4,1462.8,3816.13,0.0
7403,Bulk carrier,180.0,30.0,23456.0,34537.0,,15.0,11.4,1818.39,6023.57,0.0
7404,Bulk carrier,180.0,30.0,23783.0,35064.0,,13.6,12.5,1142.23,3331.06,0.0
7406,Bulk carrier,180.0,30.0,23440.0,34416.0,,13.7,11.2,1494.0,4882.82,0.0
7407,Bulk carrier,180.0,30.0,23587.0,34400.0,,16.1,11.3,912.0,2849.11,0.0
7408,Gas carrier,119.0,18.0,5844.0,6513.0,,13.7,12.7,1692.4,3977.37,5.0
7409,Bulk carrier,137.0,23.0,9993.0,16233.0,,14.8,11.3,1385.33,2025.08,0.0
7410,Bulk carrier,106.0,19.0,5715.0,7720.0,,12.1,10.6,799.21,838.85,0.0
7412,Bulk carrier,169.0,27.0,17019.0,28217.0,,13.8,12.7,2727.0,6739.66,0.0
7413,Oil tanker,228.0,32.0,42338.0,74999.0,,11.9,5.9,1121.1,4382.28,8.0
7414,Oil tanker,228.0,32.0,42338.0,74999.0,,12.7,11.0,473.7,2194.09,8.0
7416,Chemical tanker,161.0,23.0,13239.0,19118.0,6300 KW,14.6,8.2,4683.43,13966.65,1.0
7417,Chemical tanker,161.0,23.0,13259.0,19131.0,6300 KW,17.3,11.8,4978.82,12193.92,1.0
7418,Chemical tanker,161.0,23.0,13239.0,19118.0,6300 KW,16.5,12.4,3766.64,9973.31,1.0
7419,Chemical tanker,161.0,23.0,13239.0,19132.0,6300 KW,16.8,13.4,3220.4,8689.3,1.0
7420,Chemical tanker,155.0,21.0,10276.0,15995.0,,14.6,11.2,2119.78,5303.46,1.0
7421,Chemical tanker,119.0,17.0,5770.0,8488.0,,16.6,11.8,4537.57,7667.3,1.0
7422,Bulk carrier,292.0,45.0,89891.0,179719.0,,13.0,9.7,690.01,5197.68,0.0
7423,Bulk carrier,292.0,45.0,90104.0,179719.0,18660 KW,13.3,9.5,680.3,4800.7,0.0
7424,Chemical tanker,159.0,27.0,16458.0,26063.0,,13.7,12.2,904.6,2685.15,1.0
7425,Oil tanker,179.0,32.0,28802.0,48020.0,,13.9,7.0,2197.45,8387.2,8.0
7428,Bulk carrier,228.0,32.0,43025.0,82600.0,,12.5,8.9,2285.48,8829.3,0.0
7429,Bulk carrier,228.0,32.0,43025.0,82138.0,8250 KW,16.7,10.2,2953.62,10651.29,0.0
7430,Bulk carrier,228.0,32.0,43024.0,81793.0,,14.7,10.6,1493.9,4314.25,0.0
7431,Bulk carrier,228.0,32.0,43008.0,81889.0,,14.9,11.6,591.8,2245.49,0.0
7432,Bulk carrier,295.0,46.0,94710.0,180371.0,,13.8,9.2,760.16,4795.56,0.0
7434,Bulk carrier,228.0,32.0,43025.0,82138.0,,11.9,8.8,2177.92,8422.32,0.0
7435,Bulk carrier,228.0,32.0,43025.0,82600.0,9710 KW,16.7,11.0,1443.25,5853.44,0.0
7436,Bulk carrier,228.0,32.0,43013.0,82119.0,,15.2,13.4,722.6,2428.06,0.0
7437,Bulk carrier,189.0,32.0,32540.0,57631.0,,15.1,12.5,1251.8,3396.7,0.0
7438,General cargo ship,108.0,18.0,5630.0,7600.0,3000 KW,11.5,10.1,4025.48,5592.27,6.0
7439,General cargo ship,108.0,18.0,5630.0,7814.0,3000 KW,13.2,10.6,4404.16,5916.82,6.0
7440,Bulk carrier,228.0,32.0,43022.0,82177.0,,16.4,12.6,988.9,3379.56,0.0
7441,Bulk carrier,228.0,32.0,43022.0,82177.0,,15.0,11.7,0.0,0.0,0.0
7442,Bulk carrier,228.0,32.0,43022.0,82177.0,,13.6,10.3,1715.8,5119.42,0.0
7443,Bulk carrier,189.0,32.0,32355.0,54876.0,9480 KW,13.9,10.7,1717.73,5728.75,0.0
7444,Bulk carrier,189.0,32.0,33044.0,57000.0,,14.5,11.3,1466.5,5517.37,0.0
7445,Bulk carrier,225.0,32.0,41342.0,75431.0,,13.8,12.4,2214.1,8206.04,0.0
7446,Bulk carrier,225.0,32.0,41342.0,76000.0,,14.0,11.3,874.0,3148.88,0.0
7447,Chemical tanker,183.0,32.0,29840.0,51034.0,9480 KW,14.5,11.3,888.3,3809.19,1.0
7449,Bulk carrier,181.0,30.0,22697.0,34240.0,,13.3,10.0,2140.47,7354.72,0.0
7454,Bulk carrier,229.0,32.0,44600.0,81526.0,10170 KW,14.6,11.6,1540.84,5821.89,0.0
7455,Bulk carrier,229.0,32.0,44600.0,80988.0,,14.1,10.7,753.83,2513.3,0.0
7456,Bulk carrier,179.0,28.0,20969.0,32688.0,,14.6,11.6,1744.0,5183.15,0.0
7457,Bulk carrier,179.0,28.0,20809.0,32790.0,6480 KW,11.9,11.9,1084.93,2807.23,0.0
7458,Bulk carrier,229.0,32.0,44635.0,81950.0,,12.6,11.4,2668.87,10701.41,0.0
7459,Bulk carrier,229.0,32.0,44635.0,81950.0,,13.6,11.5,1412.4,6273.32,0.0
7461,Oil tanker,228.0,32.0,40976.0,74908.0,,14.0,11.5,3808.6,13189.49,8.0
7463,Bulk carrier,189.0,32.0,33044.0,57000.0,,12.1,10.9,0.0,0.0,0.0
7464,Bulk carrier,189.0,32.0,33044.0,57000.0,,8.3,8.3,1003.6,2356.69,0.0
7465,Bulk carrier,179.0,28.0,20969.0,32414.0,,13.2,10.9,1471.0,3834.17,0.0
7466,Bulk carrier,179.0,28.0,20969.0,32503.0,,14.2,11.0,645.0,1909.33,0.0
7467,Container ship,151.0,23.0,10318.0,10600.0,9000 KW,16.8,13.0,4519.62,15492.93,4.0
7468,Container ship,151.0,23.0,10318.0,13031.0,9000 KW,15.8,12.3,4494.99,15647.78,4.0
7469,Passenger ship,330.0,44.0,142714.0,12193.0,62409 KW,23.9,17.9,893.5,17686.96,9.0
7471,Bulk carrier,197.0,32.0,33084.0,58740.0,,18.5,13.5,0.0,0.0,0.0
7472,Bulk carrier,197.0,32.0,33084.0,58737.0,,12.2,12.2,1050.1,3948.3,0.0
7474,General cargo ship,122.0,16.0,5857.0,8716.0,2610 KW,13.6,11.6,4121.85,4860.91,6.0
7476,Passenger ship,333.0,37.0,139072.0,12722.0,,10.4,8.6,444.24,19060.82,9.0
7477,Bulk carrier,189.0,32.0,30092.0,52000.0,8600 KW,14.1,11.3,576.72,1968.29,0.0
7480,Oil tanker,274.0,48.0,81468.0,159179.0,,10.2,10.2,2995.8,12119.71,8.0
7481,Oil tanker,274.0,48.0,81187.0,159372.0,,16.3,12.8,5928.2,33413.42,8.0
7483,Oil tanker,274.0,48.0,81443.0,159039.0,,15.8,11.4,1062.0,4162.53,8.0
7484,Bulk carrier,229.0,32.0,44625.0,81827.0,,16.1,10.1,2646.3,10723.12,0.0
7485,Bulk carrier,229.0,32.0,43717.0,79422.0,11620 KW,13.1,8.9,1531.5,6989.69,0.0
7486,Bulk carrier,229.0,32.0,43717.0,79403.0,,16.9,12.2,290.75,1505.01,0.0
7490,Ro-pax ship,170.0,32.0,32491.0,3900.0,,23.3,16.6,5013.0,28043.35,11.0
7491,Bulk carrier,179.0,28.0,22137.0,34268.0,6232 KW,13.7,9.8,1472.0,3775.15,0.0
7492,Bulk carrier,179.0,28.0,20867.0,32318.0,6480 KW,12.8,12.8,839.0,7716.38,0.0
7496,Bulk carrier,299.0,50.0,107129.0,205875.0,,14.4,10.1,1444.6,10558.49,0.0
7497,Oil tanker,274.0,48.0,81548.0,158546.0,,17.0,11.6,2850.6,18202.75,8.0
7499,Bulk carrier,292.0,45.0,93733.0,179601.0,19620 KW,15.1,13.1,591.0,4181.53,0.0
7500,Bulk carrier,159.0,24.0,15601.0,23800.0,5180 KW,13.4,9.5,3228.15,5720.11,0.0
7501,Chemical tanker,149.0,24.0,12196.0,21306.0,,13.9,12.4,1241.13,2712.26,1.0
7502,Chemical tanker,184.0,27.0,23261.0,37583.0,8280 KW,13.4,10.1,2994.2,8618.01,1.0
7503,Chemical tanker,184.0,27.0,23248.0,37583.0,7800 KW,13.2,8.9,3068.4,8650.17,1.0
7505,Chemical tanker,184.0,27.0,23248.0,37583.0,7860 KW,13.5,7.8,3661.31,11000.85,1.0
7506,Ro-pax ship,169.0,25.0,22319.0,4835.0,,17.2,14.9,5750.0,24252.11,11.0
7507,Ro-pax ship,169.0,25.0,24000.0,5000.0,,17.0,16.0,6564.0,27739.91,11.0
7508,Container ship,334.0,45.0,96790.0,96980.0,,21.7,16.0,2084.7,25373.71,4.0
7509,Oil tanker,274.0,48.0,83824.0,160095.0,18100 KW,14.0,11.3,1618.8,11205.45,8.0
7510,Oil tanker,274.0,48.0,83824.0,160152.0,18100 KW,15.0,9.7,2183.7,15349.3,8.0
7511,Bulk carrier,186.0,27.0,22683.0,36830.0,,12.8,10.1,1357.8,4398.26,0.0
7512,Oil tanker,109.0,18.0,5948.0,6180.0,2942 KW,11.5,11.0,4041.3,6167.69,8.0
7513,Oil tanker,109.0,18.0,5948.0,6175.0,2940 KW,15.4,12.9,2192.6,3310.23,8.0
7514,Oil tanker,109.0,18.0,5948.0,6187.0,,13.2,11.8,1130.4,1742.28,8.0
7515,Oil tanker,109.0,18.0,5948.0,6189.0,2940 KW,14.3,10.7,4089.9,6559.06,8.0
7516,Bulk carrier,180.0,30.0,22223.0,35037.0,,15.9,12.2,528.08,1691.79,0.0
7517,Bulk carrier,180.0,30.0,22223.0,34023.0,6480 KW,13.6,9.7,1375.45,4319.25,0.0
7518,Bulk carrier,180.0,30.0,22232.0,35058.0,,14.3,11.2,1195.52,3697.39,0.0
7519,Bulk carrier,180.0,30.0,22223.0,34035.0,,13.7,10.3,1075.37,2920.13,0.0
7520,Bulk carrier,179.0,28.0,22137.0,34264.0,6480 KW,10.6,6.5,1112.65,3086.37,0.0
7521,Bulk carrier,179.0,28.0,22137.0,33500.0,,13.0,12.1,0.0,0.0,0.0
7522,Oil tanker,274.0,48.0,81509.0,158597.0,,16.7,11.9,1288.5,8237.33,8.0
7523,Oil tanker,274.0,48.0,81509.0,158645.0,18214 KW,17.0,9.7,1219.5,8802.57,8.0
7524,Bulk carrier,189.0,32.0,32983.0,56928.0,,14.2,10.6,2717.69,8663.22,0.0
7526,Bulk carrier,189.0,32.0,32983.0,56771.0,9480 KW,13.3,10.3,821.0,6735.64,0.0
7527,Bulk carrier,229.0,38.0,51496.0,92828.0,,15.9,12.6,405.0,1746.6,0.0
7529,Bulk carrier,190.0,28.0,24196.0,37205.0,7836 KW,14.3,12.5,1775.7,5422.08,0.0
7530,Bulk carrier,229.0,32.0,44326.0,81309.0,,8.9,8.9,1439.0,5950.83,0.0
7531,Bulk carrier,229.0,32.0,44326.0,81339.0,,16.0,9.7,1625.0,5586.43,0.0
7532,Bulk carrier,170.0,27.0,18465.0,29100.0,,14.5,12.7,344.4,988.51,0.0
7534,Bulk carrier,169.0,27.0,17027.0,28392.0,13300 KW,13.8,11.0,414.7,818.21,0.0
7535,Bulk carrier,260.0,43.0,65976.0,121759.0,13560 KW,12.9,10.0,3638.27,16590.37,0.0
7536,Bulk carrier,169.0,27.0,17025.0,28207.0,,15.9,13.2,819.3,1858.42,0.0
7537,Oil tanker,274.0,48.0,81384.0,158671.0,15861 KW,15.3,10.7,3462.13,26346.42,8.0
7538,Bulk carrier,179.0,29.0,23268.0,38225.0,,16.9,10.3,959.98,2439.59,0.0
7542,General cargo ship,108.0,18.0,5629.0,8039.0,2998 KW,11.7,10.0,432.62,584.78,6.0
7543,General cargo ship,108.0,18.0,5629.0,8036.0,2998 KW,12.6,10.6,116.52,130.31,6.0
7544,Bulk carrier,292.0,45.0,92865.0,179019.0,,14.7,9.6,0.0,0.0,0.0
7545,Bulk carrier,292.0,45.0,93010.0,179169.0,,15.9,10.5,297.6,1737.68,0.0
7546,Bulk carrier,229.0,32.0,44282.0,81472.0,,16.0,10.7,1835.3,6856.4,0.0
7547,Bulk carrier,229.0,32.0,44282.0,81355.0,11200 KW,13.5,11.4,2198.0,9745.52,0.0
7548,Bulk carrier,229.0,32.0,43949.0,80263.0,11060 KW,12.8,7.7,2065.53,8798.74,0.0
7549,Oil tanker,274.0,48.0,83824.0,160024.0,,14.8,10.0,330.4,1768.02,8.0
7550,Oil tanker,274.0,48.0,84628.0,160250.0,18100 KW,14.9,10.4,1748.9,13473.63,8.0
7551,Bulk carrier,229.0,32.0,44203.0,81276.0,,14.0,11.7,1550.6,6478.97,0.0
7554,Bulk carrier,190.0,28.0,24196.0,37200.0,8730 KW,13.9,11.0,1694.1,4944.5,0.0
7555,Bulk carrier,189.0,28.0,24196.0,37227.0,8700 KW,13.2,9.7,1217.92,2896.11,0.0
7556,Oil tanker,269.0,46.0,80112.0,149999.0,,10.8,10.8,4121.32,20116.87,8.0
7557,Oil tanker,183.0,32.0,29762.0,51441.0,,15.0,14.4,1455.7,4921.57,8.0
7559,Bulk carrier,229.0,32.0,44485.0,81516.0,,15.7,11.9,1589.0,5269.33,0.0
7560,Bulk carrier,229.0,32.0,44485.0,81487.0,,14.8,11.4,1266.1,4466.6,0.0
7561,General cargo ship,134.0,18.0,7450.0,10809.0,2970 KW,11.2,7.2,1150.25,1241.79,6.0
7562,Bulk carrier,197.0,32.0,33958.0,56348.0,,12.0,9.5,4326.72,13513.12,0.0
7563,Bulk carrier,197.0,32.0,33958.0,56348.0,,16.4,10.5,2720.3,9720.53,0.0
7564,Bulk carrier,291.0,45.0,92752.0,181458.0,,14.5,11.5,604.0,4151.74,0.0
7566,Bulk carrier,291.0,45.0,92752.0,181480.0,,12.5,8.5,957.78,3783.98,0.0
7569,Bulk carrier,179.0,29.0,23264.0,38225.0,,15.0,12.7,821.78,2310.85,0.0
7570,Bulk carrier,179.0,29.0,23268.0,38167.0,9928 KW,10.1,7.6,1879.0,5699.61,0.0
7571,Bulk carrier,179.0,29.0,23264.0,38243.0,,17.2,12.7,1001.6,4062.8,0.0
7574,Bulk carrier,224.0,32.0,41830.0,75812.0,9500 KW,13.6,11.6,1415.89,5742.61,0.0
7575,Bulk carrier,229.0,32.0,44325.0,81874.0,,12.5,9.1,414.6,1767.01,0.0
7577,General cargo ship,122.0,19.0,7580.0,9000.0,4000 KW,15.0,11.4,1672.5,1933.32,6.0
7578,Bulk carrier,224.0,32.0,41963.0,78072.0,,12.8,10.7,1535.2,5464.87,0.0
7579,Bulk carrier,224.0,32.0,41963.0,78090.0,,14.7,12.0,3993.0,12339.84,0.0
7584,Bulk carrier,229.0,32.0,44323.0,81076.0,,12.3,10.8,838.6,3230.35,0.0
7585,Oil tanker,274.0,48.0,81187.0,158886.0,15720 KW,16.6,12.7,735.0,4635.3,8.0
7586,Oil tanker,249.0,43.0,61237.0,115571.0,,13.3,10.4,748.9,2346.71,8.0
7587,Oil tanker,249.0,43.0,61242.0,115674.0,,12.8,8.4,3665.5,11940.9,8.0
7589,Oil tanker,249.0,43.0,61320.0,115497.0,,15.2,11.0,2034.53,10547.39,8.0
7590,Oil tanker,250.0,43.0,61320.0,115724.0,13560 KW,15.4,12.0,3144.0,12813.89,8.0
7591,Oil tanker,249.0,43.0,61320.0,115723.0,,16.4,11.2,4851.4,25616.71,8.0
7593,General cargo ship,169.0,20.0,14141.0,23000.0,4500 KW,13.5,10.0,4422.0,7603.1,6.0
7595,General cargo ship,169.0,20.0,14224.0,23000.0,,13.1,10.7,4691.0,7382.12,6.0
7599,Bulk carrier,229.0,32.0,44190.0,82057.0,,16.0,11.3,787.9,3266.64,0.0
7600,Bulk carrier,292.0,45.0,92884.0,178929.0,,17.4,12.8,879.0,5695.98,0.0
7601,Bulk carrier,292.0,45.0,92884.0,178929.0,,15.1,9.5,1285.7,6629.57,0.0
7602,Bulk carrier,189.0,32.0,32899.0,56687.0,,12.7,9.7,1135.26,4082.4,0.0
7605,Bulk carrier,190.0,32.0,31540.0,55848.0,,14.1,11.4,0.0,0.0,0.0
7606,Bulk carrier,229.0,32.0,44326.0,81283.0,,15.6,11.8,1681.0,4895.54,0.0
7607,Oil tanker,274.0,48.0,81346.0,159018.0,,16.7,11.3,1426.4,8775.9,8.0
7608,Oil tanker,274.0,48.0,81346.0,159056.0,,16.0,10.2,1525.1,7887.38,8.0
7609,Bulk carrier,229.0,32.0,44230.0,81305.0,,12.6,10.0,1353.35,5743.46,0.0
7610,Bulk carrier,229.0,38.0,51265.0,93168.0,13560 KW,12.0,11.4,779.1,3967.1,0.0
7611,Bulk carrier,229.0,38.0,51265.0,93225.0,,15.0,9.9,2891.1,10839.23,0.0
7612,General cargo ship,161.0,27.0,18189.0,24983.0,,14.3,12.5,1437.11,3990.35,6.0
7613,Bulk carrier,190.0,32.0,31540.0,55768.0,,7.6,5.5,883.0,3778.74,0.0
7614,Bulk carrier,190.0,32.0,31540.0,55768.0,8890 KW,18.0,13.1,259.67,1154.73,0.0
7615,Bulk carrier,229.0,32.0,45271.0,81622.0,,11.7,10.6,1723.2,7578.22,0.0
7618,Bulk carrier,229.0,32.0,43951.0,81810.0,,14.1,12.1,310.0,1473.86,0.0
7619,Bulk carrier,229.0,32.0,43951.0,81762.0,6100 KW,14.4,10.3,1991.5,7595.89,0.0
7620,Bulk carrier,229.0,32.0,43951.0,81675.0,,13.8,12.6,1950.67,8028.24,0.0
7621,General cargo ship,204.0,32.0,37447.0,50700.0,,16.6,13.0,1336.4,5549.63,6.0
7622,Chemical tanker,139.0,16.0,5128.0,7448.0,2206 KW,9.0,6.5,708.16,568.82,1.0
7623,Chemical tanker,134.0,20.0,8260.0,14281.0,,13.9,11.3,2814.95,6185.58,1.0
7624,Oil tanker,274.0,48.0,81548.0,158640.0,,10.1,10.1,2492.68,16433.05,8.0
7625,Chemical tanker,126.0,20.0,7912.0,12601.0,4950 KW,2.8,2.5,4641.9,8862.81,1.0
7626,Bulk carrier,189.0,28.0,24145.0,37930.0,,14.4,10.8,2185.88,6225.69,0.0
7627,Bulk carrier,189.0,28.0,24145.0,37930.0,,13.6,11.1,1002.59,2828.06,0.0
7628,Bulk carrier,189.0,28.0,24145.0,37930.0,,14.5,9.8,2271.5,6360.14,0.0
7629,Bulk carrier,189.0,28.0,24145.0,37930.0,,10.3,10.3,2098.75,6094.73,0.0
7631,Bulk carrier,189.0,32.0,33044.0,57000.0,,13.9,10.5,0.0,0.0,0.0
7632,Bulk carrier,189.0,32.0,33044.0,57000.0,,12.7,11.0,1970.0,7174.45,0.0
7633,Bulk carrier,177.0,28.0,19943.0,32844.0,6480 KW,11.7,10.0,1070.07,2616.98,0.0
7634,Bulk carrier,177.0,28.0,19943.0,32962.0,,10.9,5.8,1076.0,3084.88,0.0
7638,General cargo ship,179.0,28.0,22863.0,33271.0,,13.1,6.4,1853.0,6962.64,6.0
7640,Bulk carrier,189.0,32.0,33044.0,57000.0,,14.7,11.4,232.99,775.14,0.0
7642,Bulk carrier,147.0,32.0,32987.0,56530.0,,13.2,12.2,1011.87,3906.94,0.0
7643,Bulk carrier,189.0,32.0,32987.0,56507.0,8500 KW,13.1,11.3,1131.5,3873.15,0.0
7644,Bulk carrier,189.0,32.0,32987.0,56581.0,,15.7,11.2,268.45,1160.99,0.0
7645,Bulk carrier,189.0,32.0,32987.0,57002.0,,14.1,10.1,2014.7,8820.37,0.0
7646,Bulk carrier,189.0,32.0,32987.0,57078.0,,13.5,10.2,784.32,3046.97,0.0
7647,Oil tanker,274.0,48.0,81341.0,158465.0,,15.8,12.4,3501.1,18618.36,8.0
7648,Oil tanker,274.0,48.0,81341.0,158493.0,,14.7,10.7,3158.4,14426.21,8.0
7649,Oil tanker,274.0,48.0,81326.0,158542.0,186651 KW,13.1,9.4,5040.3,19205.8,8.0
7650,Oil tanker,274.0,48.0,81326.0,158529.0,18215 KW,17.5,12.1,2757.11,13043.94,8.0
7651,Oil tanker,273.0,49.0,80783.0,157850.0,,13.1,11.4,733.88,3502.08,8.0
7652,Oil tanker,274.0,48.0,80783.0,157850.0,,13.9,10.6,825.7,4433.07,8.0
7653,Oil tanker,228.0,32.0,42411.0,74986.0,9480 KW,14.5,12.9,1734.46,8428.72,8.0
7654,Oil tanker,249.0,42.0,62945.0,110761.0,13350 KW,15.4,9.1,1653.93,7528.37,8.0
7655,Oil tanker,249.0,42.0,62945.0,110587.0,13350 KW,15.5,11.6,1485.17,7598.82,8.0
7656,Bulk carrier,229.0,32.0,44635.0,81827.0,,10.8,10.8,1944.23,8039.45,0.0
7657,Bulk carrier,229.0,32.0,44635.0,81660.0,,12.9,11.7,2346.33,10285.96,0.0
7658,Chemical tanker,184.0,27.0,23248.0,37583.0,8280 KW,13.6,11.6,3790.18,10736.69,1.0
7661,Bulk carrier,186.0,27.0,22662.0,37152.0,,13.8,11.2,160.59,495.23,0.0
7662,Bulk carrier,186.0,27.0,22662.0,37138.0,9018 KW,8.4,8.4,1523.96,4177.13,0.0
7663,Passenger ship,333.0,37.0,139072.0,12614.0,,19.6,16.6,1463.12,36420.53,9.0
7664,Oil tanker,274.0,48.0,82374.0,156245.0,,16.9,12.6,2272.45,12404.95,8.0
7668,Bulk carrier,180.0,30.0,22429.0,34000.0,,15.1,10.7,139.1,552.76,0.0
7669,Bulk carrier,180.0,30.0,22429.0,34175.0,,14.2,11.4,1066.1,3070.5,0.0
7670,Bulk carrier,299.0,50.0,106368.0,206562.0,,13.3,9.4,1291.8,7289.76,0.0
7671,Container ship,334.0,48.0,98882.0,104399.0,,12.7,12.7,3586.5,57471.19,4.0
7672,Chemical tanker,227.0,37.0,45452.0,81305.0,,11.9,9.4,4824.61,15177.36,1.0
7675,Bulk carrier,180.0,30.0,22223.0,35062.0,,16.4,11.9,1019.42,2832.72,0.0
7676,Bulk carrier,229.0,32.0,44230.0,81305.0,,14.9,11.1,871.0,2953.86,0.0
7677,Bulk carrier,189.0,28.0,24196.0,37169.0,7000 KW,13.5,10.9,1536.7,4547.72,0.0
7678,Bulk carrier,189.0,28.0,24196.0,37140.0,7000 KW,12.8,11.5,2669.8,7300.7,0.0
7679,Bulk carrier,189.0,28.0,24196.0,37168.0,7000 KW,16.0,12.2,2399.1,7276.2,0.0
7681,Bulk carrier,189.0,32.0,32987.0,56733.0,9480 KW,13.6,11.7,313.5,977.95,0.0
7686,Chemical tanker,183.0,32.0,29289.0,46589.0,,13.1,8.8,2853.3,10273.64,1.0
7687,Bulk carrier,229.0,32.0,44119.0,81233.0,,13.5,10.5,639.2,3474.18,0.0
7688,Oil tanker,274.0,48.0,81346.0,159068.0,,15.1,12.3,2805.1,12152.58,8.0
7689,Oil tanker,274.0,48.0,81346.0,159068.0,,16.7,9.0,1461.0,9203.03,8.0
7691,Bulk carrier,229.0,32.0,44229.0,81259.0,,15.4,10.9,0.0,0.0,0.0
7692,Bulk carrier,229.0,32.0,44229.0,81291.0,,15.9,9.3,0.0,0.0,0.0
7693,Bulk carrier,229.0,32.0,44544.0,81585.0,,13.2,11.4,2868.4,11061.52,0.0
7695,Bulk carrier,229.0,32.0,44557.0,81488.0,,14.4,12.4,1704.25,7362.82,0.0
7696,Bulk carrier,229.0,32.0,43721.0,81251.0,,15.0,12.5,1293.83,5508.74,0.0
7697,Bulk carrier,229.0,32.0,43721.0,81250.0,,15.4,11.3,1883.47,6296.29,0.0
7698,Oil tanker,333.0,60.0,161974.0,320299.0,,16.1,11.7,1244.2,12440.83,8.0
7699,Bulk carrier,225.0,32.0,40341.0,74886.0,,17.2,13.2,1313.1,5450.21,0.0
7700,Bulk carrier,229.0,32.0,44180.0,81259.0,,16.0,13.0,0.0,0.0,0.0
7701,Bulk carrier,229.0,32.0,44180.0,81450.0,,13.4,9.9,0.0,0.0,0.0
7702,Bulk carrier,175.0,29.0,19819.0,31702.0,,13.2,8.7,1391.6,3805.36,0.0
7703,Container ship,328.0,45.0,109712.0,115010.0,,19.8,12.9,2152.19,21549.1,4.0
7704,Container ship,328.0,45.0,109712.0,115105.0,,18.0,17.1,1013.18,13796.97,4.0
7705,Container ship,328.0,45.0,109712.0,115075.0,,20.9,16.0,4098.06,55586.47,4.0
7706,Container ship,328.0,45.0,109712.0,115027.0,51070 KW,18.8,14.0,4223.78,59957.54,4.0
7707,Container ship,328.0,45.0,109712.0,115096.0,,19.5,14.7,553.2,6650.04,4.0
7708,Container ship,328.0,45.0,109712.0,115037.0,,18.2,17.0,4191.24,53556.53,4.0
7709,Container ship,328.0,45.0,109712.0,115026.0,51070 KW,19.6,15.7,579.79,4785.43,4.0
7710,Bulk carrier,179.0,28.0,21192.0,33688.0,,15.4,11.4,1344.37,3669.85,0.0
7712,Bulk carrier,229.0,32.0,44261.0,81501.0,11620 KW,14.8,11.9,674.88,2602.64,0.0
7713,Bulk carrier,229.0,32.0,44261.0,81504.0,12000 KW,15.4,12.1,1194.55,5091.73,0.0
7714,Bulk carrier,229.0,32.0,44102.0,81359.0,,16.0,12.0,1499.8,6235.8,0.0
7715,Bulk carrier,229.0,32.0,42500.0,81391.0,,15.6,11.0,366.3,1545.58,0.0
7716,Bulk carrier,179.0,28.0,20846.0,32618.0,,12.7,8.6,0.0,0.0,0.0
7718,Bulk carrier,189.0,32.0,32987.0,56734.0,,6.2,4.3,2679.18,9956.22,0.0
7720,Bulk carrier,291.0,45.0,92752.0,181415.0,,14.7,9.4,742.3,3295.29,0.0
7722,Bulk carrier,169.0,27.0,17025.0,28378.0,5850 KW,13.8,11.4,2088.0,5156.9,0.0
7724,Bulk carrier,229.0,32.0,44373.0,82023.0,,13.5,11.3,3096.5,10865.61,0.0
7725,Bulk carrier,229.0,32.0,44276.0,81716.0,,14.8,12.1,813.55,3156.72,0.0
7726,Bulk carrier,177.0,28.0,19943.0,32860.0,7800 KW,15.0,10.8,2447.5,6710.07,0.0
7727,Bulk carrier,177.0,28.0,19943.0,32922.0,6480 KW,13.5,11.5,1726.43,5420.73,0.0
7728,Ro-pax ship,210.0,30.0,52645.0,6189.0,,14.7,14.7,2250.33,60126.82,11.0
7729,Bulk carrier,189.0,32.0,33020.0,56659.0,,13.7,11.4,0.0,0.0,0.0
7730,Bulk carrier,189.0,32.0,33020.0,56724.0,,14.7,10.6,1950.0,7119.35,0.0
7731,Bulk carrier,225.0,32.0,41254.0,76036.0,,13.8,10.9,739.85,2827.09,0.0
7732,General cargo ship,139.0,16.0,5686.0,7143.0,,10.3,8.0,1118.99,991.45,6.0
7733,General cargo ship,139.0,16.0,5686.0,7154.0,2600 KW,10.3,8.9,715.67,640.94,6.0
7734,General cargo ship,139.0,16.0,5686.0,7154.0,,9.9,8.6,3632.0,5803.89,6.0
7735,General cargo ship,139.0,16.0,5686.0,7140.0,2400 KW,11.5,10.1,1235.74,1178.51,6.0
7736,General cargo ship,139.0,16.0,5686.0,7140.0,2400 KW,7.7,6.1,741.75,754.42,6.0
7737,General cargo ship,139.0,16.0,5686.0,7154.0,2400 KW,11.6,8.3,835.5,640.08,6.0
7738,General cargo ship,139.0,16.0,5686.0,7154.0,,9.6,8.6,1336.34,1264.95,6.0
7740,General cargo ship,180.0,27.0,21317.0,27230.0,,15.3,13.6,784.0,2409.46,6.0
7741,Bulk carrier,179.0,28.0,20969.0,32353.0,,14.5,12.4,2052.8,5880.58,0.0
7742,Bulk carrier,179.0,28.0,20969.0,32312.0,,13.4,12.6,2706.0,7057.77,0.0
7743,Bulk carrier,228.0,32.0,43083.0,81896.0,,11.5,10.7,1755.0,6687.36,0.0
7744,Bulk carrier,228.0,32.0,43248.0,82073.0,,11.1,10.2,2136.0,7560.71,0.0
7745,Bulk carrier,239.0,38.0,51905.0,98697.0,,16.2,10.3,904.5,4655.21,0.0
7746,Bulk carrier,190.0,32.0,32521.0,53177.0,,15.3,11.6,4627.48,7320.09,0.0
7747,Bulk carrier,199.0,32.0,34795.0,61429.0,8750 KW,15.4,11.9,1198.65,3091.11,0.0
7748,Bulk carrier,291.0,45.0,92752.0,181403.0,,16.0,10.8,4282.59,20393.43,0.0
7750,LNG carrier,285.0,43.0,98075.0,82105.0,25300 KW,21.3,12.8,1242.0,15779.49,7.0
7751,LNG carrier,285.0,43.0,98451.0,82178.0,,7.2,7.2,693.5,7141.21,7.0
7753,Bulk carrier,229.0,32.0,44130.0,81966.0,,14.8,10.9,1069.72,4239.4,0.0
7754,Bulk carrier,229.0,32.0,44252.0,81641.0,,15.6,13.0,434.0,1854.52,0.0
7755,Bulk carrier,229.0,32.0,44252.0,81513.0,,15.0,11.5,1372.0,5415.5,0.0
7756,Bulk carrier,189.0,32.0,33044.0,56836.0,,15.3,11.6,841.0,3166.07,0.0
7758,Oil tanker,274.0,48.0,82043.0,157023.0,,14.3,13.2,2070.07,8797.51,8.0
7760,Oil tanker,274.0,48.0,82058.0,157000.0,,15.4,12.2,3392.89,15854.9,8.0
7761,Oil tanker,275.0,48.0,81670.0,156880.0,,16.8,12.3,5469.74,19742.49,8.0
7762,Bulk carrier,229.0,32.0,43550.0,79440.0,,12.0,12.0,1411.9,5867.82,0.0
7763,Passenger ship,253.0,38.0,71304.0,7833.0,,16.5,12.9,3135.53,35584.39,9.0
7764,Bulk carrier,190.0,32.0,33361.0,57300.0,9180 KW,12.8,11.2,599.0,1646.52,0.0
7767,Bulk carrier,229.0,32.0,44133.0,81970.0,,13.1,10.4,441.0,1798.65,0.0
7769,Bulk carrier,229.0,32.0,43951.0,81699.0,8873 KW,13.9,11.0,0.0,0.0,0.0
7770,Bulk carrier,180.0,30.0,24187.0,34827.0,6900 KW,14.8,9.6,562.8,1649.85,0.0
7772,Oil tanker,333.0,60.0,161296.0,319778.0,,14.7,12.0,898.2,7476.99,8.0
7773,Bulk carrier,180.0,30.0,24212.0,35843.0,7500 KW,13.8,13.0,746.29,2153.55,0.0
7775,Bulk carrier,199.0,32.0,34795.0,61483.0,8450 KW,15.2,11.0,0.0,0.0,0.0
7776,Bulk carrier,229.0,32.0,44106.0,81272.0,11191 KW,15.8,11.1,617.61,2443.04,0.0
7777,Chemical tanker,139.0,16.0,5144.0,7441.0,2400 KW,11.5,7.9,591.9,719.66,1.0
7780,Bulk carrier,189.0,32.0,32962.0,56623.0,,14.4,11.9,2221.89,7174.76,0.0
7782,Bulk carrier,230.0,38.0,51984.0,95308.0,11650 KW,12.6,12.6,621.51,2270.3,0.0
7783,Bulk carrier,189.0,32.0,32839.0,57970.0,8700 KW,12.4,10.0,243.9,925.59,0.0
7784,Bulk carrier,228.0,32.0,45310.0,82744.0,,15.1,11.5,81.0,701.95,0.0
7786,Bulk carrier,189.0,32.0,32964.0,56624.0,,11.9,10.0,698.2,3233.82,0.0
7788,General cargo ship,204.0,32.0,37447.0,50740.0,,16.6,12.6,1790.1,7640.49,6.0
7789,Bulk carrier,291.0,45.0,91971.0,175931.0,,17.0,11.9,2173.64,15702.55,0.0
7790,General cargo ship,142.0,15.0,7367.0,11850.0,4000 KW,11.7,10.6,4569.0,8375.74,6.0
7791,Bulk carrier,295.0,46.0,94942.0,180336.0,,14.0,12.1,1514.05,9960.49,0.0
7792,Bulk carrier,189.0,32.0,28780.0,47514.0,,13.0,10.8,0.0,0.0,0.0
7793,Bulk carrier,189.0,32.0,28780.0,47442.0,,14.2,11.2,0.0,0.0,0.0
7794,Bulk carrier,189.0,32.0,28780.0,47483.0,,15.0,12.1,0.0,0.0,0.0
7795,Bulk carrier,189.0,32.0,28780.0,47443.0,,14.9,11.3,0.0,0.0,0.0
7797,Bulk carrier,229.0,32.0,44737.0,81970.0,,14.7,11.4,2886.8,12108.82,0.0
7798,Bulk carrier,169.0,27.0,17019.0,28386.0,,14.3,11.9,4535.5,5522.39,0.0
7800,Bulk carrier,169.0,27.0,17027.0,28258.0,,5.8,4.8,1479.5,3453.63,0.0
7801,Bulk carrier,179.0,29.0,23263.0,38238.0,,15.6,9.5,2216.5,6859.91,0.0
7802,Bulk carrier,179.0,29.0,23264.0,38243.0,,13.7,8.6,557.9,1889.37,0.0
7808,Bulk carrier,199.0,32.0,34795.0,61438.0,,13.0,10.5,2812.15,8376.82,0.0
7810,Bulk carrier,169.0,27.0,17019.0,28189.0,,10.9,5.5,1066.95,2870.72,0.0
7811,Bulk carrier,169.0,27.0,17027.0,28227.0,,9.6,5.9,1093.0,2874.07,0.0
7813,Bulk carrier,179.0,29.0,23273.0,38055.0,,13.6,10.1,6.7,81.2,0.0
7815,Container ship,299.0,48.0,94402.0,111861.0,52290 KW,17.9,16.8,857.7,7659.11,4.0
7816,Bulk carrier,179.0,30.0,24210.0,35018.0,7500 KW,11.9,10.3,1003.33,2704.18,0.0
7818,Container ship,299.0,48.0,94402.0,111841.0,52290 KW,20.4,15.6,1120.3,10089.84,4.0
7819,Container ship,299.0,48.0,94402.0,111861.0,52290 KW,48.2,48.1,291.0,3607.13,4.0
7820,Container ship,299.0,48.0,95166.0,112230.0,,15.1,14.0,3408.66,64964.92,4.0
7821,Container ship,299.0,48.0,94402.0,112359.0,,19.8,17.7,2081.72,33458.01,4.0
7822,Bulk carrier,292.0,45.0,91374.0,176532.0,16860 KW,13.6,11.3,849.0,3947.82,0.0
7823,Bulk carrier,229.0,32.0,43951.0,81652.0,9800 KW,14.7,11.1,523.6,3256.71,0.0
7824,Bulk carrier,229.0,32.0,43951.0,81681.0,9800 KW,14.7,10.8,176.8,609.55,0.0
7830,Bulk carrier,189.0,32.0,33044.0,57000.0,9480 KW,12.7,9.0,783.0,3186.43,0.0
7831,Bulk carrier,189.0,32.0,33044.0,57000.0,9480 KW,12.9,11.1,1583.0,6877.65,0.0
7832,General cargo ship,161.0,27.0,18567.0,24000.0,,15.6,13.4,1371.43,4451.41,6.0
7834,Bulk carrier,177.0,28.0,22866.0,37059.0,,7.8,5.8,1243.9,3379.74,0.0
7838,Container ship,399.0,54.0,176490.0,186650.0,,18.6,16.3,2735.0,43035.59,4.0
7839,Container ship,399.0,54.0,176490.0,184100.0,,21.6,17.9,1823.8,31035.46,4.0
7840,Container ship,399.0,54.0,176490.0,186650.0,,20.4,16.6,3280.9,49312.37,4.0
7841,Container ship,399.0,54.0,176490.0,186541.0,,19.5,12.9,3545.1,52721.65,4.0
7842,Bulk carrier,225.0,32.0,40913.0,75398.0,,14.5,11.4,1251.1,4498.84,0.0
7844,Bulk carrier,249.0,43.0,61677.0,114047.0,16032 KW,13.2,9.4,1920.56,9932.57,0.0
7845,Bulk carrier,189.0,28.0,24196.0,37169.0,7000 KW,17.7,11.1,1783.82,5063.34,0.0
7846,Bulk carrier,189.0,28.0,24196.0,37169.0,,3.4,3.3,1590.2,4552.64,0.0
7847,Ro-pax ship,213.0,32.0,57565.0,6107.0,,20.6,16.5,7577.0,48828.29,11.0
7849,Chemical tanker,138.0,23.0,9465.0,14785.0,,16.0,12.6,1017.67,2948.76,1.0
7850,Bulk carrier,187.0,32.0,32545.0,55705.0,11300 KW,14.6,12.9,604.9,2779.86,0.0
7851,Gas carrier,230.0,36.0,47950.0,55250.0,,21.7,14.9,2433.63,12634.6,5.0
7853,Oil tanker,183.0,32.0,29768.0,49999.0,,14.5,12.5,2044.02,5087.5,8.0
7854,Oil tanker,183.0,32.0,29783.0,49999.0,,13.5,11.4,3217.3,8392.55,8.0
7856,Bulk carrier,189.0,32.0,33042.0,56780.0,,14.7,13.0,844.67,3231.05,0.0
7857,Bulk carrier,189.0,32.0,33042.0,56780.0,,15.4,12.3,669.18,2585.86,0.0
7858,Oil tanker,274.0,50.0,84850.0,164733.0,,15.0,10.8,493.6,2806.05,8.0
7859,Bulk carrier,179.0,30.0,24341.0,34274.0,6900 KW,13.3,10.7,1430.0,3616.43,0.0
7860,Bulk carrier,179.0,30.0,24341.0,34236.0,6900 KW,14.5,11.7,364.4,1122.95,0.0
7861,Bulk carrier,229.0,32.0,44343.0,81490.0,,15.8,11.1,782.61,3377.32,0.0
7862,Oil tanker,179.0,32.0,25864.0,40389.0,,14.3,8.9,3179.0,9311.59,8.0
7863,Oil tanker,179.0,32.0,25949.0,40030.0,,12.4,10.9,3179.8,8817.11,8.0
7864,Combination carrier,180.0,32.0,25923.0,40023.0,,14.7,12.3,3323.2,11772.88,2.0
7865,Bulk carrier,291.0,45.0,93153.0,179227.0,,14.2,10.3,103.0,1166.22,0.0
7866,Oil tanker,250.0,44.0,62255.0,112147.0,,14.2,11.1,74.5,724.19,8.0
7867,Oil tanker,250.0,44.0,62316.0,112081.0,,13.9,12.7,2001.3,11027.15,8.0
7868,Bulk carrier,224.0,32.0,42713.0,80596.0,,14.7,10.5,1803.1,7287.41,0.0
7869,Bulk carrier,225.0,32.0,42608.0,80554.0,,3.5,2.8,406.5,1853.01,0.0
7871,Oil tanker,250.0,44.0,62647.0,112792.0,13490 KW,14.0,11.9,3064.6,13809.69,8.0
7872,Oil tanker,250.0,44.0,62715.0,112691.0,,16.6,12.4,371.4,2132.2,8.0
7877,General cargo ship,179.0,28.0,21828.0,29572.0,,13.7,12.3,3167.76,10344.76,6.0
7878,General cargo ship,179.0,28.0,21828.0,29636.0,,17.2,12.9,177.2,1013.37,6.0
7879,General cargo ship,179.0,28.0,21828.0,29565.0,,14.4,12.5,0.0,0.0,6.0
7880,General cargo ship,179.0,28.0,21828.0,29496.0,,14.2,12.4,1977.41,5902.48,6.0
7881,Bulk carrier,180.0,30.0,22432.0,34067.0,,10.4,7.5,1602.53,4715.73,0.0
7882,Bulk carrier,179.0,28.0,20928.0,32203.0,,12.4,10.6,578.2,1755.43,0.0
7889,General cargo ship,179.0,27.0,20684.0,27352.0,,14.6,12.2,177.49,450.7,6.0
7890,General cargo ship,179.0,27.0,20684.0,27305.0,,12.3,11.3,0.0,0.0,6.0
7891,General cargo ship,179.0,27.0,20684.0,27292.0,,13.0,6.3,390.58,1264.4,6.0
7892,Bulk carrier,229.0,32.0,44025.0,81086.0,,13.2,10.4,0.0,0.0,0.0
7893,Bulk carrier,229.0,32.0,45271.0,81623.0,48000 KW,13.4,8.8,701.5,3215.96,0.0
7894,Bulk carrier,189.0,32.0,32714.0,58223.0,,11.4,8.6,1678.93,5542.29,0.0
7895,Bulk carrier,189.0,32.0,32714.0,58163.0,,15.5,10.9,989.5,3561.53,0.0
7896,General cargo ship,199.0,32.0,37441.0,55400.0,,10.5,8.8,854.2,3077.55,6.0
7897,Bulk carrier,228.0,32.0,43715.0,82235.0,,12.5,8.9,1099.4,4320.7,0.0
7898,Bulk carrier,179.0,30.0,24177.0,37152.0,6350 KW,2.7,2.4,757.1,2229.19,0.0
7899,Bulk carrier,179.0,30.0,24177.0,37145.0,,12.9,10.3,944.7,2418.17,0.0
7900,Bulk carrier,187.0,28.0,22668.0,37452.0,7700 KW,16.7,13.2,1186.2,3566.7,0.0
7901,Bulk carrier,187.0,28.0,22668.0,37000.0,11500 KW,13.3,10.6,760.63,2527.54,0.0
7902,Bulk carrier,187.0,28.0,22668.0,37000.0,7700 KW,13.6,12.3,2243.8,6716.72,0.0
7903,Bulk carrier,187.0,28.0,22668.0,37000.0,7700 KW,14.8,10.5,534.2,2050.43,0.0
7905,Bulk carrier,187.0,28.0,22668.0,37000.0,7700 KW,14.6,12.1,1081.4,3157.42,0.0
7906,Bulk carrier,225.0,32.0,40972.0,74518.0,,12.9,10.4,2802.75,11921.41,0.0
7907,Bulk carrier,225.0,32.0,40972.0,74559.0,,15.2,11.4,2901.72,12213.82,0.0
7909,Ro-ro ship,195.0,30.0,25000.0,12000.0,,17.2,13.9,5165.4,34139.65,12.0
7910,Ro-ro ship,195.0,30.0,33313.0,24485.0,,18.5,14.6,3673.77,18581.08,12.0
7911,Bulk carrier,189.0,32.0,32987.0,57002.0,,14.9,12.2,872.59,3125.54,0.0
7912,Bulk carrier,189.0,32.0,32987.0,57002.0,,14.9,11.3,572.91,2462.38,0.0
7913,Container ship,227.0,37.0,41286.0,51916.0,,20.1,19.1,3469.2,19349.65,4.0
7914,Container ship,227.0,37.0,41286.0,52034.0,,12.1,12.1,3751.3,20680.41,4.0
7915,Bulk carrier,176.0,28.0,21838.0,36261.0,7300 KW,12.3,12.3,936.5,3103.06,0.0
7917,Bulk carrier,176.0,28.0,21699.0,36338.0,,13.0,11.5,1135.44,3855.33,0.0
7922,Bulk carrier,189.0,28.0,24196.0,37141.0,,17.4,13.6,2148.8,6215.02,0.0
7923,Bulk carrier,189.0,28.0,24196.0,37141.0,5219 KW,14.6,10.4,1304.22,4220.67,0.0
7924,General cargo ship,108.0,18.0,5629.0,8053.0,2999 KW,13.1,7.9,3649.65,5718.16,6.0
7925,Bulk carrier,186.0,27.0,22662.0,37215.0,,15.7,11.3,1024.98,3463.2,0.0
7926,Bulk carrier,186.0,27.0,22662.0,37186.0,,14.8,12.1,1778.3,3776.78,0.0
7927,Bulk carrier,186.0,27.0,22662.0,37187.0,,16.3,11.5,2256.0,5531.26,0.0
7928,Bulk carrier,179.0,30.0,24428.0,36728.0,,11.9,6.4,1585.3,4811.1,0.0
7929,Bulk carrier,179.0,30.0,24428.0,36728.0,,11.4,9.5,456.1,1108.27,0.0
7931,Bulk carrier,189.0,32.0,32356.0,58044.0,8400 KW,14.8,10.7,583.9,2422.43,0.0
7932,Bulk carrier,189.0,32.0,32377.0,58044.0,,17.1,10.6,456.8,1780.89,0.0
7933,Bulk carrier,189.0,32.0,32377.0,58044.0,,15.1,11.9,707.7,2629.57,0.0
7934,Oil tanker,249.0,46.0,66818.0,122039.0,,13.7,11.6,3974.33,19484.97,8.0
7935,Oil tanker,249.0,46.0,66818.0,122018.0,11324 KW,15.6,12.1,5885.02,25609.56,8.0
7936,Bulk carrier,189.0,32.0,33456.0,56605.0,,13.2,7.6,1515.0,5279.09,0.0
7937,Bulk carrier,189.0,32.0,33456.0,56708.0,,12.6,10.1,750.0,2413.12,0.0
7938,General cargo ship,137.0,16.0,5223.0,6041.0,1704 KW,9.2,7.4,2537.57,1302.11,6.0
7939,Bulk carrier,180.0,30.0,24166.0,35938.0,,8.4,6.4,1349.0,3965.32,0.0
7940,Bulk carrier,180.0,29.0,24166.0,35964.0,6900 KW,12.9,12.0,1456.0,4487.09,0.0
7942,Bulk carrier,229.0,32.0,45263.0,81531.0,,12.3,10.2,0.0,0.0,0.0
7943,Bulk carrier,229.0,32.0,45263.0,81537.0,,14.8,10.7,0.0,0.0,0.0
7946,Bulk carrier,189.0,32.0,32987.0,56416.0,,7.1,6.1,241.4,849.11,0.0
7948,Bulk carrier,229.0,32.0,43838.0,81874.0,,14.9,11.8,2962.1,9787.14,0.0
7949,Gas carrier,225.0,36.0,47459.0,54842.0,,16.6,12.9,795.35,4355.91,5.0
7951,Oil tanker,274.0,48.0,80427.0,156229.0,16270 KW,16.0,12.5,1109.3,7147.49,8.0
7952,Bulk carrier,180.0,30.0,24212.0,35000.0,,13.2,10.9,2163.7,4934.15,0.0
7953,Bulk carrier,179.0,30.0,24341.0,34205.0,6900 KW,5.7,4.7,3151.0,10539.96,0.0
7954,Bulk carrier,177.0,28.0,22850.0,36570.0,,12.5,8.8,1111.08,3577.44,0.0
7955,Bulk carrier,187.0,27.0,22746.0,36612.0,,15.0,9.8,0.0,0.0,0.0
7956,Bulk carrier,187.0,27.0,22746.0,36746.0,,13.1,10.5,4281.46,10554.88,0.0
7957,Container ship,223.0,34.0,39106.0,48044.0,19620 KW,15.4,9.7,4482.1,31384.2,4.0
7959,Gas carrier,117.0,18.0,5296.0,6044.0,3900 KW,13.1,9.9,1830.98,3339.19,5.0
7960,Container ship,366.0,48.0,143262.0,142024.0,,18.3,15.0,1853.98,21138.04,4.0
7961,Bulk carrier,225.0,32.0,41101.0,75200.0,12012 KW,12.5,9.2,845.06,3726.09,0.0
7963,General cargo ship,199.0,32.0,39009.0,57540.0,,15.5,12.4,2872.4,12899.71,6.0
7965,General cargo ship,199.0,32.0,39009.0,57440.0,,16.0,11.5,218.3,1031.75,6.0
7966,Bulk carrier,189.0,32.0,33032.0,57000.0,,12.4,10.2,292.2,961.06,0.0
7969,General cargo ship,107.0,16.0,5198.0,6000.0,3000 KW,12.8,9.3,8137.0,5450.2,6.0
7970,General cargo ship,107.0,16.0,5198.0,6000.0,,11.8,10.9,5276.0,5799.66,6.0
7971,General cargo ship,107.0,16.0,5198.0,6000.0,3192 KW,15.4,8.6,4719.0,5081.51,6.0
7972,Bulk carrier,228.0,32.0,43884.0,80312.0,,14.4,9.8,2013.05,7585.97,0.0
7973,General cargo ship,166.0,27.0,22362.0,31776.0,6480 KW,15.5,10.6,2542.27,6340.64,6.0
7975,General cargo ship,199.0,32.0,37499.0,55596.0,,14.7,11.4,1762.9,7295.1,6.0
7976,General cargo ship,199.0,32.0,37499.0,55596.0,9474 KW,15.4,10.8,582.8,2203.29,6.0
7977,General cargo ship,199.0,32.0,37499.0,55596.0,,15.3,11.5,1704.9,7480.65,6.0
7978,General cargo ship,199.0,32.0,37499.0,54930.0,,14.7,10.8,1223.4,3936.63,6.0
7979,Bulk carrier,189.0,32.0,31113.0,45308.0,,12.3,9.8,0.0,0.0,0.0
7981,Bulk carrier,229.0,32.0,44407.0,81688.0,,13.1,10.6,1848.5,6412.58,0.0
7982,Passenger ship,329.0,45.0,143730.0,11793.0,,18.2,16.2,691.08,13315.52,9.0
7983,Oil tanker,244.0,42.0,60166.0,109475.0,,15.9,12.9,2145.71,9785.72,8.0
7984,Bulk carrier,189.0,32.0,32355.0,55000.0,,17.3,10.5,1686.0,4869.32,0.0
7985,Bulk carrier,181.0,28.0,20992.0,32809.0,,14.3,12.0,787.0,1605.76,0.0
7986,General cargo ship,181.0,28.0,20992.0,32836.0,,13.1,7.8,270.2,578.89,6.0
7987,Bulk carrier,181.0,28.0,20992.0,32813.0,,14.9,10.1,237.4,640.54,0.0
7988,Bulk carrier,149.0,24.0,12825.0,19968.0,5180 KW,11.0,9.4,2292.21,4525.78,0.0
7991,Bulk carrier,224.0,32.0,41213.0,76118.0,,15.0,10.3,4044.96,17517.0,0.0
7992,Bulk carrier,224.0,32.0,41213.0,75426.0,,15.9,11.4,4724.0,19319.27,0.0
7993,Bulk carrier,291.0,45.0,92727.0,181408.0,18660 KW,15.7,10.6,1330.2,6900.2,0.0
7994,Bulk carrier,199.0,32.0,34795.0,61442.0,,16.0,10.9,769.4,1852.74,0.0
7995,Bulk carrier,199.0,32.0,34795.0,61358.0,,15.1,11.5,591.3,2557.77,0.0
7996,Bulk carrier,199.0,32.0,34794.0,61417.0,,15.9,11.3,322.8,1215.68,0.0
7997,Bulk carrier,169.0,27.0,17019.0,28236.0,,11.4,11.0,2324.59,6562.22,0.0
7998,Bulk carrier,169.0,27.0,17027.0,28214.0,,13.8,12.3,1853.61,4255.43,0.0
7999,Bulk carrier,169.0,27.0,17033.0,28387.0,5850 KW,14.9,11.4,1605.18,3765.13,0.0
8000,Bulk carrier,169.0,27.0,17019.0,28233.0,5850 KW,14.0,12.2,733.45,1585.76,0.0
8001,Bulk carrier,169.0,27.0,17019.0,28420.0,5850 KW,15.6,13.1,2872.42,6602.26,0.0
8002,Bulk carrier,179.0,29.0,23273.0,38109.0,,14.2,10.7,456.05,1261.99,0.0
8003,Bulk carrier,254.0,43.0,64654.0,115169.0,,15.6,11.1,1440.87,5914.14,0.0
8004,Bulk carrier,254.0,43.0,64654.0,115066.0,,12.7,10.0,0.0,0.0,0.0
8005,Bulk carrier,234.0,38.0,50633.0,95746.0,,14.7,12.1,546.7,2772.59,0.0
8006,General cargo ship,177.0,28.0,22866.0,37062.0,,13.5,10.7,763.97,1966.9,6.0
8007,Bulk carrier,229.0,32.0,44980.0,81681.0,,12.7,9.5,663.0,3146.18,0.0
8008,Bulk carrier,229.0,32.0,44980.0,81735.0,,10.5,9.3,600.0,3006.99,0.0
8009,Bulk carrier,197.0,32.0,33126.0,58628.0,,14.7,8.9,549.7,1215.14,0.0
8010,Bulk carrier,157.0,24.0,15545.0,25467.0,5180 KW,14.7,9.9,2313.0,6476.5,0.0
8011,General cargo ship,131.0,18.0,7758.0,11086.0,,12.8,9.0,4817.4,5116.09,6.0
8012,General cargo ship,131.0,18.0,7758.0,11051.0,2970 KW,13.8,10.5,4444.2,4841.03,6.0
8014,Passenger ship,225.0,29.0,42830.0,5285.0,,17.9,16.3,5399.09,29274.85,9.0
8015,Bulk carrier,186.0,27.0,22662.0,37196.0,,12.6,7.9,1013.43,3111.39,0.0
8017,Bulk carrier,186.0,27.0,22662.0,37189.0,,16.3,13.4,2553.52,9538.07,0.0
8018,Chemical tanker,112.0,18.0,6105.0,6239.0,3500 KW,18.5,13.2,4636.8,8470.11,1.0
8019,Bulk carrier,189.0,32.0,32962.0,56639.0,,17.0,11.5,391.34,1552.21,0.0
8020,Bulk carrier,189.0,32.0,28780.0,47522.0,,14.3,11.2,406.63,1219.08,0.0
8022,Bulk carrier,229.0,32.0,43472.0,79501.0,,15.7,11.9,1161.8,4979.83,0.0
8023,Bulk carrier,189.0,32.0,32962.0,56605.0,,14.1,11.3,44.2,207.41,0.0
8024,Bulk carrier,292.0,45.0,93801.0,179816.0,15530 KW,13.8,11.3,1411.6,6377.84,0.0
8025,Chemical tanker,183.0,28.0,22424.0,30345.0,,13.8,11.6,2241.59,7639.13,1.0
8026,Chemical tanker,184.0,20.0,22424.0,30297.0,,15.2,11.9,1418.12,5284.26,1.0
8027,Bulk carrier,189.0,32.0,32846.0,58000.0,,12.1,11.0,1916.1,6385.74,0.0
8028,LNG carrier,155.0,22.0,13501.0,12268.0,7800 KW,19.3,16.1,6570.72,15867.57,7.0
8030,Bulk carrier,229.0,32.0,45263.0,81659.0,,13.8,9.2,1645.0,5858.87,0.0
8031,Oil tanker,183.0,32.0,30312.0,52385.0,,15.7,11.1,800.8,2591.4,8.0
8032,Bulk carrier,189.0,32.0,32962.0,56607.0,,14.7,9.8,0.0,0.0,0.0
8033,Bulk carrier,225.0,32.0,40334.0,75003.0,,13.2,10.4,1003.0,2693.44,0.0
8034,Bulk carrier,189.0,32.0,33042.0,56830.0,,14.2,11.3,963.33,3831.93,0.0
8035,General cargo ship,114.0,22.0,10537.0,8438.0,,15.4,13.1,2480.33,8216.12,6.0
8036,Container ship,300.0,48.0,96375.0,110652.0,,17.7,12.4,1198.0,19343.51,4.0
8037,Container ship,300.0,48.0,96375.0,110725.0,47430 KW,16.0,12.3,1258.9,25450.73,4.0
8038,Container ship,300.0,48.0,95390.0,110617.0,,20.3,19.0,3551.0,53662.17,4.0
8041,General cargo ship,139.0,16.0,5686.0,7240.0,2400 KW,10.1,7.8,399.0,242.58,6.0
8043,Bulk carrier,292.0,45.0,93597.0,179905.0,,14.7,12.2,2165.5,15606.94,0.0
8044,Gas carrier,113.0,19.0,8009.0,8643.0,,13.4,10.3,2275.55,6605.64,5.0
8045,Gas carrier,113.0,20.0,8009.0,8610.0,5071 KW,14.1,11.3,7072.0,9155.39,5.0
8046,Gas carrier,113.0,19.0,8009.0,8644.0,5000 KW,14.8,12.4,4992.2,9552.41,5.0
8047,Container ship,299.0,48.0,94017.0,112516.0,47430 KW,3.2,3.2,3815.0,53855.0,4.0
8048,Container ship,299.0,48.0,94017.0,112516.0,47430 KW,15.0,12.1,3507.22,64843.09,4.0
8049,Container ship,299.0,48.0,94017.0,112516.0,47430 KW,12.2,10.4,3782.2,58220.74,4.0
8050,Container ship,299.0,48.0,94017.0,112516.0,47430 KW,19.4,16.1,2329.0,32568.56,4.0
8051,Container ship,299.0,48.0,94453.0,112044.0,,11.9,8.2,2984.3,41356.07,4.0
8052,Container ship,299.0,48.0,94017.0,112044.0,,16.6,12.4,2845.6,48184.81,4.0
8053,Bulk carrier,229.0,32.0,44557.0,81525.0,10710 KW,15.0,11.5,1099.89,5124.04,0.0
8054,Chemical tanker,183.0,32.0,29593.0,49990.0,,12.8,10.8,1328.2,4480.24,1.0
8055,Chemical tanker,183.0,32.0,29593.0,49990.0,,14.2,11.9,860.5,3127.36,1.0
8057,Bulk carrier,228.0,32.0,45223.0,82629.0,,13.5,10.9,3006.0,11559.35,0.0
8058,Bulk carrier,225.0,32.0,42114.0,76000.0,,17.2,9.2,3106.62,11754.01,0.0
8059,Bulk carrier,225.0,32.0,42114.0,76000.0,,14.4,11.8,1884.16,7081.49,0.0
8060,Bulk carrier,225.0,32.0,42114.0,76000.0,,15.4,11.0,1551.8,6306.46,0.0
8061,Bulk carrier,225.0,32.0,42114.0,76250.0,,15.1,10.4,3001.37,12264.07,0.0
8062,Bulk carrier,179.0,28.0,20954.0,32453.0,,12.2,10.7,2291.0,6675.82,0.0
8063,Container ship,399.0,59.0,194849.0,213971.0,,15.4,7.1,4650.17,77765.25,4.0
8064,Container ship,399.0,59.0,194849.0,213971.0,,17.9,13.5,4321.12,73191.61,4.0
8065,Container ship,399.0,59.0,194849.0,194252.0,,13.9,13.9,4492.23,72142.46,4.0
8066,Container ship,399.0,59.0,194849.0,194435.0,,21.9,18.0,4218.12,65757.76,4.0
8067,Container ship,399.0,59.0,194849.0,213971.0,,21.4,18.9,3493.67,62760.77,4.0
8068,Container ship,399.0,59.0,194849.0,213971.0,,23.7,17.1,4620.33,82733.99,4.0
8069,Container ship,399.0,59.0,194849.0,192800.0,,20.2,15.0,2907.05,45618.37,4.0
8070,Container ship,399.0,59.0,194849.0,213971.0,29680 KW,20.8,13.5,4704.83,82048.16,4.0
8071,Container ship,399.0,59.0,194849.0,213971.0,,19.3,16.6,1507.45,14053.19,4.0
8072,Container ship,399.0,59.0,194849.0,194533.0,,15.2,10.9,4784.37,72711.9,4.0
8073,Bulk carrier,179.0,28.0,20928.0,32046.0,,15.9,9.7,682.0,1854.9,0.0
8074,Bulk carrier,254.0,43.0,64654.0,115118.0,,14.2,10.2,1995.67,8770.32,0.0
8075,Container ship,227.0,37.0,42564.0,52068.0,22840 KW,18.1,14.8,3546.5,25174.58,4.0
8076,Container ship,227.0,37.0,42564.0,52084.0,23000 KW,18.8,14.3,1990.3,10992.05,4.0
8077,General cargo ship,138.0,21.0,9611.0,12634.0,5400 KW,16.2,12.7,3336.56,8014.19,6.0
8078,General cargo ship,138.0,21.0,9611.0,12641.0,5400 KW,14.7,10.2,1723.9,2272.21,6.0
8081,Container/ro-ro cargo ship,220.0,32.0,50714.0,26000.0,12450 KW,15.5,14.6,784.58,2701.52,3.0
8083,Container/ro-ro cargo ship,220.0,32.0,50714.0,26000.0,12450 KW,19.2,15.5,491.15,2103.69,3.0
8084,Container/ro-ro cargo ship,220.0,32.0,50714.0,26000.0,12450 KW,15.2,14.3,896.28,3317.58,3.0
8085,Bulk carrier,189.0,28.0,24196.0,37227.0,,22.0,11.5,832.0,3043.33,0.0
8089,Bulk carrier,295.0,46.0,95086.0,179959.0,,15.8,13.0,2131.65,14111.23,0.0
8090,Bulk carrier,295.0,46.0,95086.0,179965.0,,13.4,11.5,1304.2,8260.54,0.0
8091,Bulk carrier,180.0,30.0,23494.0,33752.0,,14.8,12.1,1085.7,3513.66,0.0
8093,Oil tanker,183.0,32.0,29795.0,49994.0,,15.8,11.9,1557.92,4439.54,8.0
8095,Bulk carrier,189.0,32.0,32987.0,56615.0,,15.7,10.7,765.58,3313.99,0.0
8097,Bulk carrier,189.0,28.0,24167.0,36940.0,,12.2,10.8,1614.15,4075.79,0.0
8101,Bulk carrier,229.0,32.0,44343.0,81398.0,,13.9,12.3,1675.65,8674.97,0.0
8102,Container ship,333.0,48.0,118938.0,124458.0,40670 KW,17.3,14.9,3741.05,35179.04,4.0
8103,Container ship,333.0,48.0,118938.0,124453.0,40670 KW,19.7,18.2,3324.2,15422.75,4.0
8104,Container ship,333.0,48.0,118938.0,124458.0,,18.6,14.0,3445.23,35658.44,4.0
8105,Container ship,333.0,48.0,118938.0,128653.0,40670 KW,18.8,16.4,3576.9,35511.32,4.0
8106,Container ship,333.0,48.0,118938.0,128653.0,,17.5,16.2,3276.88,23238.06,4.0
8107,Container ship,333.0,48.0,118938.0,128653.0,40670 KW,15.2,13.6,3178.6,30197.38,4.0
8108,Bulk carrier,228.0,32.0,43022.0,82146.0,,15.3,11.6,1014.7,3609.56,0.0
8109,Bulk carrier,228.0,32.0,43022.0,82146.0,,13.2,10.6,397.26,1451.39,0.0
8110,Container ship,366.0,48.0,141003.0,144044.0,,15.5,12.0,2713.8,40060.39,4.0
8111,Bulk carrier,229.0,32.0,44332.0,81404.0,,17.3,11.4,494.95,1759.56,0.0
8112,Bulk carrier,124.0,21.0,9984.0,13663.0,,14.0,12.7,1199.3,2400.52,0.0
8113,General cargo ship,131.0,19.0,7370.0,10978.0,,12.9,9.4,3166.91,6396.9,6.0
8114,General cargo ship,131.0,19.0,7370.0,10952.0,,12.8,11.1,4068.08,6612.57,6.0
8115,Bulk carrier,177.0,28.0,22856.0,37054.0,,12.9,10.4,1058.0,5107.84,0.0
8116,Bulk carrier,177.0,28.0,22861.0,37072.0,,14.4,9.8,1778.8,4813.65,0.0
8118,Bulk carrier,229.0,32.0,45148.0,82000.0,10050 KW,14.4,10.6,0.0,0.0,0.0
8119,Bulk carrier,292.0,45.0,94004.0,179120.0,15745 KW,15.8,11.1,1204.3,7833.36,0.0
8120,Bulk carrier,183.0,29.0,24020.0,38503.0,,13.9,11.9,3610.19,10390.64,0.0
8121,Container ship,256.0,37.0,52464.0,63007.0,26689 KW,21.0,16.8,462.7,4215.37,4.0
8122,Bulk carrier,228.0,32.0,43022.0,82146.0,,13.5,10.1,559.11,2304.26,0.0
8123,Bulk carrier,228.0,32.0,43100.0,81811.0,,14.4,12.2,1443.77,6797.14,0.0
8124,Container ship,249.0,37.0,47911.0,55945.0,,18.1,16.3,896.0,5945.73,4.0
8125,Bulk carrier,189.0,32.0,32839.0,58000.0,,11.2,10.2,983.6,4344.8,0.0
8126,Gas carrier,113.0,19.0,8009.0,8641.0,5005 KW,16.3,11.7,1061.05,4790.02,5.0
8127,Gas carrier,113.0,20.0,8009.0,8643.0,7070 KW,13.0,12.0,5384.1,6798.32,5.0
8128,Gas carrier,113.0,19.0,8009.0,8573.0,5005 KW,14.8,13.3,3453.37,9756.84,5.0
8130,Oil tanker,228.0,42.0,57081.0,105543.0,12500 KW,13.7,11.3,3079.9,12312.57,8.0
8131,Oil tanker,228.0,44.0,57081.0,105651.0,1020 KW,14.8,10.3,3079.9,12328.57,8.0
8132,Bulk carrier,229.0,32.0,43987.0,81792.0,,12.5,9.8,4102.3,15275.83,0.0
8133,Bulk carrier,229.0,32.0,43987.0,81792.0,,11.8,8.5,5351.2,20119.56,0.0
8134,Bulk carrier,229.0,32.0,43987.0,81795.0,,11.8,7.1,5154.9,18615.74,0.0
8135,Bulk carrier,229.0,32.0,43987.0,81752.0,,9.7,8.7,2330.3,8349.17,0.0
8136,Bulk carrier,169.0,27.0,17019.0,28195.0,,13.3,8.9,1774.5,4942.12,0.0
8137,Bulk carrier,234.0,38.0,50625.0,95708.0,,15.9,11.7,1278.2,5431.99,0.0
8138,Bulk carrier,291.0,45.0,92758.0,181365.0,,12.6,10.3,1572.5,7240.89,0.0
8140,Chemical tanker,139.0,16.0,5160.0,7334.0,,11.6,7.3,292.24,272.3,1.0
8141,Bulk carrier,169.0,27.0,17027.0,28401.0,,14.4,9.5,1754.1,4307.45,0.0
8142,Bulk carrier,291.0,45.0,92758.0,181529.0,,16.0,11.1,2582.7,14891.65,0.0
8143,Bulk carrier,189.0,32.0,33042.0,57000.0,,14.2,10.8,1884.4,8703.15,0.0
8144,Bulk carrier,179.0,29.0,23264.0,38204.0,,15.0,11.4,873.3,2126.78,0.0
8145,Bulk carrier,199.0,32.0,34777.0,61470.0,,14.9,11.3,477.6,1700.27,0.0
8146,Bulk carrier,229.0,32.0,44592.0,81598.0,,13.4,10.0,722.0,2720.0,0.0
8147,Chemical tanker,149.0,24.0,12374.0,21203.0,,13.0,10.3,792.6,2524.71,1.0
8149,LNG carrier,285.0,43.0,102100.0,82058.0,,17.7,10.2,1432.13,14675.69,7.0
8150,LNG carrier,280.0,43.0,102100.0,82181.0,,12.1,12.1,1203.33,12932.67,7.0
8151,LNG carrier,115.0,16.0,6441.0,6554.0,6000 KW,5.2,3.3,1837.77,3853.4,7.0
8152,Gas carrier,225.0,36.0,47057.0,54000.0,12400 KW,15.3,12.3,699.0,4044.53,5.0
8153,Bulk carrier,179.0,30.0,23638.0,35176.0,6700 KW,15.0,12.8,1644.2,3897.45,0.0
8154,Bulk carrier,179.0,30.0,23638.0,35139.0,,13.0,10.0,774.43,2468.13,0.0
8155,Bulk carrier,179.0,30.0,23638.0,35157.0,6700 KW,13.4,9.4,1060.3,2781.22,0.0
8157,Container ship,255.0,37.0,52467.0,63010.0,27120 KW,20.2,16.5,773.2,4626.51,4.0
8158,Container ship,255.0,37.0,52467.0,63010.0,27120 KW,18.8,13.6,1492.8,9811.73,4.0
8159,Bulk carrier,178.0,28.0,19999.0,31017.0,6232 KW,16.8,13.0,908.4,2476.66,0.0
8160,Bulk carrier,178.0,28.0,19999.0,30124.0,,15.7,11.5,617.33,1828.34,0.0
8161,Bulk carrier,190.0,32.0,33329.0,57700.0,,15.6,12.3,1130.0,4093.05,0.0
8162,Bulk carrier,190.0,32.0,33277.0,57347.0,,13.5,10.4,797.69,2960.36,0.0
8163,Bulk carrier,229.0,32.0,45055.0,82709.0,,12.9,10.1,965.9,3534.53,0.0
8164,Bulk carrier,229.0,32.0,45055.0,82742.0,,13.8,9.7,1846.77,7547.29,0.0
8165,Bulk carrier,189.0,30.0,24504.0,38140.0,,13.5,11.6,623.7,1977.59,0.0
8166,LNG carrier,280.0,43.0,102100.0,82030.0,24680 KW,17.9,12.6,628.47,7569.46,7.0
8167,LNG carrier,280.0,43.0,102100.0,82017.0,,18.4,17.6,1801.15,23095.22,7.0
8168,Container ship,227.0,37.0,41286.0,52038.0,27120 KW,17.9,9.4,3061.78,17065.86,4.0
8169,Container ship,227.0,37.0,41286.0,51950.0,27120 KW,16.4,14.8,3704.9,23075.14,4.0
8170,Bulk carrier,180.0,29.0,24166.0,36041.0,10000 KW,13.7,12.2,1626.0,4855.63,0.0
8172,General cargo ship,123.0,17.0,7227.0,11183.0,3123 KW,12.9,9.1,4514.05,5488.75,6.0
8173,General cargo ship,123.0,17.0,7227.0,10260.0,3000 KW,13.8,10.7,2678.97,3343.5,6.0
8174,General cargo ship,123.0,17.0,7227.0,10150.0,,12.5,10.3,3005.77,3646.59,6.0
8175,LNG carrier,285.0,43.0,98451.0,81846.0,25000 KW,17.1,8.9,895.5,7275.06,7.0
8176,Bulk carrier,186.0,27.0,22664.0,36851.0,,16.3,11.3,979.6,5688.43,0.0
8177,Bulk carrier,186.0,27.0,22664.0,36798.0,8000 KW,18.3,11.0,928.18,2826.18,0.0
8180,Bulk carrier,183.0,27.0,23760.0,37039.0,7860 KW,14.9,11.1,2996.6,7889.0,0.0
8181,Container/ro-ro cargo ship,220.0,32.0,50714.0,26000.0,12450 KW,17.7,12.8,1318.8,5113.86,3.0
8182,Container/ro-ro cargo ship,220.0,32.0,50714.0,26000.0,12600 KW,21.5,15.0,882.7,3191.8,3.0
8184,Bulk carrier,180.0,30.0,24212.0,35856.0,,14.6,10.5,1070.4,3003.43,0.0
8185,Bulk carrier,229.0,32.0,44601.0,81510.0,10770 KW,16.0,11.4,2473.05,9375.18,0.0
8187,Bulk carrier,197.0,32.0,33239.0,58695.0,,12.3,8.9,905.5,3038.49,0.0
8188,Bulk carrier,197.0,32.0,33239.0,58716.0,,14.1,12.0,675.3,2845.57,0.0
8192,Bulk carrier,295.0,45.0,94863.0,179859.0,,12.7,11.0,657.0,3978.6,0.0
8193,Bulk carrier,229.0,32.0,44325.0,81874.0,,12.9,11.4,0.0,0.0,0.0
8194,Container ship,299.0,48.0,96628.0,116384.0,,22.7,15.7,3639.0,43304.79,4.0
8195,Container ship,299.0,48.0,96628.0,115997.0,47430 KW,15.3,11.2,1598.1,21062.73,4.0
8196,Container ship,300.0,48.0,96628.0,116058.0,47430 KW,21.4,18.0,727.9,5342.24,4.0
8197,Container ship,366.0,48.0,141003.0,144043.0,175000 KW,20.9,15.5,1371.5,18111.96,4.0
8198,Container ship,366.0,48.0,141003.0,144162.0,,20.3,15.6,2593.1,36152.56,4.0
8200,Bulk carrier,229.0,32.0,44422.0,81546.0,,14.8,10.3,1535.3,6232.41,0.0
8201,Bulk carrier,180.0,30.0,23495.0,35177.0,,14.6,9.4,510.8,1577.74,0.0
8203,Oil tanker,275.0,46.0,80850.0,123166.0,,14.6,10.6,3423.93,27519.02,8.0
8204,Bulk carrier,199.0,32.0,33736.0,58002.0,,13.7,11.5,255.53,971.17,0.0
8206,Bulk carrier,229.0,32.0,44647.0,81964.0,,12.3,10.8,966.67,4105.88,0.0
8207,Bulk carrier,229.0,32.0,44647.0,81964.0,11900 KW,14.8,11.2,965.28,3974.61,0.0
8208,Container ship,334.0,45.0,99998.0,104555.0,,22.3,15.4,322.5,3859.35,4.0
8209,Container ship,270.0,42.0,69809.0,80578.0,27060 KW,19.6,17.0,2564.9,26764.57,4.0
8210,Container ship,270.0,42.0,69809.0,80551.0,27060 KW,17.6,15.8,519.8,5574.03,4.0
8211,Chemical tanker,183.0,32.0,29983.0,49998.0,,9.4,8.5,0.0,0.0,1.0
8212,Chemical tanker,183.0,32.0,29925.0,50660.0,9019 KW,6.8,6.8,2189.3,6801.57,1.0
8213,Chemical tanker,183.0,32.0,29925.0,50660.0,,12.3,7.6,2622.0,9379.49,1.0
8214,Chemical tanker,183.0,32.0,29925.0,50660.0,,14.7,11.3,1863.0,7816.63,1.0
8215,Chemical tanker,183.0,32.0,29925.0,50660.0,,12.2,10.3,728.6,2259.0,1.0
8216,LNG carrier,288.0,44.0,100236.0,84565.0,24900 KW,20.2,15.7,2427.2,29110.8,7.0
8217,LNG carrier,288.0,44.0,100236.0,84585.0,24900 KW,20.7,14.1,2580.75,25969.12,7.0
8218,Bulk carrier,225.0,32.0,40913.0,75474.0,,13.8,11.5,823.7,3026.11,0.0
8219,Bulk carrier,225.0,32.0,41073.0,75397.0,,12.8,11.2,1112.6,3882.18,0.0
8220,Chemical tanker,183.0,32.0,29983.0,49994.0,,13.7,12.1,2675.07,6436.57,1.0
8223,Oil tanker,183.0,32.0,29725.0,49990.0,,14.1,12.8,1048.4,3233.34,8.0
8224,Oil tanker,183.0,32.0,29708.0,49990.0,,14.0,12.8,979.97,3028.53,8.0
8225,Oil tanker,183.0,32.0,29708.0,49990.0,,16.3,11.3,3301.54,10142.51,8.0
8226,Oil tanker,183.0,32.0,29725.0,49990.0,8890 KW,13.8,12.4,1674.9,5871.02,8.0
8227,LNG carrier,299.0,45.0,113876.0,93486.0,,17.7,14.4,511.0,6019.23,7.0
8228,General cargo ship,116.0,18.0,6601.0,8232.0,2500 KW,10.0,9.2,2598.73,2693.04,6.0
8229,LNG carrier,299.0,45.0,113876.0,93152.0,,18.9,12.8,1996.17,25598.05,7.0
8230,Oil tanker,275.0,46.0,80850.0,123166.0,,11.9,7.4,2915.12,24379.9,8.0
8231,Bulk carrier,228.0,32.0,44009.0,81336.0,,14.9,10.9,514.4,2172.1,0.0
8232,Container ship,336.0,48.0,112967.0,115086.0,,15.6,12.9,647.6,6509.91,4.0
8233,Bulk carrier,229.0,32.0,43990.0,81285.0,,14.2,10.7,0.0,0.0,0.0
8234,Bulk carrier,189.0,32.0,32839.0,58000.0,,14.4,11.0,1311.25,4852.75,0.0
8236,General cargo ship,142.0,15.0,7367.0,11850.0,2970 KW,11.3,6.8,3374.0,3627.05,6.0
8238,General cargo ship,118.0,15.0,5751.0,8096.0,2990 KW,13.1,10.0,1470.53,1997.63,6.0
8239,General cargo ship,117.0,16.0,5667.0,8137.0,2995 KW,12.4,8.2,2532.4,3350.79,6.0
8240,General cargo ship,118.0,28.0,5667.0,8096.0,2995 KW,14.7,12.5,4444.1,5339.45,6.0
8241,General cargo ship,118.0,16.0,5667.0,8200.0,2995 KW,15.6,10.8,4480.7,5895.51,6.0
8242,Chemical tanker,183.0,27.0,24507.0,39310.0,,14.3,12.6,3647.39,11412.63,1.0
8243,Gas carrier,229.0,37.0,46949.0,54070.0,,17.8,13.1,1436.2,9036.55,5.0
8244,Ro-pax ship,147.0,18.0,5700.0,2710.0,,12.6,11.8,1828.0,5996.02,11.0
8245,Ro-ro ship,99.0,18.0,6694.0,2530.0,,13.9,9.3,4035.25,4559.89,12.0
8246,Container ship,397.0,51.0,167658.0,177408.0,,17.3,11.0,1804.78,28323.64,4.0
8247,Container ship,397.0,51.0,169423.0,176727.0,,11.2,11.2,1094.76,14462.55,4.0
8248,Container ship,397.0,51.0,169423.0,176727.0,,16.2,11.8,2518.77,37024.11,4.0
8249,Container ship,397.0,51.0,169423.0,176727.0,63210 KW,9.7,6.9,1190.19,20100.64,4.0
8250,Container ship,397.0,51.0,169423.0,176727.0,,21.4,17.3,1276.7,16820.93,4.0
8251,Container ship,397.0,51.0,169423.0,176727.0,,22.4,16.6,1649.16,23206.48,4.0
8252,Container ship,397.0,51.0,168423.0,176727.0,63910 KW,19.5,12.8,2740.35,33622.54,4.0
8253,Container ship,397.0,51.0,168423.0,176727.0,97000 KW,16.9,11.3,1870.59,26253.66,4.0
8254,Container ship,399.0,60.0,194849.0,194916.0,,14.8,12.3,3340.47,47028.52,4.0
8255,Container ship,399.0,59.0,194849.0,194679.0,58800 KW,22.9,17.5,4324.6,72221.73,4.0
8256,Container ship,399.0,59.0,194849.0,194790.0,59360 KW,22.3,16.8,3371.5,53979.07,4.0
8257,Container ship,399.0,60.0,194849.0,194690.0,,20.5,17.3,3381.52,40372.69,4.0
8258,Container ship,399.0,60.0,194849.0,214733.0,46600 KW,13.6,9.6,3294.05,48287.41,4.0
8259,Container ship,399.0,59.0,194849.0,214733.0,,21.9,18.2,2884.58,40151.72,4.0
8260,Container ship,399.0,59.0,194849.0,214733.0,,21.4,19.6,2176.77,22301.71,4.0
8261,Container ship,399.0,59.0,194849.0,196000.0,,24.6,18.2,2954.55,43489.28,4.0
8262,Container ship,399.0,59.0,194849.0,196000.0,,12.7,8.8,4568.27,66441.38,4.0
8263,Container ship,399.0,59.0,194849.0,214733.0,,20.2,17.1,3750.4,68585.77,4.0
8264,Container ship,328.0,52.0,109712.0,115019.0,,19.9,12.6,4496.63,56495.73,4.0
8265,Container ship,328.0,45.0,109712.0,115024.0,51070 KW,22.0,17.1,4406.97,55764.73,4.0
8266,Bulk carrier,189.0,32.0,32962.0,56625.0,,13.2,10.7,1718.75,6105.66,0.0
8267,Bulk carrier,189.0,32.0,32962.0,56637.0,,13.0,11.1,0.0,0.0,0.0
8268,Bulk carrier,189.0,32.0,32962.0,56621.0,,14.6,10.3,208.0,679.57,0.0
8269,Bulk carrier,189.0,32.0,32962.0,56621.0,,16.2,11.7,318.67,1225.76,0.0
8270,Bulk carrier,189.0,32.0,32962.0,56625.0,,17.5,12.3,620.8,2358.24,0.0
8271,Container ship,249.0,37.0,51032.0,62448.0,,21.0,13.7,246.52,1677.25,4.0
8272,Bulk carrier,189.0,32.0,33032.0,57000.0,,14.2,10.7,1106.0,4741.04,0.0
8273,Bulk carrier,229.0,32.0,44336.0,81354.0,,12.9,10.9,1514.25,6242.65,0.0
8275,Bulk carrier,234.0,38.0,50626.0,95711.0,,17.2,11.9,3170.59,13936.36,0.0
8276,LNG carrier,294.0,44.0,103928.0,89671.0,,17.7,16.1,967.0,6664.08,7.0
8278,Bulk carrier,179.0,29.0,23264.0,38233.0,,14.7,11.6,840.6,2306.13,0.0
8280,Bulk carrier,229.0,32.0,43990.0,81404.0,,15.6,10.8,0.0,0.0,0.0
8281,Bulk carrier,229.0,32.0,43990.0,81386.0,9800 KW,13.5,11.6,1957.78,7029.45,0.0
8283,LNG carrier,288.0,45.0,105773.0,90349.0,,21.6,17.8,1117.17,7532.68,7.0
8284,Container ship,333.0,48.0,119441.0,131095.0,40670 KW,18.1,12.2,2514.3,34340.32,4.0
8285,Container ship,333.0,48.0,118938.0,124426.0,40670 KW,19.5,13.7,3093.6,41380.5,4.0
8286,Container ship,333.0,48.0,118938.0,124426.0,40670 KW,14.8,14.8,850.41,13777.99,4.0
8287,Container ship,333.0,48.0,119441.0,131095.0,40670 KW,17.1,11.8,839.81,11606.19,4.0
8289,LNG carrier,285.0,43.0,98075.0,81982.0,,18.1,10.2,819.02,7886.08,7.0
8290,LNG carrier,285.0,43.0,98075.0,81852.0,,18.8,14.3,485.5,5007.92,7.0
8292,Bulk carrier,229.0,32.0,43974.0,81762.0,,11.9,10.3,1842.6,6686.12,0.0
8293,Bulk carrier,179.0,28.0,22434.0,35000.0,6480 KW,11.5,8.0,2348.92,7733.04,0.0
8295,LNG carrier,280.0,43.0,102200.0,82200.0,,15.6,15.6,1361.82,11456.35,7.0
8296,Bulk carrier,179.0,30.0,24793.0,37700.0,6599 KW,11.3,9.3,1451.9,3708.9,0.0
8297,Bulk carrier,179.0,30.0,24793.0,37693.0,,12.6,10.2,2196.0,5775.92,0.0
8298,Container ship,270.0,42.0,71000.0,80163.0,33670 KW,12.8,10.3,2617.5,20877.08,4.0
8300,Container ship,270.0,42.0,71021.0,80274.0,33670 KW,14.4,12.1,3895.38,48747.48,4.0
8301,Container ship,270.0,42.0,71021.0,80274.0,33670 KW,21.4,17.8,4143.08,48404.06,4.0
8303,Bulk carrier,179.0,29.0,23264.0,38037.0,,12.6,11.5,963.9,3003.34,0.0
8305,Chemical tanker,183.0,32.0,29939.0,49999.0,8910 KW,14.9,9.8,3918.38,12996.33,1.0
8306,Oil tanker,183.0,32.0,29737.0,49999.0,7240 KW,13.5,10.1,1582.8,4297.11,8.0
8307,Oil tanker,183.0,32.0,29737.0,49999.0,7240 KW,13.9,9.8,634.0,1866.43,8.0
8308,Oil tanker,183.0,31.0,29737.0,49999.0,7200 KW,15.0,12.1,1109.1,3389.21,8.0
8309,Oil tanker,183.0,32.0,29737.0,49999.0,7240 KW,12.0,11.5,1507.8,4644.98,8.0
8310,Bulk carrier,189.0,32.0,32839.0,58000.0,8700 KW,15.3,10.8,883.56,3229.1,0.0
8311,Bulk carrier,199.0,32.0,33937.0,60830.0,,7.8,5.9,2119.1,6792.44,0.0
8312,Oil tanker,184.0,27.0,23297.0,37538.0,,13.1,10.8,2314.8,7274.88,8.0
8313,Oil tanker,184.0,27.0,23297.0,37538.0,8277 KW,14.3,12.3,3305.37,8951.32,8.0
8314,LNG carrier,294.0,44.0,103905.0,89624.0,26250 KW,18.4,10.2,693.48,9971.57,7.0
8315,LNG carrier,294.0,44.0,103902.0,89752.0,28250 KW,16.4,14.3,666.7,6942.87,7.0
8316,LNG carrier,294.0,44.0,103885.0,89874.0,,19.2,14.1,64.0,468.05,7.0
8317,LNG carrier,294.0,44.0,103885.0,89804.0,28250 KW,19.6,17.2,1563.91,17219.55,7.0
8318,LNG carrier,280.0,43.0,102097.0,81890.0,12700 KW,18.3,14.1,1188.77,12170.84,7.0
8319,LNG carrier,280.0,43.0,102097.0,81891.0,,18.5,8.9,2461.37,24149.9,7.0
8320,Passenger ship,305.0,37.0,133019.0,11118.0,,20.2,17.9,1925.38,45422.63,9.0
8321,Bulk carrier,229.0,32.0,44669.0,82092.0,,15.7,11.1,861.3,2731.84,0.0
8322,Passenger ship,299.0,37.0,125572.0,9200.0,,17.9,11.9,3370.48,46527.45,9.0
8323,Passenger ship,299.0,37.0,125572.0,9200.0,,18.4,14.8,3287.8,45267.94,9.0
8325,Chemical tanker,183.0,32.0,29622.0,51565.0,8890 KW,15.6,12.9,313.4,838.2,1.0
8326,Bulk carrier,179.0,30.0,23433.0,35977.0,6400 KW,16.3,12.5,1464.4,3909.75,0.0
8327,LNG carrier,280.0,43.0,102200.0,81534.0,,21.0,13.4,2832.12,20282.4,7.0
8328,Bulk carrier,190.0,32.0,31760.0,57200.0,9480 KW,13.8,11.9,3195.28,8201.32,0.0
8329,Bulk carrier,179.0,28.0,22402.0,35031.0,,12.7,10.7,3243.6,9808.74,0.0
8330,LNG carrier,289.0,46.0,105943.0,89956.0,,21.7,18.0,4586.88,41042.64,7.0
8331,LNG carrier,289.0,45.0,105943.0,89848.0,27846 KW,19.8,15.1,4364.3,42879.77,7.0
8332,Bulk carrier,189.0,32.0,31770.0,56025.0,,16.9,9.6,489.65,1449.04,0.0
8333,Bulk carrier,179.0,30.0,25303.0,39202.0,,13.3,11.2,1319.58,3318.17,0.0
8336,Bulk carrier,225.0,32.0,40329.0,74867.0,,13.9,10.6,369.5,1285.97,0.0
8337,Bulk carrier,179.0,30.0,23405.0,36000.0,,14.2,10.2,740.8,2067.81,0.0
8342,Bulk carrier,179.0,27.0,20886.0,27263.0,,17.0,12.1,717.3,2445.7,0.0
8343,General cargo ship,119.0,14.0,5065.0,8565.0,2665 KW,13.2,10.0,4887.33,5642.56,6.0
8344,General cargo ship,119.0,14.0,5065.0,8660.0,2665 KW,14.8,10.3,4812.17,5398.91,6.0
8345,General cargo ship,119.0,14.0,5065.0,8400.0,2665 KW,13.8,12.2,4295.13,5209.75,6.0
8346,General cargo ship,119.0,14.0,5065.0,8660.0,2665 KW,11.2,10.0,4096.85,4664.73,6.0
8347,General cargo ship,119.0,14.0,5065.0,8660.0,2665 KW,15.7,9.4,4137.0,4687.17,6.0
8348,General cargo ship,119.0,14.0,5065.0,8660.0,2665 KW,11.6,6.4,4557.48,5331.58,6.0
8349,LNG carrier,285.0,45.0,98075.0,81855.0,25000 KW,20.2,13.6,1413.0,12567.61,7.0
8350,LNG carrier,285.0,43.0,98075.0,82023.0,,18.9,17.3,808.02,5945.0,7.0
8352,Bulk carrier,183.0,29.0,24020.0,38436.0,,13.4,9.4,1060.0,3519.77,0.0
8356,Bulk carrier,179.0,29.0,23232.0,35240.0,,12.8,10.5,161.5,519.27,0.0
8357,Bulk carrier,179.0,29.0,23232.0,35244.0,,13.0,11.6,1790.83,5264.91,0.0
8358,Bulk carrier,179.0,29.0,23232.0,35200.0,,13.9,8.8,577.5,1414.16,0.0
8359,LNG carrier,280.0,43.0,102097.0,81893.0,25400 KW,19.6,12.5,1063.88,9315.47,7.0
8360,Chemical tanker,141.0,24.0,11733.0,19802.0,,15.0,11.0,3234.28,7666.45,1.0
8361,Chemical tanker,141.0,24.0,11733.0,19801.0,6230 KW,15.8,14.1,1739.75,5528.4,1.0
8362,Chemical tanker,141.0,24.0,11733.0,19803.0,6230 KW,12.4,7.6,2608.98,6330.32,1.0
8364,Chemical tanker,141.0,24.0,11733.0,19804.0,6400 KW,13.6,10.4,1820.4,5056.41,1.0
8365,LNG carrier,288.0,45.0,105945.0,91515.0,,20.2,13.4,3932.5,27482.79,7.0
8366,Oil tanker,140.0,16.0,5075.0,7022.0,2400 KW,7.1,7.1,852.34,995.27,8.0
8368,Oil tanker,140.0,16.0,5075.0,7031.0,2400 KW,9.1,7.7,1065.07,1336.43,8.0
8369,Oil tanker,140.0,16.0,5075.0,7032.0,,10.3,5.5,377.33,553.24,8.0
8370,Oil tanker,140.0,16.0,5075.0,7036.0,2400 KW,9.2,7.0,1529.58,1717.07,8.0
8371,Oil tanker,140.0,16.0,5075.0,7017.0,2400 KW,9.1,8.7,330.91,341.83,8.0
8372,Chemical tanker,140.0,16.0,5075.0,7020.0,2400 KW,12.4,9.1,1578.33,1371.68,1.0
8373,Bulk carrier,197.0,32.0,33084.0,58648.0,,6.2,5.2,692.68,2826.95,0.0
8375,Container ship,270.0,42.0,71021.0,80277.0,33670 KW,20.3,18.6,4018.5,51719.8,4.0
8376,Container ship,270.0,42.0,71021.0,80295.0,33700 KW,10.1,10.1,3781.6,45469.36,4.0
8377,Container ship,140.0,23.0,10119.0,11811.0,,17.3,14.8,4580.57,19666.17,4.0
8378,Bulk carrier,189.0,32.0,33049.0,56716.0,,14.3,10.1,395.6,1513.58,0.0
8379,Bulk carrier,189.0,32.0,33049.0,56704.0,,13.1,8.9,529.4,2289.17,0.0
8380,Bulk carrier,189.0,32.0,33049.0,56816.0,,14.0,11.8,2286.7,8550.67,0.0
8381,Passenger ship,293.0,42.0,99526.0,7900.0,48000 KW,12.1,12.1,3506.7,29611.58,9.0
8382,Bulk carrier,169.0,27.0,17019.0,28348.0,,13.6,9.9,1139.0,2667.14,0.0
8383,Bulk carrier,179.0,29.0,23239.0,38182.0,,12.3,8.0,3985.34,9091.85,0.0
8384,Bulk carrier,169.0,27.0,17027.0,28202.0,,14.7,12.1,439.42,948.59,0.0
8385,Bulk carrier,169.0,27.0,17019.0,28207.0,,10.2,5.5,1213.5,2557.02,0.0
8386,Bulk carrier,169.0,27.0,17027.0,28397.0,,13.5,11.5,1396.85,3603.75,0.0
8388,Bulk carrier,179.0,29.0,23264.0,38246.0,,15.4,12.0,1904.3,5016.91,0.0
8389,Bulk carrier,199.0,32.0,34815.0,61381.0,,13.3,10.2,1610.4,6094.31,0.0
8390,Bulk carrier,199.0,32.0,34794.0,61446.0,,15.6,10.8,823.35,3494.21,0.0
8391,Bulk carrier,225.0,32.0,41091.0,75124.0,8833 KW,14.6,9.9,1615.88,4948.95,0.0
8393,Bulk carrier,225.0,32.0,41104.0,75200.0,,14.9,9.8,2859.88,10615.07,0.0
8394,Ro-ro ship,160.0,27.0,23673.0,12026.0,,19.4,14.0,3396.0,17142.33,12.0
8395,Ro-ro ship,160.0,27.0,23673.0,12049.0,,19.9,15.1,3576.0,14733.82,12.0
8396,Bulk carrier,229.0,32.0,44543.0,82096.0,,12.4,10.1,446.09,2007.17,0.0
8397,Bulk carrier,229.0,32.0,44543.0,81200.0,,15.9,9.6,1228.7,4940.83,0.0
8400,Bulk carrier,189.0,32.0,31756.0,56042.0,,13.8,8.9,520.75,2310.41,0.0
8401,Bulk carrier,189.0,32.0,31756.0,56047.0,,16.3,13.1,1768.17,6282.21,0.0
8402,General cargo ship,145.0,22.0,9071.0,12107.0,3000 KW,31.2,31.2,1856.27,2325.37,6.0
8404,Bulk carrier,229.0,32.0,43673.0,81521.0,,11.0,10.3,376.2,1491.57,0.0
8405,Bulk carrier,229.0,32.0,43673.0,81497.0,,12.0,10.3,927.6,2260.31,0.0
8406,Bulk carrier,177.0,28.0,22866.0,37084.0,,14.2,12.0,1322.2,4061.02,0.0
8407,Bulk carrier,228.0,32.0,43008.0,81902.0,,15.9,10.5,795.7,2741.95,0.0
8409,Bulk carrier,179.0,30.0,23462.0,36612.0,,13.1,10.1,1642.5,4395.76,0.0
8410,Bulk carrier,237.0,40.0,54486.0,95263.0,10300 KW,17.0,11.4,4999.5,21306.46,0.0
8411,Bulk carrier,237.0,40.0,54486.0,95263.0,10300 KW,10.0,8.5,6376.2,20208.72,0.0
8412,Bulk carrier,237.0,40.0,54486.0,95263.0,,16.2,11.4,1125.3,4886.37,0.0
8413,Bulk carrier,189.0,32.0,32983.0,56526.0,,11.7,10.6,1031.0,4477.17,0.0
8415,Bulk carrier,176.0,28.0,21158.0,33471.0,,14.0,11.2,1750.1,3626.0,0.0
8416,Bulk carrier,199.0,32.0,35812.0,63200.0,,13.5,10.2,1170.7,4408.76,0.0
8417,Chemical tanker,183.0,32.0,30201.0,51409.0,,13.4,9.2,1100.7,3741.06,1.0
8418,Bulk carrier,159.0,24.0,15732.0,22983.0,5180 KW,14.0,12.9,1684.07,4081.6,0.0
8419,Chemical tanker,183.0,27.0,24494.0,39316.0,,12.3,10.6,3075.18,8534.11,1.0
8420,Bulk carrier,190.0,32.0,31590.0,55160.0,,13.1,10.7,1368.8,5049.94,0.0
8421,General cargo ship,199.0,32.0,37441.0,56023.0,9474 KW,12.5,10.1,893.6,3705.67,6.0
8422,Bulk carrier,210.0,36.0,42744.0,70927.0,,15.4,11.3,3013.0,10772.37,0.0
8423,Bulk carrier,199.0,32.0,36295.0,63548.0,,14.5,11.0,440.0,1788.51,0.0
8424,Oil tanker,140.0,16.0,5075.0,6980.0,2400 KW,10.1,7.7,2551.39,3626.14,8.0
8425,Oil tanker,140.0,16.0,5075.0,7026.0,2400 KW,10.7,8.3,177.91,219.04,8.0
8426,Oil tanker,140.0,16.0,5075.0,7025.0,2400 KW,9.1,7.7,2853.5,3356.21,8.0
8427,Oil tanker,140.0,16.0,5075.0,7026.0,2400 KW,6.2,6.2,1410.84,2487.04,8.0
8428,Chemical tanker,140.0,16.0,5075.0,7013.0,3039 KW,11.0,7.8,1137.58,1183.1,1.0
8429,Oil tanker,140.0,16.0,5075.0,7025.0,,9.5,8.4,42.25,59.84,8.0
8430,Chemical tanker,140.0,16.0,5075.0,7016.0,,13.3,7.7,854.57,739.91,1.0
8431,Oil tanker,140.0,16.0,5075.0,7031.0,2400 KW,8.0,7.6,1063.25,1366.54,8.0
8433,Oil tanker,140.0,16.0,5075.0,7030.0,2400 KW,10.2,7.8,391.59,421.87,8.0
8434,Ro-ro ship,,,,,,18.5,15.3,5102.8,24756.27,12.0
8435,Oil tanker,,,,,,15.0,11.4,3382.2,14888.29,8.0
8436,Oil tanker,,,,,,11.9,9.3,1796.5,7255.48,8.0
8437,Oil tanker,274.0,48.0,81349.0,158888.0,,8.2,8.2,1847.6,8319.38,8.0
8438,Oil tanker,,,,,,15.1,11.5,2981.9,15078.84,8.0
8439,Oil tanker,183.0,32.0,29715.0,49990.0,10680 KW,15.6,12.5,2673.85,8134.82,8.0
8440,LNG carrier,288.0,44.0,100236.0,84604.0,24900 KW,17.3,10.8,2138.65,19325.75,7.0
8441,Bulk carrier,229.0,32.0,44090.0,81162.0,,14.9,10.4,1754.79,7755.17,0.0
8443,Bulk carrier,224.0,32.0,41605.0,75614.0,11300 KW,15.7,12.6,2567.84,9615.88,0.0
8444,Bulk carrier,180.0,30.0,24247.0,36062.0,,15.7,10.6,461.0,1364.34,0.0
8445,Bulk carrier,180.0,30.0,24247.0,36067.0,6350 KW,12.6,9.9,521.0,1284.52,0.0
8447,Bulk carrier,180.0,30.0,24247.0,36064.0,,9.6,5.4,1799.17,4403.67,0.0
8448,Bulk carrier,180.0,30.0,24247.0,36071.0,,12.9,11.1,0.0,0.0,0.0
8449,Bulk carrier,180.0,30.0,24247.0,36055.0,,11.4,9.8,923.4,2726.48,0.0
8450,Bulk carrier,179.0,30.0,24210.0,35000.0,7500 KW,13.8,11.8,1542.85,4362.38,0.0
8451,Bulk carrier,199.0,32.0,35812.0,63351.0,8700 KW,15.2,8.9,468.0,1508.53,0.0
8452,Bulk carrier,180.0,30.0,24187.0,35783.0,6350 KW,10.5,9.0,2295.5,6595.6,0.0
8453,Bulk carrier,180.0,30.0,24187.0,35713.0,6350 KW,13.6,6.8,1015.69,2860.05,0.0
8455,Container ship,399.0,54.0,176490.0,186766.0,,7.2,7.2,1288.3,18056.43,4.0
8456,Container ship,399.0,54.0,176490.0,186650.0,,18.8,9.6,1116.0,16031.51,4.0
8458,Bulk carrier,178.0,28.0,19999.0,30900.0,6232 KW,14.4,10.6,1498.39,3002.68,0.0
8459,Bulk carrier,179.0,30.0,24641.0,39848.0,,13.4,10.2,452.2,1683.78,0.0
8460,Bulk carrier,179.0,30.0,24641.0,40000.0,6050 KW,7.6,7.6,695.2,2161.49,0.0
8461,Bulk carrier,179.0,30.0,24641.0,40000.0,6050 KW,13.4,11.6,330.4,808.5,0.0
8462,General cargo ship,138.0,16.0,5266.0,6171.0,1764 KW,9.3,6.4,246.45,121.83,6.0
8466,Bulk carrier,299.0,50.0,108151.0,208086.0,,13.0,10.8,1324.7,8075.61,0.0
8467,Bulk carrier,197.0,32.0,33193.0,58342.0,11573 KW,13.9,10.3,880.8,1332.26,0.0
8468,Bulk carrier,187.0,27.0,22709.0,36765.0,,14.7,10.5,623.38,2284.96,0.0
8469,Bulk carrier,187.0,27.0,22709.0,36746.0,,14.1,10.8,1232.93,3420.03,0.0
8470,Bulk carrier,187.0,27.0,22709.0,37587.0,6000 KW,11.5,9.6,415.6,0.0,0.0
8471,Oil tanker,257.0,44.0,66038.0,111634.0,,15.3,9.0,3375.65,17072.27,8.0
8472,Bulk carrier,229.0,32.0,44138.0,81700.0,,11.8,10.6,1046.82,3836.14,0.0
8473,LNG carrier,290.0,46.0,106771.0,89766.0,23000 KW,18.3,14.5,2815.4,22599.42,7.0
8475,Bulk carrier,182.0,30.0,22868.0,34919.0,7654 KW,14.5,12.6,1984.27,5759.65,0.0
8480,General cargo ship,143.0,21.0,12262.0,17500.0,6480 KW,13.2,11.1,2935.24,6249.45,6.0
8481,General cargo ship,143.0,21.0,12262.0,17500.0,,12.3,8.7,1466.3,2751.5,6.0
8482,LNG carrier,289.0,45.0,105773.0,90392.0,,15.3,12.9,701.23,5774.6,7.0
8483,LNG carrier,289.0,45.0,105773.0,90494.0,,17.4,15.3,1599.55,10335.44,7.0
8484,Bulk carrier,199.0,32.0,36353.0,63478.0,,14.3,10.5,565.27,1889.08,0.0
8485,Passenger ship,228.0,28.0,47842.0,4912.0,,18.3,15.2,1197.25,15478.73,9.0
8486,Passenger ship,228.0,34.0,47842.0,4826.0,39500 KW,11.3,10.5,2578.33,29784.91,9.0
8487,General cargo ship,144.0,15.0,7680.0,12004.0,,13.2,11.3,4453.0,6110.0,6.0
8488,Chemical tanker,183.0,32.0,29708.0,49990.0,,14.2,10.6,0.0,0.0,1.0
8490,Bulk carrier,225.0,32.0,41104.0,75200.0,8833 KW,12.8,9.8,2075.98,8132.04,0.0
8492,Bulk carrier,229.0,32.0,44980.0,81644.0,8900 KW,11.8,9.3,532.0,2520.7,0.0
8493,Bulk carrier,199.0,32.0,34815.0,61353.0,,14.3,12.2,775.0,2458.16,0.0
8494,Bulk carrier,169.0,27.0,17025.0,28396.0,5850 KW,12.9,6.9,1276.0,3057.08,0.0
8495,Bulk carrier,199.0,32.0,34801.0,61410.0,,14.8,11.9,394.1,1550.71,0.0
8500,General cargo ship,181.0,28.0,20992.0,32702.0,,14.3,12.5,584.19,1713.43,6.0
8501,Gas carrier,119.0,20.0,7891.0,8562.0,,15.3,12.2,2798.1,6046.85,5.0
8502,Gas carrier,119.0,20.0,7891.0,8576.0,,16.1,12.6,987.0,3128.64,5.0
8503,LNG carrier,294.0,43.0,109844.0,93663.0,,16.5,9.0,717.25,7325.67,7.0
8504,General cargo ship,152.0,22.0,11594.0,16717.0,,13.1,11.8,3129.19,7035.5,6.0
8505,Container ship,255.0,37.0,48385.0,62246.0,,20.0,14.0,330.2,2775.12,4.0
8506,Chemical tanker,183.0,32.0,29993.0,49452.0,,16.0,10.4,2384.3,6389.71,1.0
8507,Chemical tanker,183.0,32.0,29993.0,49466.0,9480 KW,13.3,9.3,952.6,3089.27,1.0
8508,Oil tanker,183.0,32.0,29993.0,49478.0,,14.7,10.7,1441.9,4411.45,8.0
8509,Chemical tanker,183.0,32.0,29993.0,49494.0,,13.1,8.2,1877.4,6412.98,1.0
8510,LNG carrier,289.0,45.0,105832.0,79602.0,,19.1,14.2,598.75,8287.98,7.0
8511,LNG carrier,288.0,45.0,105832.0,90580.0,,18.5,13.0,3367.33,30217.96,7.0
8512,Oil tanker,183.0,32.0,30037.0,49420.0,,14.3,11.1,783.5,2425.09,8.0
8513,LNG carrier,299.0,45.0,113876.0,93508.0,34000 KW,21.2,17.3,702.5,7559.06,7.0
8514,LNG carrier,299.0,45.0,113876.0,93585.0,,18.2,13.3,658.08,6225.29,7.0
8515,LNG carrier,280.0,43.0,102100.0,82005.0,,15.5,9.9,1821.63,19489.8,7.0
8516,Bulk carrier,180.0,32.0,24163.0,36056.0,,13.9,10.6,2036.0,5428.52,0.0
8518,Bulk carrier,179.0,28.0,21174.0,33343.0,,12.5,10.7,1035.0,3241.49,0.0
8519,LNG carrier,289.0,46.0,105943.0,89831.0,,20.6,13.9,4043.9,34981.41,7.0
8521,Oil tanker,140.0,16.0,5075.0,7025.0,2400 KW,12.9,7.3,599.62,521.52,8.0
8522,Oil tanker,140.0,16.0,5075.0,7023.0,2400 KW,8.1,6.9,4072.0,3547.58,8.0
8523,LNG carrier,292.0,43.0,106806.0,87159.0,,20.1,9.5,698.6,7955.54,7.0
8524,Chemical tanker,183.0,32.0,29708.0,49990.0,8200 KW,8.8,7.2,0.0,0.0,1.0
8525,Oil tanker,183.0,32.0,29705.0,49999.0,9710 KW,14.6,11.2,1312.6,3924.94,8.0
8526,Oil tanker,183.0,32.0,29705.0,49999.0,,13.9,9.5,1983.35,5340.56,8.0
8527,Oil tanker,185.0,32.0,31445.0,46330.0,,13.9,11.4,1111.82,3712.39,8.0
8528,Oil tanker,185.0,32.0,31445.0,46320.0,,16.5,13.0,703.1,2930.63,8.0
8529,Oil tanker,189.0,32.0,31445.0,46327.0,,13.3,11.6,1287.33,4632.22,8.0
8530,Oil tanker,185.0,32.0,31445.0,46327.0,12100 KW,13.7,9.7,1599.63,5934.75,8.0
8534,General cargo ship,138.0,21.0,9989.0,12700.0,3500 KW,13.9,12.1,1789.9,2359.04,6.0
8535,General cargo ship,138.0,21.0,9989.0,12700.0,3303 KW,12.9,11.0,3009.0,4918.38,6.0
8536,Bulk carrier,179.0,28.0,22494.0,34551.0,,14.1,10.4,0.0,0.0,0.0
8537,Oil tanker,244.0,42.0,57219.0,105408.0,,16.9,9.8,498.95,2126.35,8.0
8538,Oil tanker,183.0,32.0,29724.0,49999.0,,12.0,11.6,2396.6,7554.19,8.0
8539,Oil tanker,183.0,32.0,29742.0,50240.0,,13.0,9.7,1445.2,4994.26,8.0
8540,Chemical tanker,183.0,32.0,30159.0,51462.0,8910 KW,13.5,10.8,3798.4,13454.79,1.0
8541,Chemical tanker,146.0,23.0,11752.0,19994.0,,14.0,9.9,1475.9,3778.38,1.0
8542,Bulk carrier,199.0,32.0,35812.0,63200.0,,14.6,11.6,463.17,1219.19,0.0
8543,Bulk carrier,199.0,32.0,35812.0,63200.0,,12.4,10.0,896.6,2966.33,0.0
8546,General cargo ship,107.0,16.0,5198.0,6000.0,3150 KW,12.3,8.7,4050.0,4286.42,6.0
8547,General cargo ship,107.0,16.0,5198.0,6550.0,3000 KW,13.0,9.4,4700.0,5386.08,6.0
8548,LNG carrier,294.0,44.0,103893.0,89269.0,,18.6,11.3,842.33,9914.38,7.0
8549,LNG carrier,294.0,44.0,103893.0,89240.0,,16.7,14.6,1071.28,9751.98,7.0
8550,Gas carrier,99.0,18.0,5452.0,5239.0,,14.0,12.8,3297.8,6991.63,5.0
8551,Gas carrier,99.0,18.0,5452.0,5209.0,,14.0,11.4,3911.0,7519.59,5.0
8553,Bulk carrier,179.0,28.0,21203.0,33371.0,,10.3,9.2,470.7,1581.21,0.0
8555,Bulk carrier,224.0,32.0,41882.0,76000.0,,11.1,10.5,2092.0,8278.07,0.0
8556,Bulk carrier,224.0,32.0,41882.0,77528.0,,14.0,7.8,1949.0,7639.5,0.0
8557,Bulk carrier,189.0,32.0,31590.0,55317.0,,14.8,13.2,551.7,1834.9,0.0
8558,Bulk carrier,225.0,32.0,40978.0,77211.0,,15.5,13.6,2547.6,10236.31,0.0
8561,Bulk carrier,189.0,32.0,31584.0,55178.0,,15.5,10.8,499.7,1588.77,0.0
8562,Gas carrier,174.0,30.0,25320.0,28518.0,8360 KW,18.7,14.1,3589.07,15273.6,5.0
8563,Bulk carrier,229.0,32.0,44316.0,81395.0,,13.8,11.6,699.12,2794.76,0.0
8564,Oil tanker,183.0,27.0,23009.0,31289.0,,15.1,9.4,1655.2,4863.65,8.0
8565,Oil tanker,183.0,27.0,23009.0,31281.0,,17.0,12.6,815.3,2423.88,8.0
8566,LNG carrier,289.0,46.0,113664.0,93301.0,,12.6,12.6,581.0,3245.59,7.0
8569,Bulk carrier,234.0,38.0,50625.0,95711.0,,16.2,11.8,860.5,4657.65,0.0
8570,Bulk carrier,179.0,29.0,23268.0,38072.0,7040 KW,13.7,10.9,1235.2,3422.24,0.0
8571,Bulk carrier,179.0,29.0,23268.0,38101.0,,13.5,10.1,491.0,1531.03,0.0
8572,Bulk carrier,199.0,32.0,34815.0,61403.0,,15.8,12.6,488.1,1484.03,0.0
8573,Bulk carrier,179.0,28.0,22434.0,35053.0,,14.5,10.7,906.17,2580.0,0.0
8575,Bulk carrier,229.0,32.0,43894.0,81855.0,,13.3,11.2,773.7,1894.11,0.0
8576,Bulk carrier,189.0,32.0,32350.0,57936.0,,14.5,10.7,149.0,666.17,0.0
8577,Bulk carrier,225.0,32.0,41612.0,76117.0,,12.2,9.4,0.0,0.0,0.0
8578,Bulk carrier,229.0,36.0,48090.0,87146.0,10500 KW,13.6,11.4,2004.0,8819.25,0.0
8579,Chemical tanker,183.0,32.0,29940.0,49995.0,,15.4,10.8,1552.6,5861.6,1.0
8580,Chemical tanker,183.0,32.0,29940.0,49995.0,7570 KW,12.6,11.1,2404.2,7655.2,1.0
8581,General cargo ship,155.0,29.0,18374.0,18062.0,,15.9,12.0,1107.6,3963.32,6.0
8582,Gas carrier,159.0,24.0,17208.0,16988.0,7170 KW,15.9,14.8,1691.4,5943.89,5.0
8583,Gas carrier,159.0,24.0,17208.0,17004.0,7615 KW,17.4,12.5,2144.6,6745.25,5.0
8584,Oil tanker,110.0,19.0,6388.0,8353.0,,12.0,9.4,3874.5,7083.11,8.0
8585,Bulk carrier,292.0,45.0,91387.0,176460.0,,19.1,9.8,2801.1,17437.47,0.0
8586,Gas carrier,159.0,27.0,20151.0,24232.0,9480 KW,17.4,12.2,2258.7,7490.57,5.0
8587,Gas carrier,159.0,27.0,20151.0,24286.0,,18.1,15.0,719.7,2681.08,5.0
8589,Bulk carrier,179.0,30.0,23857.0,35322.0,,12.6,11.3,2064.75,6405.54,0.0
8590,Bulk carrier,177.0,28.0,22852.0,37070.0,,15.8,11.6,926.1,2494.34,0.0
8591,Bulk carrier,225.0,32.0,40334.0,75005.0,,14.4,12.5,1353.0,4171.79,0.0
8592,General cargo ship,134.0,18.0,7450.0,10814.0,,11.0,10.2,2337.95,2181.43,6.0
8593,Bulk carrier,199.0,32.0,36294.0,63326.0,,14.4,10.9,760.4,2699.85,0.0
8594,Bulk carrier,179.0,29.0,23393.0,37503.0,,14.0,10.0,502.9,1560.67,0.0
8597,Bulk carrier,225.0,32.0,41541.0,76431.0,,9.2,9.2,1456.5,4270.26,0.0
8598,Bulk carrier,225.0,32.0,41541.0,74632.0,,5.2,4.2,1229.59,4064.35,0.0
8599,Bulk carrier,179.0,28.0,22494.0,34473.0,,13.2,10.5,1288.83,3956.39,0.0
8600,Bulk carrier,179.0,30.0,25303.0,39202.0,,12.4,11.5,614.7,1973.48,0.0
8603,Chemical tanker,183.0,32.0,29940.0,49995.0,,14.2,12.1,2346.7,8757.63,1.0
8604,Oil tanker,249.0,44.0,65358.0,115162.0,,14.3,9.9,472.3,2073.48,8.0
8605,Oil tanker,250.0,44.0,65358.0,115239.0,,14.8,11.7,2180.37,10072.72,8.0
8606,Oil tanker,249.0,44.0,65714.0,115054.0,,15.2,8.7,1338.0,7117.45,8.0
8607,Oil tanker,249.0,44.0,65696.0,115024.0,,15.3,11.7,1359.9,5308.85,8.0
8608,Bulk carrier,291.0,45.0,92722.0,181389.0,,16.7,10.1,439.0,3053.15,0.0
8609,Bulk carrier,229.0,32.0,44003.0,81221.0,9930 KW,10.8,10.8,1062.63,3585.46,0.0
8610,Bulk carrier,199.0,32.0,35812.0,63238.0,8300 KW,12.3,10.2,1102.0,4947.34,0.0
8611,Container ship,368.0,51.0,148667.0,152343.0,53250 KW,20.7,15.0,3417.69,59091.75,4.0
8615,Container ship,368.0,51.0,148667.0,152344.0,53250 KW,19.9,14.4,1796.7,32366.38,4.0
8617,Bulk carrier,179.0,30.0,23883.0,35534.0,5889 KW,14.5,10.6,387.37,1279.59,0.0
8618,Bulk carrier,176.0,28.0,21163.0,33383.0,,12.4,9.1,2236.9,5784.36,0.0
8619,Bulk carrier,199.0,32.0,36403.0,63273.0,,13.7,12.2,1010.5,3127.37,0.0
8620,Bulk carrier,199.0,32.0,36403.0,63291.0,,10.7,8.9,1497.6,5119.85,0.0
8621,Bulk carrier,199.0,32.0,36467.0,63234.0,,12.4,9.5,1593.37,5547.38,0.0
8622,Bulk carrier,199.0,32.0,36467.0,63233.0,,10.8,10.8,344.6,1053.38,0.0
8623,Chemical tanker,183.0,32.0,29666.0,49762.0,,14.2,10.5,503.0,1463.02,1.0
8625,Bulk carrier,175.0,27.0,19213.0,28000.0,,16.0,10.4,1371.83,3606.54,0.0
8626,Bulk carrier,175.0,27.0,19213.0,28340.0,,13.7,11.3,2405.6,6425.93,0.0
8628,Refrigerated cargo carrier,134.0,20.0,6558.0,7303.0,,15.8,11.1,752.89,1937.24,10.0
8629,Bulk carrier,224.0,32.0,41963.0,78228.0,,16.0,12.9,562.0,1546.66,0.0
8630,Bulk carrier,225.0,32.0,41963.0,78175.0,,12.3,10.5,799.03,3074.38,0.0
8631,Gas carrier,183.0,29.0,24617.0,28263.0,,16.6,13.8,650.6,2714.96,5.0
8632,Bulk carrier,180.0,30.0,22918.0,35166.0,6100 KW,13.5,12.6,1231.8,3171.07,0.0
8633,Bulk carrier,179.0,30.0,22918.0,35737.0,6200 KW,15.5,10.5,1884.75,5127.77,0.0
8635,Container ship,368.0,51.0,148667.0,152343.0,53250 KW,12.1,12.1,3431.97,62298.39,4.0
8636,Container ship,368.0,51.0,148667.0,152343.0,53250 KW,21.7,17.1,1845.0,31545.39,4.0
8637,Container ship,368.0,51.0,148667.0,152344.0,53250 KW,12.7,12.7,1231.7,20444.64,4.0
8638,Container ship,368.0,51.0,148667.0,152344.0,53250 KW,20.0,14.1,2180.3,37888.56,4.0
8641,Bulk carrier,199.0,32.0,34794.0,61424.0,,14.3,11.6,876.9,3266.85,0.0
8642,Bulk carrier,199.0,32.0,34805.0,61467.0,,13.5,11.7,597.8,1965.88,0.0
8643,Chemical tanker,183.0,32.0,29680.0,49776.0,,12.6,10.2,3457.2,12329.49,1.0
8647,Gas carrier,226.0,37.0,46789.0,53854.0,12400 KW,17.1,14.8,758.17,4207.92,5.0
8648,Gas carrier,226.0,37.0,46789.0,53752.0,12400 KW,16.7,14.0,718.7,4307.36,5.0
8649,Bulk carrier,180.0,30.0,24212.0,37500.0,6350 KW,12.7,11.1,1857.77,4905.22,0.0
8650,Bulk carrier,180.0,30.0,24212.0,37500.0,6450 KW,13.6,9.0,722.35,2006.91,0.0
8651,Bulk carrier,179.0,28.0,21174.0,33355.0,,16.7,10.2,702.8,1838.05,0.0
8652,Oil tanker,183.0,32.0,29940.0,49997.0,12160 KW,13.0,8.5,749.53,2190.66,8.0
8653,Chemical tanker,183.0,32.0,29940.0,49997.0,,14.1,11.9,2718.4,8030.12,1.0
8654,Bulk carrier,189.0,32.0,31779.0,55725.0,,12.5,10.8,387.6,1380.13,0.0
8655,Bulk carrier,169.0,27.0,17025.0,28207.0,,14.1,11.4,462.33,1271.91,0.0
8656,Bulk carrier,179.0,29.0,23268.0,38114.0,7040 KW,14.0,11.8,695.8,1897.57,0.0
8657,Bulk carrier,179.0,29.0,23269.0,38123.0,,15.6,10.8,1929.8,5528.18,0.0
8658,Bulk carrier,199.0,32.0,34875.0,61377.0,,16.6,11.3,151.0,365.02,0.0
8659,Bulk carrier,199.0,32.0,34801.0,61444.0,,12.2,11.0,2232.92,6750.43,0.0
8662,Bulk carrier,179.0,30.0,22469.0,37429.0,,12.3,10.9,748.1,2134.15,0.0
8663,Bulk carrier,228.0,32.0,43007.0,81922.0,,11.3,10.0,950.0,3165.45,0.0
8666,Bulk carrier,189.0,32.0,32370.0,57903.0,,17.8,12.0,719.3,2630.26,0.0
8667,Bulk carrier,189.0,32.0,32432.0,57964.0,,14.2,12.2,782.9,2847.28,0.0
8668,Container/ro-ro cargo ship,240.0,37.0,51055.0,44574.0,22890 KW,15.7,10.9,1028.0,6839.28,3.0
8669,Container/ro-ro cargo ship,240.0,37.0,51055.0,44574.0,22890 KW,15.8,13.7,1818.0,13103.36,3.0
8670,Container/ro-ro cargo ship,240.0,37.0,51055.0,44574.0,,13.6,13.0,1666.0,10914.89,3.0
8673,Bulk carrier,225.0,32.0,41254.0,76079.0,,6.6,6.6,3588.8,12326.88,0.0
8674,Bulk carrier,225.0,32.0,41254.0,76089.0,,9.9,6.3,4985.4,19316.94,0.0
8675,Chemical tanker,183.0,32.0,26746.0,39990.0,,11.8,9.7,3942.5,11774.72,1.0
8676,Chemical tanker,183.0,32.0,26746.0,39990.0,7280 KW,14.4,12.4,3606.4,11939.52,1.0
8677,Chemical tanker,182.0,32.0,30521.0,49622.0,,16.0,12.2,683.01,2481.94,1.0
8678,Chemical tanker,182.0,32.0,30521.0,49622.0,,16.7,13.6,1859.33,4941.23,1.0
8679,Chemical tanker,182.0,32.0,30521.0,49622.0,,14.9,13.6,1292.67,4923.4,1.0
8680,Chemical tanker,182.0,32.0,30521.0,49622.0,,6.8,6.0,1205.09,4274.4,1.0
8681,Oil tanker,183.0,32.0,30264.0,50927.0,7675 KW,13.5,9.6,1343.5,5400.0,8.0
8682,Oil tanker,183.0,32.0,29785.0,49990.0,,15.0,11.4,2425.66,6695.41,8.0
8683,Bulk carrier,189.0,32.0,30136.0,48573.0,,15.1,11.0,0.0,0.0,0.0
8684,Bulk carrier,179.0,30.0,24933.0,38737.0,,11.0,9.0,1789.0,4322.52,0.0
8685,Bulk carrier,179.0,30.0,24933.0,38737.0,6050 KW,12.6,11.0,693.5,1677.32,0.0
8686,Container/ro-ro cargo ship,296.0,37.0,100430.0,55649.0,22000 KW,19.9,14.6,4079.7,41319.11,3.0
8687,Container/ro-ro cargo ship,296.0,37.0,100430.0,55631.0,22000 KW,18.4,15.4,3890.7,41248.24,3.0
8688,Container/ro-ro cargo ship,296.0,37.0,100430.0,45000.0,22000 KW,18.8,17.0,3923.1,39995.27,3.0
8689,Container/ro-ro cargo ship,296.0,37.0,100430.0,55828.0,22000 KW,19.8,13.7,3724.25,38429.42,3.0
8690,Container/ro-ro cargo ship,296.0,37.0,100430.0,45000.0,22000 KW,18.7,14.5,4447.3,43624.1,3.0
8691,Bulk carrier,190.0,30.0,26411.0,43479.0,6050 KW,14.7,11.7,0.0,0.0,0.0
8692,Bulk carrier,190.0,30.0,26411.0,43413.0,6050 KW,14.6,10.6,533.0,1360.26,0.0
8693,Bulk carrier,190.0,30.0,26411.0,43433.0,6050 KW,13.1,11.3,0.0,0.0,0.0
8694,Bulk carrier,190.0,30.0,26411.0,43494.0,6050 KW,13.8,10.1,0.0,0.0,0.0
8695,Bulk carrier,189.0,30.0,26411.0,43482.0,6050 KW,13.1,12.6,474.0,1346.81,0.0
8697,Bulk carrier,225.0,32.0,40913.0,75366.0,,13.9,10.8,0.0,0.0,0.0
8699,Bulk carrier,199.0,32.0,36362.0,63434.0,9600 KW,13.1,10.9,690.63,2375.47,0.0
8700,Bulk carrier,199.0,32.0,36362.0,63385.0,8050 KW,11.0,9.6,2366.21,9468.42,0.0
8702,Bulk carrier,199.0,23.0,20789.0,34564.0,,13.5,9.2,2043.9,4679.69,0.0
8703,Bulk carrier,199.0,23.0,20789.0,34564.0,,14.2,9.3,1996.6,4874.15,0.0
8704,Bulk carrier,199.0,23.0,20789.0,34564.0,,12.6,11.2,1365.1,3352.4,0.0
8705,Bulk carrier,199.0,23.0,20789.0,34564.0,,13.6,11.9,912.2,2412.84,0.0
8706,Bulk carrier,199.0,23.0,20789.0,34564.0,,14.3,11.3,1604.2,3569.58,0.0
8707,Bulk carrier,199.0,23.0,20789.0,34564.0,,15.3,12.3,3551.4,7627.43,0.0
8708,Gas carrier,159.0,24.0,17208.0,16994.0,11000 KW,15.5,14.9,492.3,2054.15,5.0
8709,Gas carrier,159.0,24.0,17208.0,16928.0,7170 KW,16.3,10.5,3139.6,8917.56,5.0
8711,General cargo ship,111.0,16.0,5460.0,4200.0,,16.5,13.9,2119.7,4266.05,6.0
8712,General cargo ship,111.0,16.0,5460.0,4200.0,4000 KW,16.1,11.7,1592.0,2367.8,6.0
8713,General cargo ship,111.0,16.0,5460.0,4200.0,,15.9,14.3,4963.0,8380.82,6.0
8714,General cargo ship,111.0,16.0,5460.0,4200.0,,15.8,14.0,4946.79,8510.47,6.0
8715,General cargo ship,111.0,16.0,5460.0,4200.0,,15.9,13.3,3438.57,5844.04,6.0
8716,Bulk carrier,229.0,32.0,44190.0,82053.0,,16.5,11.2,1107.77,4642.88,0.0
8717,Bulk carrier,229.0,32.0,44114.0,82052.0,,15.1,11.8,3421.68,11705.86,0.0
8718,Bulk carrier,229.0,32.0,44114.0,82047.0,,13.1,10.4,1445.77,5414.98,0.0
8719,Bulk carrier,295.0,46.0,94984.0,179492.0,,14.8,9.8,1399.0,5804.88,0.0
8720,Container/ro-ro cargo ship,236.0,36.0,71543.0,31340.0,,16.9,12.5,4494.2,33357.61,3.0
8721,Container/ro-ro cargo ship,236.0,36.0,71543.0,31340.0,,18.2,12.3,4098.38,32339.35,3.0
8722,Container/ro-ro cargo ship,236.0,36.0,71543.0,30990.0,,19.0,16.8,4550.7,32991.71,3.0
8730,Container ship,169.0,28.0,18826.0,23562.0,,22.0,12.5,5134.8,23574.95,4.0
8731,Container ship,169.0,28.0,18826.0,23573.0,,15.4,12.5,4552.4,21858.95,4.0
8732,Chemical tanker,146.0,23.0,11752.0,19993.0,,14.3,12.1,2193.0,5519.49,1.0
8733,Bulk carrier,225.0,32.0,40357.0,74957.0,,13.5,11.2,0.0,0.0,0.0
8734,Bulk carrier,229.0,32.0,43278.0,81158.0,,11.4,6.3,1611.67,4830.2,0.0
8735,Bulk carrier,229.0,32.0,43291.0,81070.0,,14.8,11.0,422.3,1694.67,0.0
8736,Bulk carrier,188.0,26.0,22622.0,31754.0,21770 KW,15.6,10.4,4798.15,17852.61,0.0
8745,Container ship,299.0,48.0,96253.0,112580.0,47430 KW,16.2,15.1,650.68,8023.43,4.0
8746,Container ship,299.0,48.0,95263.0,113800.0,,16.1,13.1,578.94,6106.41,4.0
8747,Container ship,299.0,48.0,95263.0,113800.0,47430 KW,20.6,18.4,1104.24,14153.24,4.0
8750,Chemical tanker,156.0,25.0,14750.0,25932.0,6480 KW,13.4,8.8,905.92,2460.69,1.0
8751,Chemical tanker,156.0,25.0,14750.0,25926.0,6840 KW,14.3,12.1,1860.3,4682.98,1.0
8752,Bulk carrier,176.0,28.0,21718.0,36309.0,,13.3,11.6,4082.2,9413.38,0.0
8753,Bulk carrier,176.0,28.0,21699.0,36320.0,7295 KW,13.1,10.2,2285.43,6208.59,0.0
8755,Gas carrier,226.0,37.0,46945.0,53701.0,10987 KW,16.6,13.4,679.5,4181.25,5.0
8758,Gas carrier,146.0,22.0,13549.0,15070.0,9125 KW,16.7,13.1,4977.53,8045.55,5.0
8759,Gas carrier,146.0,22.0,13549.0,15070.0,6810 KW,15.9,13.0,3762.1,13364.65,5.0
8760,Gas carrier,146.0,22.0,13549.0,15135.0,,18.6,11.9,2649.48,7245.84,5.0
8761,Bulk carrier,229.0,32.0,43432.0,82172.0,,14.7,12.0,911.6,3682.82,0.0
8762,Refrigerated cargo carrier,170.0,26.0,22687.0,22918.0,7220 KW,18.8,14.2,806.75,2885.27,10.0
8763,Refrigerated cargo carrier,170.0,26.0,22687.0,22874.0,10700 KW,15.3,14.4,2813.37,10813.28,10.0
8764,Bulk carrier,225.0,32.0,41773.0,77888.0,,12.0,12.0,2576.03,9014.83,0.0
8765,Oil tanker,183.0,32.0,29737.0,50131.0,7240 KW,15.0,12.3,1127.5,3450.27,8.0
8766,Oil tanker,183.0,32.0,29737.0,49999.0,7240 KW,15.1,12.4,3075.6,9619.34,8.0
8767,Bulk carrier,179.0,29.0,23269.0,38067.0,,14.1,11.3,515.4,1077.82,0.0
8768,Bulk carrier,169.0,27.0,17027.0,28316.0,,13.9,11.7,3290.68,7800.84,0.0
8770,Bulk carrier,224.0,32.0,40872.0,77128.0,,11.4,9.9,950.0,3262.18,0.0
8771,Bulk carrier,291.0,45.0,92752.0,181370.0,,14.3,11.3,1755.87,8478.28,0.0
8772,Bulk carrier,291.0,45.0,92726.0,181600.0,,14.9,12.3,1539.0,8421.81,0.0
8773,Bulk carrier,291.0,45.0,92752.0,181412.0,,14.6,11.2,849.7,4547.52,0.0
8775,Bulk carrier,199.0,32.0,34794.0,61442.0,,14.0,9.6,414.5,1766.14,0.0
8776,Bulk carrier,199.0,32.0,34802.0,61323.0,,14.5,9.0,612.37,2187.13,0.0
8778,Container ship,147.0,24.0,9932.0,13061.0,8280 KW,14.6,10.5,470.5,1094.34,4.0
8779,Bulk carrier,295.0,46.0,94984.0,179492.0,,10.7,9.5,1661.0,11311.42,0.0
8783,Oil tanker,270.0,46.0,82789.0,120567.0,,13.3,10.8,3499.85,28804.25,8.0
8785,Container ship,188.0,30.0,27279.0,30337.0,12840 KW,16.5,14.3,508.8,1741.34,4.0
8786,Container ship,189.0,30.0,27279.0,30235.0,,16.9,9.0,1709.49,7111.69,4.0
8787,Container ship,189.0,30.0,27279.0,30231.0,12840 KW,17.5,16.4,2291.5,10161.35,4.0
8788,Bulk carrier,189.0,32.0,30136.0,48662.0,,14.7,11.4,0.0,0.0,0.0
8789,Passenger ship,293.0,42.0,99526.0,7900.0,40000 KW,7.3,6.6,3821.06,26737.52,9.0
8790,Bulk carrier,299.0,50.0,106847.0,206000.0,,14.6,9.2,1744.95,13050.48,0.0
8791,Bulk carrier,189.0,32.0,30136.0,48679.0,,11.4,10.0,0.0,0.0,0.0
8792,Bulk carrier,189.0,32.0,30171.0,48558.0,,15.3,11.7,0.0,0.0,0.0
8793,Bulk carrier,197.0,32.0,33192.0,58609.0,,12.9,12.2,483.8,2412.45,0.0
8794,Bulk carrier,189.0,32.0,32987.0,56533.0,9840 KW,18.4,18.4,882.4,2594.6,0.0
8796,Oil tanker,333.0,60.0,164756.0,319000.0,,13.8,10.9,2037.9,14996.43,8.0
8797,Oil tanker,156.0,25.0,15674.0,19928.0,,11.2,10.1,1609.6,3527.05,8.0
8798,Container ship,299.0,48.0,102931.0,115682.0,,16.5,11.2,499.9,4331.11,4.0
8799,Container ship,299.0,48.0,102931.0,115637.0,38600 KW,16.2,12.5,199.8,1335.23,4.0
8800,Chemical tanker,185.0,32.0,29903.0,38961.0,,16.0,9.7,505.36,2069.06,1.0
8801,Chemical tanker,185.0,32.0,29903.0,38850.0,,13.5,10.7,3389.75,11067.14,1.0
8802,Chemical tanker,185.0,32.0,29903.0,38853.0,,15.3,12.7,2214.85,9014.16,1.0
8803,Chemical tanker,185.0,32.0,29903.0,38907.0,,11.5,6.2,3101.69,13253.43,1.0
8804,Bulk carrier,179.0,30.0,23435.0,36612.0,,17.4,11.5,1875.26,4844.62,0.0
8805,Bulk carrier,225.0,32.0,41766.0,78080.0,,17.7,13.4,1334.9,4345.57,0.0
8806,Container/ro-ro cargo ship,236.0,36.0,71543.0,30801.0,,2.8,2.4,4448.6,35801.25,3.0
8807,Container/ro-ro cargo ship,236.0,36.0,71543.0,30796.0,,9.9,9.9,4664.1,37869.66,3.0
8808,Oil tanker,183.0,32.0,29838.0,49990.0,,12.0,10.6,806.55,1908.24,8.0
8809,Oil tanker,183.0,32.0,29838.0,50300.0,,12.9,9.9,2328.34,7456.95,8.0
8810,Oil tanker,183.0,32.0,29732.0,49990.0,,14.4,11.3,896.34,2649.11,8.0
8811,Oil tanker,183.0,32.0,29767.0,49990.0,,15.3,13.2,1112.8,3314.72,8.0
8812,Oil tanker,183.0,32.0,29767.0,49990.0,,13.7,12.5,1064.08,3391.73,8.0
8813,Oil tanker,183.0,32.0,29767.0,49990.0,,13.8,8.1,496.57,1562.28,8.0
8814,Oil tanker,183.0,32.0,29785.0,49990.0,,14.8,11.0,829.9,2677.62,8.0
8816,Bulk carrier,199.0,32.0,34812.0,60218.0,,12.7,11.1,1081.8,3000.68,0.0
8817,General cargo ship,128.0,16.0,5925.0,8736.0,,14.5,11.5,606.4,759.44,6.0
8818,Bulk carrier,199.0,32.0,35812.0,63500.0,,10.9,10.9,1283.3,5182.58,0.0
8819,LNG carrier,294.0,46.0,113263.0,95452.0,,21.6,16.1,900.57,6135.45,7.0
8820,LNG carrier,294.0,46.0,113263.0,95452.0,,18.6,16.8,456.05,3194.47,7.0
8821,General cargo ship,170.0,25.0,18410.0,19437.0,,17.4,13.3,3095.6,9563.55,6.0
8822,General cargo ship,170.0,25.0,18410.0,19409.0,,15.3,14.4,1538.0,4753.48,6.0
8823,Bulk carrier,179.0,30.0,24785.0,39757.0,,14.7,9.6,1482.83,4563.15,0.0
8825,General cargo ship,136.0,18.0,6789.0,9005.0,,9.9,9.6,3953.8,5284.13,6.0
8827,Gas carrier,159.0,27.0,20151.0,24136.0,7310 KW,18.1,13.0,1779.9,3834.97,5.0
8828,Gas carrier,159.0,26.0,20151.0,24281.0,7310 KW,15.3,12.1,1277.4,3674.29,5.0
8829,Chemical tanker,183.0,32.0,29460.0,49746.0,,12.4,11.4,635.7,2464.26,1.0
8830,Chemical tanker,183.0,32.0,29460.0,49900.0,7700 KW,15.1,10.1,1079.9,3817.38,1.0
8831,Chemical tanker,183.0,32.0,29460.0,49746.0,,14.4,10.1,1667.3,4870.33,1.0
8832,Chemical tanker,183.0,32.0,29460.0,49738.0,,13.9,8.7,3748.9,9743.19,1.0
8833,Chemical tanker,183.0,32.0,29553.0,49746.0,,13.1,11.8,1401.5,5064.46,1.0
8834,Oil tanker,183.0,32.0,29553.0,49680.0,,15.5,8.8,2655.95,8383.44,8.0
8835,LNG carrier,288.0,44.0,102585.0,85466.0,,18.0,14.7,1388.1,11063.05,7.0
8836,LNG carrier,290.0,46.0,113502.0,92640.0,,18.3,15.3,1240.0,11491.97,7.0
8837,Passenger ship,362.0,47.0,226963.0,20236.0,97000 KW,21.7,20.1,1951.43,31144.66,9.0
8839,Bulk carrier,169.0,27.0,17019.0,28368.0,,13.8,9.6,3437.9,8157.61,0.0
8840,Bulk carrier,224.0,32.0,40937.0,77239.0,8330 KW,14.3,12.4,802.97,3106.34,0.0
8841,Bulk carrier,291.0,45.0,92722.0,181336.0,,14.3,10.7,2701.9,13638.34,0.0
8842,Bulk carrier,291.0,45.0,92732.0,181394.0,,14.5,8.5,4306.56,20445.28,0.0
8843,Bulk carrier,234.0,38.0,50594.0,95570.0,,14.4,9.9,1384.25,6019.5,0.0
8844,Oil tanker,274.0,49.0,85445.0,158295.0,,10.6,7.0,1411.45,7874.02,8.0
8845,Oil tanker,273.0,48.0,85445.0,158277.0,,15.8,11.6,707.3,4785.5,8.0
8846,Oil tanker,273.0,48.0,85445.0,158468.0,,11.4,9.2,1333.25,6972.88,8.0
8847,Oil tanker,250.0,44.0,64309.0,109693.0,,14.3,11.9,1354.9,12764.4,8.0
8848,Oil tanker,250.0,44.0,64309.0,114479.0,,16.7,13.0,4416.5,21386.75,8.0
8849,Oil tanker,250.0,44.0,64309.0,109475.0,,16.2,11.9,3651.1,19018.63,8.0
8850,Oil tanker,250.0,44.0,64309.0,114378.0,,15.1,11.3,2035.1,7345.44,8.0
8851,Oil tanker,250.0,44.0,64309.0,114379.0,,15.8,10.8,1465.2,7490.11,8.0
8852,Oil tanker,250.0,44.0,64309.0,114420.0,,14.4,12.4,919.2,4218.99,8.0
8853,Oil tanker,250.0,44.0,64309.0,109483.0,,16.8,12.8,328.0,1658.88,8.0
8854,Bulk carrier,199.0,32.0,34801.0,61384.0,,13.0,9.6,744.7,3608.35,0.0
8855,Bulk carrier,292.0,45.0,94742.0,181015.0,,12.5,10.1,1036.3,5519.72,0.0
8856,Chemical tanker,183.0,32.0,29460.0,49765.0,,12.4,10.3,852.9,3543.49,1.0
8857,Chemical tanker,183.0,32.0,29553.0,49746.0,,12.5,11.2,818.1,2832.08,1.0
8858,Chemical tanker,183.0,32.0,29553.0,49746.0,,13.9,12.1,984.82,3401.98,1.0
8859,Chemical tanker,183.0,32.0,29553.0,49680.0,7700 KW,13.2,11.5,2520.64,7834.92,1.0
8860,Chemical tanker,183.0,32.0,29553.0,49680.0,,14.0,12.6,517.3,2017.07,1.0
8861,Oil tanker,183.0,32.0,29460.0,49759.0,7700 KW,16.3,13.1,3083.37,9283.2,8.0
8862,Chemical tanker,183.0,32.0,29327.0,44999.0,,15.9,10.0,756.6,2528.79,1.0
8864,Container ship,158.0,24.0,11716.0,13573.0,7111 KW,14.4,13.2,2459.65,8792.41,4.0
8865,Container ship,158.0,24.0,11716.0,13555.0,,13.4,10.7,3171.6,13109.61,4.0
8866,Oil tanker,140.0,16.0,5075.0,7003.0,2400 KW,11.9,7.1,813.33,1011.2,8.0
8867,Oil tanker,140.0,16.0,5075.0,6999.0,980 KW,10.8,7.3,1722.0,4726.8,8.0
8868,Container ship,299.0,48.0,95138.0,112588.0,42390 KW,20.2,15.4,0.0,0.0,4.0
8869,Container ship,299.0,48.0,95138.0,113213.0,42390 KW,20.8,19.0,0.0,0.0,4.0
8870,Chemical tanker,183.0,32.0,29429.0,49737.0,,13.9,11.5,2760.6,8590.92,1.0
8871,Bulk carrier,199.0,32.0,34612.0,61097.0,8130 KW,13.9,9.7,1381.6,4775.5,0.0
8876,General cargo ship,138.0,21.0,9719.0,11815.0,,10.8,9.6,1875.6,2648.61,6.0
8878,Gas carrier,180.0,26.0,22887.0,20918.0,11700 KW,18.5,15.5,4645.5,14397.79,5.0
8879,Gas carrier,180.0,26.0,22887.0,20897.0,11700 KW,12.0,9.4,4936.7,16080.31,5.0
8880,Gas carrier,180.0,26.0,22887.0,20917.0,11700 KW,20.4,13.9,5349.9,19907.62,5.0
8881,Gas carrier,178.0,26.0,22887.0,20918.0,11700 KW,17.2,14.7,4011.2,13685.14,5.0
8882,Chemical tanker,183.0,32.0,29680.0,49689.0,7211 KW,15.9,9.0,768.1,3275.42,1.0
8883,Chemical tanker,183.0,32.0,29680.0,49647.0,,13.8,11.9,2571.7,8707.89,1.0
8884,Bulk carrier,292.0,45.0,94542.0,181098.0,,13.6,9.8,2347.67,13757.03,0.0
8885,Gas carrier,99.0,17.0,5831.0,3604.0,2700 KW,11.9,7.5,4224.26,6943.2,5.0
8886,Gas carrier,99.0,17.0,5831.0,3604.0,2700 KW,14.2,11.5,2530.96,4374.49,5.0
8887,Bulk carrier,190.0,32.0,32402.0,57775.0,,13.4,11.0,768.9,2291.23,0.0
8888,Bulk carrier,229.0,32.0,43318.0,83000.0,,13.7,11.2,1068.0,4893.43,0.0
8889,Bulk carrier,292.0,45.0,94542.0,181068.0,,14.3,9.6,1003.08,6694.64,0.0
8890,Bulk carrier,179.0,30.0,23857.0,35542.0,,13.6,10.3,1192.3,3121.82,0.0
8891,Oil tanker,332.0,60.0,166094.0,313981.0,,15.8,10.9,327.6,2739.8,8.0
8892,Gas carrier,226.0,37.0,46943.0,53558.0,12400 KW,17.3,11.6,605.87,4074.97,5.0
8893,Oil tanker,250.0,44.0,64018.0,109900.0,,13.9,12.1,2714.81,12820.96,8.0
8894,Oil tanker,183.0,32.0,29875.0,49990.0,,13.7,11.7,1658.04,5829.68,8.0
8895,Oil tanker,183.0,32.0,29875.0,49990.0,,12.8,10.1,2037.35,6256.44,8.0
8896,Chemical tanker,183.0,32.0,29806.0,49990.0,,15.4,12.6,587.2,1759.55,1.0
8897,Oil tanker,183.0,32.0,29806.0,49990.0,,14.2,8.9,649.3,1955.84,8.0
8898,Chemical tanker,183.0,32.0,29735.0,49990.0,,15.3,11.2,1802.1,5491.03,1.0
8899,Oil tanker,184.0,27.0,24162.0,38734.0,8502 KW,14.7,10.1,3799.87,9276.97,8.0
8900,Chemical tanker,184.0,27.0,24230.0,38734.0,,12.7,6.9,1680.29,4424.05,1.0
8901,Oil tanker,184.0,27.0,24162.0,38734.0,8502 KW,13.6,12.3,3413.79,7963.09,8.0
8902,Oil tanker,184.0,27.0,24230.0,38734.0,8502 KW,15.3,11.8,3878.67,9345.6,8.0
8903,Container ship,270.0,42.0,70704.0,79274.0,37680 KW,21.3,14.6,4407.33,55097.03,4.0
8904,Container ship,270.0,42.0,70704.0,79329.0,37680 KW,12.5,10.2,4104.53,47828.31,4.0
8905,Bulk carrier,189.0,32.0,32156.0,55967.0,,14.8,10.9,600.5,1611.83,0.0
8910,General cargo ship,199.0,32.0,37150.0,62841.0,,14.0,12.3,842.3,3111.13,6.0
8911,Bulk carrier,189.0,32.0,31926.0,55828.0,,14.9,10.9,1252.7,4258.07,0.0
8914,Ro-ro ship,179.0,26.0,21801.0,11630.0,21801 KW,15.1,14.9,4826.42,22690.48,12.0
8916,Gas carrier,180.0,30.0,26261.0,29478.0,,18.0,16.3,2946.1,12530.32,5.0
8917,Gas carrier,180.0,30.0,26261.0,29461.0,8560 KW,16.9,11.4,3417.55,15150.94,5.0
8918,Bulk carrier,228.0,32.0,42995.0,81842.0,,13.6,10.9,510.3,1902.02,0.0
8921,Chemical tanker,183.0,32.0,29429.0,49750.0,,14.5,12.0,3112.5,9729.76,1.0
8922,Oil tanker,183.0,32.0,29899.0,49990.0,,13.3,8.5,3637.48,10077.73,8.0
8923,Chemical tanker,183.0,32.0,29785.0,49990.0,,13.7,8.2,756.42,2538.38,1.0
8924,Oil tanker,184.0,27.0,24162.0,38734.0,8502 KW,11.7,6.7,3926.44,10949.95,8.0
8925,Oil tanker,184.0,27.0,24162.0,38734.0,8502 KW,14.0,12.3,4115.24,9920.2,8.0
8926,Oil tanker,183.0,32.0,29846.0,49999.0,,15.2,13.2,557.8,1348.28,8.0
8927,Bulk carrier,199.0,32.0,35884.0,62770.0,,15.3,10.5,1656.0,5405.58,0.0
8928,Oil tanker,256.0,43.0,64827.0,109999.0,,14.0,11.7,2233.75,9147.4,8.0
8929,Bulk carrier,179.0,30.0,23433.0,35900.0,,16.5,12.0,2565.34,7796.16,0.0
8930,Bulk carrier,199.0,32.0,34570.0,61556.0,8130 KW,13.9,11.1,1522.31,4798.23,0.0
8931,Bulk carrier,180.0,30.0,24212.0,37205.0,6540 KW,14.3,11.3,2146.9,6849.1,0.0
8932,Container ship,365.0,51.0,153453.0,146867.0,,14.2,9.8,1450.8,22547.1,4.0
8933,Container ship,365.0,51.0,152297.0,147420.0,,11.1,11.1,1202.72,13774.91,4.0
8934,Bulk carrier,292.0,45.0,93202.0,179033.0,,18.7,9.1,0.0,0.0,0.0
8936,Bulk carrier,292.0,45.0,93613.0,179177.0,,12.0,10.1,0.0,0.0,0.0
8937,Bulk carrier,292.0,45.0,93613.0,179218.0,,12.3,9.7,0.0,0.0,0.0
8938,Bulk carrier,229.0,32.0,43291.0,81084.0,,16.0,12.0,2434.5,8430.21,0.0
8939,Bulk carrier,180.0,30.0,24658.0,39880.0,,9.9,9.9,797.3,2304.01,0.0
8940,Gas carrier,225.0,36.0,48060.0,54335.0,12400 KW,16.1,10.2,282.6,2141.2,5.0
8941,Container ship,185.0,30.0,24901.0,27205.0,13100 KW,15.5,14.4,0.0,0.0,4.0
8942,Container ship,185.0,30.0,24901.0,27168.0,11500 KW,16.8,14.4,0.0,0.0,4.0
8943,Container ship,185.0,30.0,24901.0,22380.0,,16.2,12.9,2095.4,10757.42,4.0
8944,Container ship,185.0,30.0,24901.0,22380.0,,15.7,10.9,2206.8,11072.04,4.0
8945,LNG carrier,292.0,47.0,116568.0,87147.0,24870 KW,20.2,17.7,2533.1,17404.73,7.0
8946,LNG carrier,292.0,47.0,116568.0,86925.0,,16.1,14.6,2853.7,26979.46,7.0
8947,Bulk carrier,189.0,32.0,31884.0,55865.0,,12.8,10.6,753.3,471.76,0.0
8951,Chemical tanker,183.0,32.0,29531.0,49126.0,110000 KW,14.9,10.6,1798.87,6036.3,1.0
8952,Chemical tanker,183.0,32.0,29531.0,49126.0,7180 KW,14.6,12.5,1914.0,6358.23,1.0
8953,Oil tanker,256.0,43.0,64827.0,109999.0,11760 KW,13.5,11.4,1957.45,8777.41,8.0
8954,Oil tanker,256.0,43.0,64827.0,114000.0,,14.2,12.4,1975.59,8967.06,8.0
8955,Oil tanker,256.0,43.0,64827.0,109999.0,,14.4,12.0,981.39,3923.8,8.0
8956,Oil tanker,256.0,43.0,64827.0,109999.0,,13.4,12.4,527.6,2521.88,8.0
8957,Oil tanker,255.0,43.0,64792.0,109999.0,,15.6,10.3,3039.31,11618.67,8.0
8959,Bulk carrier,179.0,30.0,24785.0,39836.0,6050 KW,14.5,11.6,787.7,2228.54,0.0
8960,Bulk carrier,179.0,30.0,24785.0,39758.0,,13.2,10.1,798.1,2262.45,0.0
8961,Bulk carrier,179.0,30.0,24785.0,39784.0,,14.4,12.3,1193.1,2882.75,0.0
8966,Bulk carrier,179.0,29.0,23263.0,38271.0,,13.4,9.7,528.0,1333.32,0.0
8967,Bulk carrier,224.0,32.0,40944.0,77160.0,,14.8,12.3,550.96,2163.3,0.0
8968,Bulk carrier,291.0,45.0,92722.0,181380.0,,14.2,10.3,895.84,4956.45,0.0
8969,Bulk carrier,234.0,38.0,50626.0,95527.0,10400 KW,15.1,11.7,424.2,1194.48,0.0
8971,Bulk carrier,224.0,32.0,40937.0,77126.0,,10.5,9.8,2942.12,10741.89,0.0
8974,Bulk carrier,179.0,29.0,23268.0,38060.0,6820 KW,15.1,10.6,1431.67,4362.51,0.0
8975,Bulk carrier,179.0,29.0,23216.0,37693.0,,14.3,11.8,1289.85,3665.36,0.0
8976,Oil tanker,184.0,27.0,24162.0,38734.0,8502 KW,15.1,12.2,5174.84,14663.2,8.0
8977,Chemical tanker,184.0,27.0,24230.0,38734.0,,13.6,12.5,3685.66,10250.49,1.0
8978,Bulk carrier,199.0,32.0,35873.0,63104.0,,12.8,10.1,851.5,3419.04,0.0
8979,Bulk carrier,299.0,50.0,107553.0,207562.0,,15.0,10.9,788.5,4573.19,0.0
8980,Bulk carrier,299.0,50.0,107553.0,207562.0,,14.0,11.7,836.8,4341.08,0.0
8982,Chemical tanker,183.0,32.0,30108.0,49552.0,,14.9,10.7,1828.58,5764.77,1.0
8983,Chemical tanker,183.0,32.0,30108.0,49578.0,,14.3,12.7,1935.12,5769.57,1.0
8984,Chemical tanker,183.0,32.0,29531.0,49126.0,7180 KW,13.6,10.5,1250.5,5317.51,1.0
8985,Chemical tanker,183.0,32.0,29553.0,49680.0,,13.9,11.3,2641.12,8027.27,1.0
8986,Chemical tanker,183.0,32.0,29460.0,49746.0,,16.4,11.7,2398.1,6573.0,1.0
8987,Oil tanker,183.0,32.0,29327.0,49635.0,,15.6,10.7,3247.28,9508.36,8.0
8988,Chemical tanker,183.0,32.0,29327.0,49635.0,,14.0,10.4,1032.7,4274.2,1.0
8989,Oil tanker,183.0,32.0,29327.0,49642.0,,8.9,6.1,1385.2,3531.56,8.0
8990,Chemical tanker,183.0,32.0,29327.0,49635.0,,15.8,10.3,1003.0,4432.42,1.0
8992,Chemical tanker,146.0,23.0,11752.0,19994.0,,14.6,12.7,1370.0,3738.04,1.0
8993,Bulk carrier,190.0,32.0,31538.0,55794.0,,15.9,12.8,0.0,0.0,0.0
8996,Bulk carrier,198.0,32.0,34349.0,60317.0,,15.2,11.6,1111.7,4150.81,0.0
8997,Bulk carrier,190.0,32.0,31538.0,55757.0,,12.7,9.4,581.82,1998.94,0.0
8998,Bulk carrier,179.0,30.0,21532.0,34365.0,,14.6,11.0,557.7,1517.73,0.0
8999,Bulk carrier,291.0,45.0,93735.0,179911.0,,16.4,11.6,600.0,3460.89,0.0
9000,Bulk carrier,291.0,45.0,93735.0,179998.0,,8.4,8.4,2290.0,12576.06,0.0
9001,Oil tanker,251.0,45.0,62796.0,113876.0,,14.9,11.5,4733.01,18150.32,8.0
9002,Oil tanker,251.0,45.0,62839.0,113796.0,,14.0,11.8,262.4,1112.68,8.0
9003,Chemical tanker,183.0,32.0,29666.0,49729.0,,15.0,10.8,1247.0,5263.59,1.0
9004,Chemical tanker,183.0,32.0,29680.0,49737.0,,14.0,12.3,2588.9,7324.23,1.0
9005,Oil tanker,249.0,44.0,62388.0,109999.0,,13.1,7.8,1089.63,4571.71,8.0
9006,Oil tanker,249.0,44.0,62388.0,109999.0,,14.3,10.6,2457.52,11201.47,8.0
9007,Oil tanker,249.0,44.0,62388.0,109999.0,,14.0,10.2,2929.95,10576.8,8.0
9008,Oil tanker,249.0,44.0,62388.0,109999.0,,10.7,10.7,1193.42,4947.65,8.0
9010,LNG carrier,292.0,47.0,117031.0,94665.0,,21.6,14.6,2182.77,21343.89,7.0
9011,LNG carrier,292.0,47.0,117031.0,94665.0,,20.0,12.2,1946.53,18005.39,7.0
9013,Bulk carrier,199.0,32.0,36336.0,63294.0,,13.0,7.6,508.8,1478.35,0.0
9014,Bulk carrier,199.0,32.0,36336.0,63276.0,,14.3,11.8,1493.7,4558.36,0.0
9015,Bulk carrier,180.0,32.0,25546.0,39915.0,6100 KW,8.9,6.7,1776.2,4395.65,0.0
9016,Bulk carrier,180.0,32.0,25546.0,38600.0,6100 KW,13.0,10.5,2292.95,5941.94,0.0
9017,Bulk carrier,180.0,32.0,25546.0,38664.0,6100 KW,16.8,12.4,1537.47,4094.2,0.0
9018,Bulk carrier,229.0,32.0,44192.0,81905.0,9800 KW,14.2,11.0,2182.0,7748.91,0.0
9019,Bulk carrier,229.0,32.0,44192.0,82032.0,,9.7,5.8,0.0,0.0,0.0
9020,Bulk carrier,180.0,30.0,24288.0,35000.0,,12.3,10.6,901.33,2330.26,0.0
9022,Chemical tanker,183.0,32.0,29812.0,49999.0,,12.9,10.9,3231.8,9572.85,1.0
9023,Chemical tanker,183.0,32.0,29812.0,49999.0,,13.4,10.2,3566.04,11426.05,1.0
9024,Gas carrier,146.0,22.0,13549.0,15119.0,9840 KW,15.3,10.3,4785.63,15861.29,5.0
9025,Container ship,188.0,30.0,27279.0,30189.0,12840 KW,18.5,15.4,1392.1,7453.14,4.0
9026,Container ship,189.0,30.0,27279.0,30079.0,,13.0,12.3,906.0,3470.84,4.0
9027,Container ship,189.0,30.0,27279.0,30136.0,,15.9,13.1,1748.06,8379.99,4.0
9028,Oil tanker,183.0,32.0,29737.0,49999.0,,13.9,12.1,2394.9,6235.84,8.0
9029,Oil tanker,183.0,32.0,29737.0,49999.0,,11.0,9.4,3282.2,8422.64,8.0
9030,Container ship,255.0,37.0,51872.0,65193.0,24680 KW,15.9,13.4,1044.0,8941.81,4.0
9032,Container ship,255.0,37.0,51872.0,65165.0,24680 KW,18.8,16.7,983.0,8767.72,4.0
9034,Oil tanker,251.0,45.0,62914.0,114264.0,,16.3,11.7,4237.69,24312.98,8.0
9035,Bulk carrier,180.0,32.0,25494.0,38703.0,,13.3,10.4,2382.72,5382.09,0.0
9037,Bulk carrier,240.0,38.0,51147.0,89772.0,,11.7,10.7,2228.02,7513.07,0.0
9040,Container ship,299.0,48.0,94930.0,112171.0,,18.3,17.7,824.4,8396.3,4.0
9041,Container ship,399.0,58.0,188638.0,184320.0,,20.1,17.1,3324.6,65846.72,4.0
9042,Container ship,399.0,58.0,188638.0,184320.0,,18.9,12.3,4036.1,64157.64,4.0
9043,Container ship,399.0,58.0,188638.0,184320.0,,22.4,16.2,3149.6,50878.55,4.0
9044,Container ship,399.0,58.0,188638.0,184320.0,,20.3,15.2,3264.1,48541.44,4.0
9045,General cargo ship,166.0,27.0,22362.0,31777.0,,15.0,11.9,883.2,2579.55,6.0
9046,Bulk carrier,179.0,30.0,25303.0,39202.0,6050 KW,14.9,10.8,1731.25,4097.29,0.0
9047,Chemical tanker,183.0,32.0,29935.0,49990.0,,16.1,12.2,948.9,2842.24,1.0
9048,Chemical tanker,183.0,32.0,29935.0,49990.0,7180 KW,14.8,12.2,1446.8,4610.41,1.0
9049,Bulk carrier,199.0,32.0,36300.0,63800.0,,12.7,11.0,802.55,2695.4,0.0
9051,Bulk carrier,199.0,32.0,36300.0,63413.0,8050 KW,14.7,12.0,1011.05,3522.43,0.0
9052,Bulk carrier,199.0,32.0,36300.0,63466.0,8833 KW,15.7,10.5,531.6,1898.23,0.0
9053,Bulk carrier,199.0,32.0,36300.0,63459.0,8050 KW,14.5,9.3,326.3,1144.51,0.0
9054,Oil tanker,184.0,27.0,24230.0,38734.0,8502 KW,12.2,7.9,3760.63,11067.7,8.0
9055,Oil tanker,184.0,27.0,24162.0,38734.0,8502 KW,13.4,6.9,3138.78,10495.82,8.0
9056,Chemical tanker,184.0,27.0,24162.0,38734.0,8502 KW,15.0,11.2,4526.18,11210.32,1.0
9057,Oil tanker,184.0,27.0,24230.0,38734.0,10680 KW,14.8,11.8,4214.89,11259.4,8.0
9058,Oil tanker,255.0,43.0,62769.0,109999.0,,15.0,11.3,1243.49,5341.1,8.0
9059,Oil tanker,255.0,43.0,62769.0,109999.0,11200 KW,13.5,11.6,2187.35,9227.26,8.0
9060,Oil tanker,255.0,43.0,64792.0,109999.0,,13.3,10.4,1101.9,4390.91,8.0
9061,Oil tanker,255.0,43.0,64792.0,109999.0,,14.9,10.9,1504.22,6279.1,8.0
9062,Oil tanker,228.0,42.0,57312.0,106282.0,,12.6,9.3,3859.6,10394.59,8.0
9063,Oil tanker,228.0,42.0,57312.0,106373.0,,15.2,10.6,2917.08,11554.23,8.0
9065,Bulk carrier,180.0,32.0,25546.0,38558.0,7781 KW,12.4,10.9,749.25,1966.01,0.0
9066,Bulk carrier,180.0,32.0,25546.0,39935.0,,13.0,10.0,2103.25,5516.81,0.0
9067,Bulk carrier,179.0,28.0,24696.0,38868.0,,16.3,11.3,1641.63,4491.85,0.0
9069,Container ship,194.0,32.0,28316.0,35586.0,,15.5,12.9,696.2,2715.57,4.0
9070,Container ship,194.0,32.0,28316.0,35225.0,,17.5,14.2,2323.23,12016.14,4.0
9071,Bulk carrier,179.0,32.0,25515.0,38000.0,,11.9,9.1,658.58,1897.29,0.0
9073,Oil tanker,183.0,32.0,29534.0,49999.0,7628 KW,14.6,11.7,904.6,2590.89,8.0
9074,Chemical tanker,181.0,32.0,29534.0,49999.0,,15.2,12.5,1364.8,4335.33,1.0
9075,Oil tanker,101.0,19.0,5621.0,7709.0,,9.3,7.7,3564.4,6603.28,8.0
9078,Oil tanker,256.0,43.0,64705.0,109999.0,,14.7,11.7,1928.22,9638.38,8.0
9079,Oil tanker,256.0,43.0,64827.0,109999.0,11760 KW,12.5,10.6,2608.7,10208.46,8.0
9080,Oil tanker,183.0,32.0,29806.0,49990.0,,12.2,10.3,1296.8,3211.88,8.0
9081,Oil tanker,183.0,32.0,29806.0,49990.0,,12.3,9.1,945.3,2576.57,8.0
9082,Bulk carrier,199.0,23.0,20789.0,34564.0,,14.2,12.6,1452.4,3632.31,0.0
9083,Bulk carrier,199.0,23.0,20789.0,34564.0,,15.3,12.2,2786.7,6709.57,0.0
9084,Bulk carrier,199.0,23.0,20789.0,34564.0,,14.4,9.9,1920.3,4373.92,0.0
9085,Bulk carrier,199.0,23.0,20789.0,34564.0,,15.0,11.7,2991.8,6919.44,0.0
9086,Bulk carrier,199.0,23.0,20789.0,34564.0,,15.4,13.6,957.9,2446.62,0.0
9087,Bulk carrier,199.0,23.0,20789.0,34564.0,,9.8,9.8,1480.7,3433.92,0.0
9088,Bulk carrier,228.0,32.0,43007.0,81938.0,,15.3,11.3,2470.3,8524.32,0.0
9089,Bulk carrier,228.0,32.0,43007.0,81938.0,,13.4,8.6,617.0,2385.88,0.0
9090,Bulk carrier,179.0,30.0,23433.0,35906.0,,15.6,11.0,123.13,476.19,0.0
9091,Bulk carrier,181.0,30.0,23689.0,37888.0,7563 KW,13.6,10.6,541.92,1544.42,0.0
9096,Bulk carrier,199.0,32.0,36330.0,63334.0,,15.9,10.9,1305.66,5053.01,0.0
9097,Bulk carrier,200.0,32.0,36517.0,63038.0,8500 KW,15.5,11.3,2513.0,8324.8,0.0
9098,Bulk carrier,229.0,32.0,43429.0,81000.0,,5.3,4.8,1628.3,5640.98,0.0
9100,Bulk carrier,199.0,32.0,35884.0,62653.0,,12.0,9.8,2110.43,6357.35,0.0
9101,Bulk carrier,199.0,32.0,35884.0,62690.0,,12.5,6.8,587.8,2055.52,0.0
9103,Container ship,299.0,48.0,94784.0,112171.0,,14.9,13.2,3261.8,37934.23,4.0
9104,Bulk carrier,199.0,32.0,34049.0,60550.0,7260 KW,15.2,13.2,2458.0,7988.31,0.0
9105,Container ship,299.0,48.0,94930.0,112231.0,,14.5,13.2,902.9,5781.25,4.0
9106,Container ship,299.0,48.0,94930.0,112233.0,,14.4,9.8,221.18,1900.04,4.0
9107,Container ship,299.0,48.0,94930.0,112233.0,36440 KW,13.3,11.3,3514.93,30312.74,4.0
9108,Gas carrier,119.0,18.0,5859.0,6486.0,,13.1,11.9,1504.2,3755.22,5.0
9109,Bulk carrier,199.0,32.0,36332.0,63605.0,,15.1,12.5,1091.27,3960.02,0.0
9110,Bulk carrier,199.0,32.0,36352.0,63655.0,8500 KW,13.0,10.6,587.49,2150.77,0.0
9112,Bulk carrier,199.0,32.0,36324.0,63549.0,8050 KW,15.0,10.3,1058.87,4083.74,0.0
9114,Bulk carrier,199.0,32.0,36474.0,63495.0,,13.8,12.4,1426.0,5266.03,0.0
9115,Bulk carrier,199.0,32.0,36324.0,63800.0,6843 KW,15.1,11.5,1047.1,3394.8,0.0
9116,Gas carrier,199.0,33.0,37366.0,42543.0,11500 KW,17.1,13.5,3875.64,17478.68,5.0
9117,Gas carrier,199.0,33.0,37366.0,42543.0,9350 KW,16.8,13.6,917.0,3728.69,5.0
9118,General cargo ship,138.0,21.0,9989.0,12700.0,3309 KW,11.7,11.0,2977.0,4853.06,6.0
9120,Bulk carrier,193.0,32.0,34686.0,61146.0,,12.1,8.7,1052.0,3341.17,0.0
9121,Chemical tanker,182.0,32.0,29407.0,49992.0,,11.4,6.9,1079.8,2758.5,1.0
9122,Bulk carrier,199.0,32.0,34939.0,63280.0,,15.6,9.7,444.07,1309.82,0.0
9123,Bulk carrier,199.0,32.0,34939.0,63280.0,,14.0,11.9,432.9,1367.3,0.0
9124,Bulk carrier,131.0,23.0,13110.0,16957.0,,14.4,10.0,1057.75,2413.33,0.0
9126,Bulk carrier,179.0,30.0,24868.0,39000.0,,16.2,10.8,1604.4,4555.24,0.0
9128,Bulk carrier,179.0,30.0,24868.0,39266.0,,11.1,10.2,3083.5,8310.95,0.0
9129,Bulk carrier,199.0,32.0,36449.0,63542.0,8050 KW,14.3,10.6,747.1,2755.72,0.0
9130,Bulk carrier,199.0,33.0,36353.0,64000.0,,12.8,9.4,1308.36,4804.47,0.0
9131,Bulk carrier,183.0,30.0,23856.0,38695.0,,12.2,9.8,2838.75,6196.57,0.0
9132,Bulk carrier,199.0,32.0,36203.0,63203.0,,15.9,11.2,1004.4,3586.57,0.0
9133,Chemical tanker,183.0,32.0,29770.0,50136.0,7260 KW,15.4,10.3,1260.7,3915.18,1.0
9135,General cargo ship,147.0,23.0,11492.0,12500.0,,15.9,11.6,447.24,792.96,6.0
9136,Oil tanker,182.0,32.0,29770.0,50108.0,7260 KW,13.1,11.9,1058.3,2514.25,8.0
9143,Bulk carrier,199.0,32.0,36295.0,63458.0,,14.8,10.7,169.0,770.53,0.0
9144,Oil tanker,274.0,48.0,81594.0,157031.0,,17.4,12.3,1430.0,7522.92,8.0
9145,Oil tanker,274.0,48.0,81293.0,149990.0,,15.6,12.2,695.0,2124.2,8.0
9146,Bulk carrier,199.0,32.0,34812.0,61271.0,,14.8,10.8,706.0,2122.33,0.0
9147,Bulk carrier,179.0,29.0,23322.0,37707.0,6820 KW,12.9,10.5,1830.1,4477.43,0.0
9148,Bulk carrier,169.0,27.0,17027.0,28284.0,5850 KW,13.6,10.2,570.2,1564.6,0.0
9149,Bulk carrier,199.0,32.0,34810.0,61311.0,,15.5,9.9,578.9,2657.08,0.0
9150,Bulk carrier,179.0,28.0,20981.0,32768.0,,14.7,11.7,1591.0,3837.99,0.0
9152,Bulk carrier,179.0,28.0,21265.0,33199.0,,19.0,13.0,926.9,2608.08,0.0
9153,Bulk carrier,179.0,28.0,21265.0,33173.0,,16.1,11.7,513.6,1341.46,0.0
9155,Bulk carrier,224.0,32.0,40937.0,77113.0,,14.0,11.8,551.3,1467.26,0.0
9156,Bulk carrier,224.0,32.0,40937.0,77095.0,,13.8,10.1,675.05,2627.06,0.0
9157,Bulk carrier,199.0,32.0,34810.0,61299.0,,15.1,12.8,1373.7,4734.09,0.0
9158,Bulk carrier,199.0,32.0,34815.0,61286.0,8262 KW,15.7,10.7,670.3,1474.81,0.0
9159,LNG carrier,294.0,46.0,113037.0,96000.0,,20.6,15.1,804.9,8502.87,7.0
9162,Bulk carrier,229.0,32.0,43291.0,81043.0,,15.6,10.9,1242.7,4604.43,0.0
9163,Bulk carrier,200.0,32.0,36353.0,63696.0,,13.4,11.9,2456.0,11829.77,0.0
9164,General cargo ship,165.0,27.0,22362.0,31798.0,6605 KW,16.0,12.6,2046.45,4427.83,6.0
9167,Gas carrier,225.0,36.0,47342.0,54561.0,,19.1,15.9,722.8,3372.12,5.0
9169,Bulk carrier,199.0,32.0,36311.0,63800.0,8050 KW,14.0,12.9,2130.0,6866.81,0.0
9170,Bulk carrier,199.0,32.0,36311.0,63800.0,,14.6,10.3,1153.6,3051.19,0.0
9171,Gas carrier,225.0,36.0,47379.0,54450.0,12400 KW,18.3,12.8,3346.65,20069.67,5.0
9172,Gas carrier,226.0,36.0,48963.0,54656.0,12400 KW,18.6,14.9,772.3,4076.05,5.0
9178,Container ship,398.0,54.0,177381.0,186745.0,,17.7,16.5,3830.17,57377.31,4.0
9179,Container ship,398.0,54.0,177381.0,186529.0,,19.5,15.2,1651.99,24966.08,4.0
9180,Container ship,398.0,54.0,175688.0,186528.0,,10.4,10.4,1617.86,25764.04,4.0
9181,Chemical tanker,182.0,32.0,29225.0,50000.0,,12.7,11.4,1201.0,4614.21,1.0
9182,Chemical tanker,182.0,32.0,29225.0,49999.0,,14.2,9.5,1459.0,4944.43,1.0
9183,Chemical tanker,182.0,32.0,29225.0,49999.0,,14.5,12.6,980.6,3847.82,1.0
9185,Container ship,299.0,48.0,96331.0,110800.0,47430 KW,19.8,17.2,953.5,16260.2,4.0
9192,Bulk carrier,199.0,32.0,36332.0,64000.0,,15.4,10.6,1582.55,5948.01,0.0
9193,Bulk carrier,199.0,32.0,36332.0,63608.0,,16.8,12.0,1689.4,5989.24,0.0
9194,Bulk carrier,292.0,45.0,93302.0,182421.0,,14.4,10.6,1400.0,6902.14,0.0
9195,Bulk carrier,229.0,32.0,44218.0,80866.0,9930 KW,11.9,7.6,2396.3,8679.34,0.0
9196,Bulk carrier,229.0,32.0,44218.0,80839.0,9930 KW,12.7,7.2,4313.88,17249.54,0.0
9199,Bulk carrier,228.0,32.0,43007.0,81917.0,,14.8,11.4,813.6,2320.16,0.0
9200,Bulk carrier,189.0,32.0,32360.0,57902.0,,13.6,10.5,1386.22,3970.94,0.0
9201,Bulk carrier,189.0,32.0,30171.0,48614.0,,13.0,11.4,0.0,0.0,0.0
9202,Passenger ship,224.0,31.0,55254.0,5974.0,32000 KW,19.1,16.3,287.54,2898.23,9.0
9203,Bulk carrier,292.0,45.0,94594.0,180940.0,,15.0,10.0,1696.5,11707.38,0.0
9205,Bulk carrier,228.0,32.0,44109.0,81061.0,,15.9,11.3,1891.0,6208.55,0.0
9206,Container ship,395.0,59.0,192784.0,199273.0,,20.7,16.2,1257.9,14066.27,4.0
9208,Container ship,395.0,59.0,192784.0,199272.0,,20.7,16.9,1169.6,13943.24,4.0
9209,Oil tanker,251.0,44.0,62700.0,109900.0,12000 KW,13.5,10.9,5020.88,20616.27,8.0
9210,Oil tanker,251.0,44.0,62700.0,109900.0,,12.6,9.3,2737.55,10312.45,8.0
9212,Bulk carrier,180.0,32.0,25442.0,38800.0,,14.0,11.1,954.9,2179.99,0.0
9213,Bulk carrier,199.0,32.0,35812.0,63500.0,8300 KW,14.6,10.1,1043.46,3415.48,0.0
9214,Bulk carrier,198.0,32.0,34349.0,60948.0,8370 KW,14.3,12.4,1633.5,5493.53,0.0
9215,Bulk carrier,198.0,32.0,34349.0,60960.0,8370 KW,14.2,11.4,943.25,3375.2,0.0
9217,Bulk carrier,180.0,30.0,24184.0,35000.0,,12.9,10.1,574.0,333.42,0.0
9218,Passenger ship,142.0,18.0,10992.0,1400.0,,14.3,11.7,3339.0,7412.27,9.0
9219,Chemical tanker,183.0,32.0,29785.0,49990.0,,13.6,11.9,1024.7,2697.89,1.0
9220,Oil tanker,183.0,32.0,29785.0,49990.0,,13.4,10.9,2275.61,6873.8,8.0
9221,Oil tanker,183.0,32.0,29899.0,49990.0,,14.7,13.1,1086.3,2874.51,8.0
9222,Chemical tanker,183.0,32.0,29785.0,49990.0,8090 KW,14.5,11.3,1158.24,2686.94,1.0
9224,Gas carrier,159.0,24.0,17208.0,16672.0,,16.3,11.4,629.0,1448.26,5.0
9225,Gas carrier,159.0,24.0,17208.0,16590.0,7117 KW,16.2,9.3,2320.7,4756.83,5.0
9226,Gas carrier,159.0,24.0,17208.0,16602.0,7170 KW,15.1,11.2,914.8,2251.93,5.0
9227,Container ship,368.0,51.0,144651.0,145502.0,52723 KW,15.2,10.7,1816.67,19782.59,4.0
9228,Container ship,368.0,51.0,144651.0,145557.0,,13.2,10.1,735.07,5106.67,4.0
9229,Container ship,239.0,37.0,44887.0,53500.0,,18.5,12.6,3336.9,22626.25,4.0
9233,General cargo ship,189.0,28.0,26600.0,38098.0,,14.0,11.9,1131.71,3194.16,6.0
9235,Bulk carrier,199.0,32.0,36336.0,63500.0,8500 KW,11.8,11.8,834.51,3469.36,0.0
9240,Container ship,299.0,48.0,96704.0,113800.0,,20.2,17.5,402.41,3764.76,4.0
9241,Container ship,299.0,48.0,95793.0,113800.0,47430 KW,19.5,16.3,799.22,8286.65,4.0
9242,Bulk carrier,292.0,45.0,94455.0,181008.0,,14.0,11.2,984.3,5169.45,0.0
9243,Bulk carrier,199.0,32.0,34586.0,61559.0,,12.2,11.0,972.0,3707.31,0.0
9245,Bulk carrier,199.0,32.0,34447.0,61587.0,,16.3,12.9,741.8,2815.02,0.0
9248,Bulk carrier,199.0,32.0,36421.0,63328.0,8500 KW,14.4,12.9,1573.0,5573.5,0.0
9249,Bulk carrier,189.0,32.0,31557.0,55404.0,,11.6,6.6,644.8,2124.16,0.0
9250,Chemical tanker,145.0,24.0,12129.0,19997.0,,17.1,10.3,2716.9,6062.47,1.0
9251,Chemical tanker,145.0,24.0,12129.0,19994.0,,16.6,13.7,2611.2,6681.22,1.0
9252,Chemical tanker,145.0,24.0,12129.0,19998.0,,15.4,12.7,3151.73,7643.27,1.0
9253,Chemical tanker,145.0,24.0,12129.0,19996.0,,12.6,9.8,2625.0,6586.97,1.0
9254,Chemical tanker,145.0,24.0,12128.0,19996.0,,16.3,11.2,2873.48,7026.27,1.0
9255,Chemical tanker,189.0,35.0,31905.0,49990.0,10320 KW,13.1,11.4,4543.4,14095.92,1.0
9256,Bulk carrier,199.0,32.0,35884.0,63166.0,,15.2,10.4,731.4,2621.67,0.0
9257,Container ship,330.0,48.0,112836.0,134869.0,,6.9,6.9,378.7,4845.58,4.0
9258,Container ship,329.0,48.0,112836.0,134869.0,,16.2,12.5,1641.5,24722.02,4.0
9259,Container ship,299.0,48.0,96424.0,115590.0,,19.6,16.6,4705.0,60135.43,4.0
9261,Chemical tanker,183.0,32.0,29788.0,49687.0,9100 KW,17.4,11.5,2179.18,7059.24,1.0
9262,Chemical tanker,183.0,32.0,29897.0,49687.0,,13.7,11.7,1923.97,6113.63,1.0
9263,Oil tanker,184.0,27.0,24230.0,38734.0,8000 KW,14.5,9.9,2216.55,6040.1,8.0
9264,Chemical tanker,184.0,27.0,24230.0,38734.0,8502 KW,8.0,8.0,3238.05,9378.15,1.0
9265,Gas carrier,225.0,36.0,47379.0,54555.0,12400 KW,17.7,11.3,1404.73,6802.27,5.0
9266,Bulk carrier,229.0,32.0,44113.0,81947.0,,11.4,7.4,1338.2,4694.99,0.0
9267,Bulk carrier,229.0,32.0,44113.0,82044.0,,16.1,13.9,920.0,3405.14,0.0
9268,Bulk carrier,181.0,30.0,23689.0,37888.0,6050 KW,14.3,7.0,878.93,2758.46,0.0
9269,Ro-ro ship,181.0,26.0,23937.0,12235.0,,19.3,18.9,5331.82,27925.91,12.0
9270,Container ship,365.0,51.0,150709.0,147443.0,,16.4,11.0,1493.1,18099.66,4.0
9272,Bulk carrier,228.0,32.0,44192.0,82042.0,7448 KW,10.0,10.0,0.0,0.0,0.0
9273,Bulk carrier,229.0,32.0,44192.0,82046.0,,11.3,10.0,0.0,0.0,0.0
9274,Chemical tanker,183.0,32.0,29806.0,49990.0,,12.9,10.6,3434.9,10120.1,1.0
9275,Chemical tanker,182.0,32.0,29806.0,49990.0,,14.1,9.8,880.6,2170.73,1.0
9276,Container ship,399.0,54.0,179922.0,184700.0,,20.4,16.5,2193.45,33400.23,4.0
9277,Container ship,399.0,54.0,179922.0,185000.0,,17.7,11.3,1767.74,27046.81,4.0
9278,Container ship,399.0,54.0,179922.0,185000.0,,20.7,17.2,2528.64,38144.97,4.0
9284,Chemical tanker,183.0,32.0,29806.0,49990.0,7500 KW,15.0,12.3,796.51,2414.04,1.0
9285,Chemical tanker,184.0,27.0,23702.0,37764.0,,13.0,10.0,2263.6,5339.49,1.0
9286,Chemical tanker,184.0,28.0,23702.0,37764.0,,14.5,12.9,1609.5,4013.7,1.0
9287,LNG carrier,291.0,45.0,112764.0,87981.0,22200 KW,16.8,14.3,1306.0,13499.79,7.0
9288,Bulk carrier,189.0,32.0,32370.0,57836.0,,15.9,12.8,849.0,3228.91,0.0
9289,Bulk carrier,189.0,32.0,32370.0,57836.0,,14.0,11.4,977.0,2784.19,0.0
9290,Bulk carrier,199.0,32.0,36355.0,63516.0,8548 KW,12.5,10.5,1232.3,4600.94,0.0
9292,Oil tanker,183.0,32.0,29899.0,49990.0,,12.6,7.2,984.1,3004.02,8.0
9293,Chemical tanker,158.0,27.0,15591.0,25215.0,6000 KW,14.8,9.7,3500.05,6658.85,1.0
9294,Chemical tanker,182.0,26.0,15591.0,25217.0,,16.9,11.1,1546.75,3219.23,1.0
9295,Oil tanker,158.0,26.0,15591.0,25233.0,,15.9,12.6,1543.8,3098.1,8.0
9296,Oil tanker,158.0,26.0,15591.0,25211.0,6000 KW,16.5,12.7,801.1,1764.7,8.0
9297,Bulk carrier,179.0,30.0,25278.0,39071.0,6050 KW,14.1,11.1,2965.74,7474.57,0.0
9298,Bulk carrier,179.0,30.0,25278.0,39072.0,6050 KW,10.7,10.7,2326.64,6169.23,0.0
9299,Bulk carrier,179.0,30.0,25278.0,39072.0,6050 KW,15.4,11.1,1109.37,2689.18,0.0
9300,Bulk carrier,179.0,30.0,25278.0,38520.0,,12.3,11.0,3378.95,8665.01,0.0
9301,Oil tanker,255.0,43.0,62769.0,109999.0,,15.4,11.0,774.6,3143.68,8.0
9302,Oil tanker,255.0,43.0,62769.0,109999.0,,15.5,11.8,1150.9,3983.37,8.0
9303,Bulk carrier,199.0,32.0,36415.0,63553.0,,14.4,11.3,591.46,2055.7,0.0
9304,Chemical tanker,183.0,32.0,29737.0,49999.0,,14.6,11.8,2631.5,7532.75,1.0
9305,Chemical tanker,183.0,32.0,29737.0,49999.0,,15.7,10.6,620.7,1593.29,1.0
9306,Chemical tanker,183.0,32.0,29737.0,49999.0,29737 KW,14.5,9.7,2440.38,6602.18,1.0
9307,Container ship,255.0,37.0,48385.0,62238.0,27060 KW,20.5,17.6,3302.78,25031.75,4.0
9308,Container ship,368.0,51.0,145136.0,145784.0,,19.2,11.6,1506.27,15842.47,4.0
9311,Oil tanker,250.0,44.0,63915.0,109999.0,,15.6,11.5,1182.9,5651.24,8.0
9312,Oil tanker,249.0,44.0,63915.0,109999.0,,15.7,11.9,1918.8,7827.68,8.0
9313,Oil tanker,249.0,44.0,63915.0,109999.0,,15.2,11.6,1465.19,6989.33,8.0
9314,Oil tanker,183.0,32.0,29445.0,49990.0,7317 KW,13.5,10.5,1363.6,4268.75,8.0
9315,Container ship,395.0,59.0,192237.0,199272.0,,19.3,16.6,1044.5,11991.5,4.0
9316,Container ship,395.0,59.0,192237.0,199272.0,,20.4,14.0,2792.6,48341.1,4.0
9317,Container ship,395.0,59.0,192237.0,199272.0,,20.9,18.3,781.3,8109.17,4.0
9319,Chemical tanker,183.0,32.0,29705.0,50124.0,,15.3,11.3,2413.8,7061.39,1.0
9329,Container ship,400.0,58.0,195636.0,199744.0,56056 KW,20.6,16.7,2225.8,31111.96,4.0
9332,Bulk carrier,177.0,30.0,22468.0,35510.0,,12.3,11.9,2312.1,4784.6,0.0
9333,Bulk carrier,177.0,30.0,22468.0,35510.0,,8.6,8.6,1396.1,3319.31,0.0
9334,Bulk carrier,190.0,18.0,32540.0,57593.0,,13.6,10.9,185.76,600.61,0.0
9335,Bulk carrier,189.0,32.0,32540.0,57593.0,,12.9,9.8,636.5,1878.78,0.0
9337,Bulk carrier,228.0,32.0,43040.0,81820.0,,11.9,9.9,864.5,3009.75,0.0
9338,LNG carrier,293.0,46.0,115174.0,88684.0,,17.7,13.3,661.5,5061.16,7.0
9339,LNG carrier,293.0,46.0,111000.0,85000.0,,19.4,14.4,757.5,5156.9,7.0
9340,Oil tanker,333.0,60.0,154379.0,299421.0,,15.4,11.7,2515.9,12958.59,8.0
9343,Container ship,190.0,30.0,26645.0,27322.0,,16.9,15.0,5462.86,36837.35,4.0
9346,Bulk carrier,180.0,32.0,25546.0,38743.0,,10.1,8.2,998.0,2817.7,0.0
9347,Bulk carrier,179.0,32.0,25546.0,38785.0,,16.3,13.9,2512.3,6377.06,0.0
9348,Bulk carrier,179.0,32.0,25546.0,38763.0,,16.3,11.5,1456.6,3682.86,0.0
9349,LNG carrier,290.0,46.0,113502.0,92776.0,,19.3,17.0,1286.8,13527.46,7.0
9350,LNG carrier,290.0,46.0,113502.0,92621.0,,17.8,13.8,560.87,3878.89,7.0
9351,Oil tanker,183.0,32.0,29658.0,49999.0,,14.9,9.0,4412.9,11461.48,8.0
9352,Chemical tanker,183.0,32.0,29658.0,49899.0,,12.9,10.0,2284.87,7425.42,1.0
9353,General cargo ship,190.0,28.0,24778.0,31615.0,8350 KW,14.0,11.8,773.27,2741.17,6.0
9355,Container ship,299.0,48.0,94416.0,111029.0,41400 KW,20.1,18.0,2674.78,31500.4,4.0
9356,Container ship,299.0,48.0,94416.0,110973.0,41400 KW,18.6,16.4,4068.2,54555.03,4.0
9360,General cargo ship,173.0,42.0,23134.0,20157.0,13410 KW,15.0,9.0,961.02,2801.63,6.0
9361,Bulk carrier,199.0,32.0,36332.0,63541.0,,12.3,10.0,490.0,1659.21,0.0
9362,Bulk carrier,199.0,32.0,36332.0,63526.0,,12.0,8.3,1491.4,5108.02,0.0
9364,Bulk carrier,229.0,32.0,44200.0,82057.0,,14.9,11.7,1071.1,4017.19,0.0
9367,Bulk carrier,224.0,32.0,40937.0,77134.0,,14.6,11.2,362.4,1425.88,0.0
9369,Bulk carrier,229.0,32.0,44190.0,82019.0,,14.2,12.0,806.0,3111.63,0.0
9370,Bulk carrier,199.0,32.0,34626.0,61208.0,,15.3,8.7,947.35,3679.71,0.0
9371,Bulk carrier,199.0,32.0,34779.0,61320.0,,12.6,9.4,474.0,1957.99,0.0
9373,Oil tanker,251.0,44.0,62394.0,113969.0,11140 KW,14.8,10.9,1610.03,11622.34,8.0
9374,Oil tanker,250.0,44.0,62394.0,113998.0,,13.0,8.5,2584.4,7889.21,8.0
9375,Gas carrier,119.0,20.0,7951.0,8131.0,,13.7,10.5,3661.0,5847.35,5.0
9376,Gas carrier,147.0,24.0,13794.0,15028.0,6430 KW,17.4,14.4,1820.4,5181.83,5.0
9377,Gas carrier,147.0,24.0,13794.0,15034.0,6430 KW,16.1,13.0,1253.98,3343.84,5.0
9378,Gas carrier,147.0,22.0,13794.0,15009.0,6430 KW,16.0,11.5,1359.9,4279.8,5.0
9379,Gas carrier,147.0,22.0,13794.0,15050.0,6430 KW,13.7,8.3,2471.7,7690.46,5.0
9380,Chemical tanker,184.0,27.0,23676.0,38506.0,,16.6,12.4,1892.0,5560.04,1.0
9381,Chemical tanker,184.0,27.0,23676.0,38506.0,,6.3,5.6,1532.27,5375.68,1.0
9382,Chemical tanker,184.0,27.0,23676.0,37596.0,,13.8,10.7,1632.8,4819.52,1.0
9384,Bulk carrier,177.0,28.0,22872.0,36920.0,7050 KW,13.3,11.5,2456.3,6407.13,0.0
9385,Bulk carrier,177.0,28.0,22872.0,36920.0,7050 KW,14.5,12.9,1755.0,5055.49,0.0
9386,Bulk carrier,179.0,32.0,25546.0,38835.0,,13.9,10.9,1703.29,4042.12,0.0
9387,Bulk carrier,179.0,32.0,25546.0,38781.0,,14.9,9.8,2007.0,5331.5,0.0
9388,Bulk carrier,179.0,32.0,25546.0,38734.0,,12.9,11.4,1936.7,4905.93,0.0
9389,Bulk carrier,179.0,32.0,25546.0,38749.0,,13.8,10.9,1312.4,3301.98,0.0
9390,Gas carrier,174.0,28.0,25144.0,28372.0,7860 KW,16.2,15.1,1030.0,3162.3,5.0
9391,Gas carrier,180.0,29.0,25144.0,28500.0,7860 KW,16.4,13.4,757.9,2321.89,5.0
9393,Bulk carrier,179.0,28.0,22494.0,34510.0,,13.2,10.5,1988.84,5403.66,0.0
9395,Bulk carrier,199.0,32.0,36322.0,63483.0,,12.9,10.4,1850.38,6257.06,0.0
9396,Oil tanker,183.0,32.0,29609.0,49667.0,,14.8,10.3,1479.2,4968.39,8.0
9397,Oil tanker,183.0,32.0,29609.0,49757.0,,14.1,12.7,2059.5,5312.27,8.0
9398,Bulk carrier,176.0,28.0,21801.0,35947.0,,13.7,9.8,1347.3,3360.16,0.0
9399,Bulk carrier,228.0,35.0,45221.0,84867.0,,13.5,10.1,1490.49,5123.91,0.0
9400,Bulk carrier,228.0,35.0,45220.0,84867.0,,12.9,10.0,377.92,1507.8,0.0
9401,Bulk carrier,199.0,32.0,36449.0,63564.0,,14.9,11.2,711.1,3006.77,0.0
9405,Chemical tanker,149.0,24.0,13122.0,22413.0,,13.5,11.2,2149.86,4361.5,1.0
9406,Chemical tanker,149.0,24.0,13122.0,22396.0,,14.9,11.9,1296.6,2564.94,1.0
9407,Bulk carrier,179.0,28.0,21179.0,33367.0,,13.6,10.8,2522.19,6393.16,0.0
9410,Bulk carrier,179.0,28.0,21194.0,33421.0,,14.5,12.1,1207.0,3092.27,0.0
9411,Bulk carrier,299.0,50.0,108237.0,207555.0,,14.9,11.1,783.0,4982.43,0.0
9412,Bulk carrier,199.0,32.0,34779.0,61323.0,10627 KW,14.9,11.4,1154.0,3989.9,0.0
9413,Oil tanker,250.0,44.0,63915.0,109999.0,,14.5,11.4,1665.9,7889.43,8.0
9415,Bulk carrier,199.0,32.0,34654.0,61411.0,,14.3,11.6,715.9,2343.91,0.0
9416,Bulk carrier,189.0,32.0,31848.0,55837.0,,14.5,12.5,1179.9,3332.12,0.0
9417,Bulk carrier,199.0,32.0,34553.0,60435.0,,11.0,9.4,649.33,1213.11,0.0
9418,LNG carrier,345.0,55.0,169293.0,151915.0,,14.9,7.9,443.7,11518.97,7.0
9419,Bulk carrier,179.0,30.0,21530.0,34533.0,,13.8,10.9,1306.3,2931.95,0.0
9420,Bulk carrier,179.0,30.0,21530.0,34545.0,,11.8,7.9,1577.3,3246.73,0.0
9421,Bulk carrier,179.0,30.0,21502.0,34914.0,,14.1,12.4,1062.69,2627.8,0.0
9422,Container ship,337.0,48.0,113042.0,119510.0,45900 KW,10.5,10.5,1159.2,12903.86,4.0
9423,Bulk carrier,199.0,32.0,36394.0,63320.0,,12.9,9.5,672.0,2283.96,0.0
9424,Bulk carrier,179.0,29.0,23274.0,37687.0,,15.6,12.3,1365.82,3398.63,0.0
9426,Bulk carrier,224.0,32.0,40937.0,77095.0,,12.1,10.1,1036.8,3709.66,0.0
9427,Bulk carrier,199.0,32.0,34815.0,61290.0,,13.4,7.8,1836.0,7109.46,0.0
9428,Gas carrier,119.0,20.0,7981.0,8101.0,,15.8,10.5,1146.3,1892.88,5.0
9429,Gas carrier,119.0,21.0,8359.0,8989.0,,15.7,11.3,935.6,1762.54,5.0
9430,Bulk carrier,199.0,32.0,35873.0,63206.0,,13.7,12.1,1237.0,4640.77,0.0
9431,Bulk carrier,228.0,32.0,43007.0,81938.0,,17.6,11.5,1231.5,4298.07,0.0
9432,Bulk carrier,176.0,30.0,22314.0,35531.0,,14.3,11.9,832.6,2454.41,0.0
9433,Bulk carrier,176.0,30.0,22314.0,35531.0,,14.4,10.8,601.2,1559.98,0.0
9434,Oil tanker,183.0,32.0,29751.0,49999.0,,14.9,11.6,3456.6,10068.57,8.0
9437,Bulk carrier,228.0,35.0,45229.0,84694.0,,14.1,11.6,3387.78,12471.38,0.0
9438,Chemical tanker,184.0,27.0,23676.0,37596.0,,13.6,12.0,1188.62,3741.43,1.0
9439,Chemical tanker,184.0,27.0,23676.0,37596.0,,14.4,11.3,965.2,3271.32,1.0
9440,Bulk carrier,179.0,30.0,24785.0,39802.0,,15.3,9.4,987.9,2527.86,0.0
9441,Bulk carrier,169.0,27.0,17027.0,28145.0,,15.0,10.7,451.0,969.77,0.0
9442,Chemical tanker,184.0,27.0,23676.0,37596.0,,14.7,11.3,2948.0,8256.97,1.0
9443,Chemical tanker,184.0,27.0,23676.0,37596.0,,14.3,11.7,2691.95,7456.41,1.0
9448,Bulk carrier,199.0,32.0,34859.0,61258.0,8050 KW,15.4,11.6,733.04,2164.12,0.0
9450,Bulk carrier,199.0,32.0,34507.0,60414.0,7800 KW,12.6,9.2,609.47,2271.18,0.0
9451,Bulk carrier,199.0,32.0,34507.0,60425.0,,13.2,10.3,1075.88,3063.32,0.0
9452,Bulk carrier,179.0,32.0,25546.0,38683.0,,14.5,11.0,2061.7,5496.13,0.0
9454,Bulk carrier,179.0,32.0,25546.0,38638.0,,15.6,11.9,251.5,580.67,0.0
9455,Bulk carrier,179.0,32.0,25546.0,38717.0,,10.9,6.5,1374.6,4039.2,0.0
9456,Bulk carrier,179.0,32.0,25546.0,38706.0,,15.8,9.0,890.7,2307.53,0.0
9457,Bulk carrier,179.0,30.0,24785.0,39641.0,,16.5,11.0,1408.57,4024.25,0.0
9458,Bulk carrier,180.0,30.0,24785.0,39752.0,,12.6,11.4,91.8,308.96,0.0
9460,Bulk carrier,225.0,32.0,41073.0,75700.0,,13.4,9.8,1072.6,2910.76,0.0
9461,Bulk carrier,225.0,32.0,41073.0,75700.0,,13.7,9.0,804.4,3484.58,0.0
9462,Bulk carrier,228.0,32.0,43036.0,81886.0,,15.1,11.1,1336.0,4786.15,0.0
9463,Bulk carrier,228.0,32.0,43036.0,81886.0,,14.0,10.9,594.6,2379.17,0.0
9465,Gas carrier,117.0,18.0,5320.0,5873.0,,13.5,11.2,1293.6,2145.14,5.0
9466,Bulk carrier,198.0,32.0,34345.0,60897.0,,14.6,10.5,1165.0,5282.78,0.0
9467,Bulk carrier,198.0,32.0,34349.0,60319.0,,15.9,12.1,1310.8,4815.67,0.0
9468,Bulk carrier,198.0,32.0,34255.0,60873.0,,16.3,11.1,1691.0,5399.66,0.0
9469,Chemical tanker,146.0,24.0,11918.0,19993.0,4620 KW,13.3,9.4,2557.63,6029.29,1.0
9470,Chemical tanker,146.0,24.0,11918.0,19989.0,,15.1,13.0,2614.82,5715.57,1.0
9471,Bulk carrier,229.0,32.0,44046.0,81315.0,,15.1,11.6,708.23,2579.61,0.0
9472,Oil tanker,249.0,44.0,64245.0,109855.0,7320 KW,16.7,12.3,495.3,1658.56,8.0
9473,Oil tanker,249.0,44.0,64245.0,109999.0,,14.9,12.1,759.18,3080.21,8.0
9474,Oil tanker,249.0,44.0,64245.0,109999.0,,14.2,11.9,896.4,3773.1,8.0
9475,Container ship,331.0,48.0,118615.0,130317.0,40670 KW,16.4,15.7,826.4,12006.54,4.0
9476,Chemical tanker,184.0,27.0,24184.0,39000.0,,16.4,11.9,3960.07,13798.34,1.0
9477,Chemical tanker,184.0,27.0,24184.0,39000.0,,13.8,10.7,5386.08,13924.18,1.0
9478,Chemical tanker,184.0,27.0,24184.0,39309.0,6700 KW,13.5,12.1,1540.03,4526.2,1.0
9479,Chemical tanker,184.0,27.0,24184.0,39309.0,,13.5,12.8,3448.0,9566.41,1.0
9480,Bulk carrier,229.0,32.0,43968.0,81112.0,,12.5,12.1,1599.2,6258.6,0.0
9481,Gas carrier,119.0,18.0,5849.0,6416.0,,14.6,12.9,457.7,1010.62,5.0
9482,Bulk carrier,225.0,32.0,41759.0,77998.0,,13.7,9.2,2405.0,8057.01,0.0
9483,Bulk carrier,225.0,32.0,41759.0,77998.0,,12.3,10.1,977.0,2784.54,0.0
9484,Chemical tanker,184.0,27.0,24061.0,39208.0,,12.9,11.7,2750.9,8583.36,1.0
9485,Bulk carrier,185.0,23.0,19104.0,27674.0,5180 KW,13.7,10.0,1185.9,3124.14,0.0
9486,Bulk carrier,199.0,32.0,36336.0,63481.0,8050 KW,14.9,12.8,1011.83,3168.83,0.0
9487,Bulk carrier,199.0,32.0,36336.0,63501.0,10605 KW,13.5,11.2,698.8,2515.84,0.0
9489,Oil tanker,183.0,32.0,29735.0,49990.0,,13.8,11.2,616.21,1429.03,8.0
9490,Bulk carrier,229.0,32.0,44029.0,81061.0,9832 KW,12.9,10.9,346.5,1178.35,0.0
9491,Oil tanker,183.0,32.0,29455.0,49722.0,,10.0,7.2,1027.85,2792.04,8.0
9492,Oil tanker,183.0,32.0,29455.0,49687.0,,13.7,12.8,1984.1,5792.82,8.0
9493,Oil tanker,183.0,32.0,29455.0,51800.0,,15.9,11.8,244.4,825.64,8.0
9495,Bulk carrier,199.0,32.0,36415.0,63590.0,,13.0,11.0,3248.15,8719.86,0.0
9496,Bulk carrier,199.0,32.0,36415.0,63590.0,8050 KW,13.9,10.0,697.0,1568.41,0.0
9497,Bulk carrier,199.0,32.0,36415.0,63511.0,8050 KW,14.4,10.6,1617.4,4481.96,0.0
9499,Bulk carrier,292.0,45.0,94013.0,180387.0,13235 KW,15.2,11.4,421.5,2479.43,0.0
9500,Bulk carrier,199.0,32.0,36314.0,63800.0,,15.6,11.6,1834.4,5410.11,0.0
9501,Bulk carrier,299.0,50.0,107718.0,209249.0,,15.1,11.8,707.0,5196.46,0.0
9502,Oil tanker,183.0,32.0,29375.0,49737.0,7700 KW,17.0,10.9,1520.9,3677.64,8.0
9503,Oil tanker,183.0,32.0,29375.0,49668.0,,15.6,13.1,1108.5,4392.36,8.0
9504,Bulk carrier,180.0,30.0,24198.0,37489.0,6350 KW,11.5,10.5,2272.61,6490.9,0.0
9507,Bulk carrier,229.0,32.0,44127.0,82043.0,9800 KW,11.6,10.0,1263.27,4613.63,0.0
9508,Chemical tanker,183.0,32.0,29354.0,49734.0,,13.5,9.9,1653.3,4760.71,1.0
9509,Chemical tanker,183.0,32.0,29354.0,45923.0,,13.3,11.3,695.48,2049.89,1.0
9510,Chemical tanker,183.0,32.0,29354.0,45923.0,,14.1,10.9,1888.9,5781.56,1.0
9511,Chemical tanker,183.0,32.0,29354.0,49734.0,,4.2,4.2,2001.3,4488.1,1.0
9512,Chemical tanker,183.0,32.0,29375.0,49897.0,,6.3,5.4,3087.4,6743.6,1.0
9513,Oil tanker,183.0,32.0,29375.0,49897.0,,14.4,10.2,2525.53,6615.17,8.0
9514,Chemical tanker,183.0,32.0,29375.0,49897.0,8399 KW,14.1,11.2,691.0,2131.77,1.0
9515,Oil tanker,183.0,32.0,29375.0,49897.0,,15.2,13.0,1514.2,2932.11,8.0
9516,Oil tanker,183.0,32.0,29375.0,49897.0,,12.5,10.6,1479.2,4302.58,8.0
9517,Chemical tanker,183.0,32.0,29375.0,49897.0,,14.4,11.3,3230.73,7604.77,1.0
9518,Bulk carrier,199.0,32.0,36426.0,63478.0,,12.6,9.8,858.75,2901.16,0.0
9519,Bulk carrier,199.0,32.0,36426.0,63523.0,,13.9,9.3,728.6,2667.96,0.0
9521,Container ship,299.0,48.0,95138.0,113227.0,,15.6,9.4,0.0,0.0,4.0
9522,Bulk carrier,229.0,32.0,43956.0,82084.0,,16.1,11.4,1515.1,5809.08,0.0
9523,Bulk carrier,229.0,32.0,43956.0,81966.0,,14.3,10.8,2171.33,7379.7,0.0
9524,Chemical tanker,185.0,28.0,23124.0,32834.0,,15.7,11.7,3065.4,7391.55,1.0
9526,Chemical tanker,185.0,28.0,23124.0,32836.0,,11.3,8.3,2873.68,9866.33,1.0
9527,Gas carrier,180.0,30.0,25952.0,29649.0,,14.4,11.7,3550.52,13834.28,5.0
9528,Bulk carrier,182.0,30.0,24159.0,38872.0,,14.0,12.6,1269.9,3471.61,0.0
9529,Bulk carrier,182.0,30.0,24124.0,38863.0,,13.8,9.7,1576.3,3769.21,0.0
9530,Bulk carrier,182.0,30.0,24159.0,38805.0,,14.3,10.8,1027.63,2823.55,0.0
9531,Gas carrier,225.0,36.0,47342.0,54561.0,,19.6,14.6,1091.2,5438.63,5.0
9532,Gas carrier,225.0,36.0,47342.0,54561.0,,17.7,13.5,736.85,4306.82,5.0
9533,Bulk carrier,199.0,32.0,35884.0,63301.0,,14.1,10.7,1904.8,7228.85,0.0
9534,Bulk carrier,199.0,32.0,35884.0,63270.0,,14.4,13.5,583.4,2385.37,0.0
9535,Oil tanker,249.0,44.0,63915.0,109999.0,,15.4,11.5,1071.19,3755.84,8.0
9537,Chemical tanker,184.0,27.0,23676.0,37596.0,,15.8,10.5,291.9,1081.39,1.0
9538,Chemical tanker,184.0,27.0,23676.0,38506.0,7320 KW,14.7,11.0,966.2,3020.74,1.0
9541,Container ship,270.0,42.0,70704.0,79880.0,32900 KW,20.5,16.4,1888.3,11995.43,4.0
9543,Bulk carrier,292.0,45.0,94528.0,181062.0,,14.1,11.1,899.0,3737.76,0.0
9544,Bulk carrier,199.0,32.0,35812.0,63500.0,8300 KW,14.9,12.3,740.02,2694.89,0.0
9545,General cargo ship,199.0,32.0,35503.0,61007.0,,14.5,11.2,927.5,2872.1,6.0
9546,Chemical tanker,185.0,32.0,29903.0,38789.0,,14.3,11.3,2878.2,13192.38,1.0
9548,Container ship,299.0,48.0,94469.0,110699.0,45000 KW,14.0,13.1,3625.1,68646.27,4.0
9549,Bulk carrier,199.0,36.0,38203.0,66652.0,,12.3,11.1,1079.9,4042.73,0.0
9552,Container ship,299.0,48.0,95514.0,110697.0,52290 KW,20.0,16.8,2837.2,57314.64,4.0
9553,Container ship,299.0,48.0,95514.0,110482.0,,19.3,14.1,2923.1,51350.33,4.0
9555,Container ship,299.0,48.0,95514.0,110527.0,,13.9,11.3,4420.0,70204.97,4.0
9556,Container ship,299.0,48.0,94469.0,109520.0,,16.4,15.8,4155.5,67473.82,4.0
9557,Container ship,299.0,48.0,95514.0,110531.0,,16.1,14.6,3123.3,47793.23,4.0
9558,Container ship,299.0,48.0,94469.0,110593.0,52290 KW,15.6,12.4,1118.8,17985.52,4.0
9559,Bulk carrier,199.0,32.0,35824.0,63153.0,,6.1,5.3,3537.7,14552.07,0.0
9566,Gas carrier,225.0,36.0,48022.0,54361.0,,17.7,15.3,906.5,5641.3,5.0
9567,Bulk carrier,200.0,33.0,36415.0,63587.0,8050 KW,5.9,5.0,1069.18,3407.37,0.0
9568,Bulk carrier,199.0,32.0,36308.0,63657.0,,20.5,11.3,1515.3,2582.28,0.0
9569,LNG carrier,294.0,46.0,113263.0,95253.0,,20.8,14.9,2660.22,26476.74,7.0
9571,Bulk carrier,179.0,32.0,25546.0,38709.0,,14.0,9.4,1967.3,5568.62,0.0
9572,Bulk carrier,179.0,32.0,25546.0,38762.0,,13.5,10.3,367.38,946.48,0.0
9573,Oil tanker,249.0,44.0,62392.0,109999.0,,15.0,13.3,1137.8,4734.2,8.0
9574,Bulk carrier,179.0,30.0,24785.0,39777.0,,14.7,11.1,590.5,1615.72,0.0
9575,Bulk carrier,179.0,30.0,24785.0,39790.0,,15.2,9.7,226.0,864.91,0.0
9576,General cargo ship,122.0,17.0,6749.0,10600.0,8200 KW,13.4,12.5,4176.0,6368.79,6.0
9577,General cargo ship,122.0,17.0,6749.0,10546.0,,12.9,7.9,4084.0,5303.03,6.0
9578,General cargo ship,122.0,17.0,6749.0,10600.0,2995 KW,15.0,9.8,2280.0,3278.23,6.0
9579,General cargo ship,122.0,17.0,6749.0,10546.0,,13.3,11.8,2208.0,3090.45,6.0
9580,LNG carrier,284.0,46.0,116246.0,92802.0,15000 KW,19.0,15.4,728.0,5655.83,7.0
9581,LNG carrier,290.0,46.0,116246.0,92782.0,,21.8,16.7,2149.0,21284.99,7.0
9582,Chemical tanker,155.0,25.0,14034.0,19801.0,,14.1,13.1,3081.97,8392.11,1.0
9583,Chemical tanker,155.0,25.0,14034.0,19800.0,6900 KW,14.8,12.7,3123.73,9890.72,1.0
9584,Bulk carrier,299.0,50.0,107553.0,207520.0,16200 KW,16.7,11.0,897.3,5774.29,0.0
9587,Chemical tanker,183.0,32.0,29534.0,49999.0,,14.7,8.6,1335.0,3797.68,1.0
9588,Bulk carrier,200.0,32.0,36353.0,63574.0,8050 KW,15.3,10.7,419.4,1431.19,0.0
9589,Bulk carrier,199.0,32.0,36352.0,63679.0,,19.2,11.7,0.0,0.0,0.0
9590,Bulk carrier,200.0,32.0,36353.0,63389.0,8050 KW,15.0,9.4,1168.2,4660.02,0.0
9591,Bulk carrier,182.0,30.0,24235.0,38851.0,,15.1,10.9,1651.3,4080.29,0.0
9592,Bulk carrier,182.0,30.0,24235.0,38716.0,,13.4,10.8,846.7,1952.14,0.0
9593,Bulk carrier,199.0,32.0,36357.0,63292.0,8050 KW,14.2,11.4,1439.0,5346.33,0.0
9594,Oil tanker,249.0,44.0,63965.0,109999.0,,14.6,13.1,1472.01,4789.11,8.0
9597,Bulk carrier,291.0,45.0,92531.0,179258.0,,14.1,9.9,513.0,2129.81,0.0
9599,Chemical tanker,147.0,22.0,11463.0,14848.0,,15.1,14.0,5022.24,10987.69,1.0
9600,Bulk carrier,292.0,45.0,94091.0,180491.0,,16.1,10.4,1519.2,5946.61,0.0
9601,Bulk carrier,179.0,29.0,23506.0,37470.0,,15.4,10.3,679.9,1787.44,0.0
9602,Bulk carrier,179.0,29.0,23432.0,37537.0,,14.0,12.0,599.5,1815.94,0.0
9603,Bulk carrier,179.0,29.0,23441.0,37570.0,,13.6,9.1,690.9,1902.97,0.0
9604,Oil tanker,255.0,43.0,62734.0,109999.0,,13.3,10.9,2272.59,9584.39,8.0
9605,Oil tanker,255.0,43.0,62734.0,109999.0,,14.0,10.4,2052.03,9122.78,8.0
9606,Oil tanker,183.0,32.0,29410.0,49997.0,7180 KW,12.0,9.7,2032.3,6127.21,8.0
9607,Chemical tanker,183.0,32.0,29410.0,49997.0,7180 KW,15.4,13.8,1512.68,4594.79,1.0
9608,Oil tanker,183.0,32.0,29410.0,49975.0,,15.9,10.4,705.35,2744.56,8.0
9609,Container ship,299.0,48.0,94440.0,104236.0,,20.1,15.3,3588.36,53244.64,4.0
9610,Container ship,299.0,48.0,95680.0,110525.0,,17.2,14.4,1022.5,8617.92,4.0
9611,Container ship,299.0,48.0,95680.0,110552.0,,13.0,8.8,3545.71,50742.49,4.0
9612,Container ship,299.0,48.0,94440.0,110552.0,,18.0,13.0,854.16,8556.09,4.0
9613,Container ship,299.0,48.0,94440.0,110501.0,,19.8,15.7,415.88,4559.61,4.0
9614,General cargo ship,189.0,28.0,26770.0,38007.0,,13.8,10.0,4506.78,12595.65,6.0
9615,General cargo ship,189.0,28.0,26770.0,37994.0,,15.3,13.1,0.0,0.0,6.0
9616,General cargo ship,189.0,28.0,26770.0,37940.0,,12.2,12.2,207.0,677.36,6.0
9617,General cargo ship,189.0,28.0,26770.0,37979.0,,15.5,13.3,1908.34,5811.86,6.0
9619,Oil tanker,333.0,60.0,154180.0,299629.0,,10.9,10.9,1165.4,9457.04,8.0
9620,Bulk carrier,258.0,43.0,66687.0,119613.0,,14.1,11.8,945.6,5992.99,0.0
9621,Bulk carrier,258.0,43.0,66687.0,119612.0,,13.8,11.3,2330.6,8256.14,0.0
9622,Chemical tanker,183.0,31.0,25269.0,37887.0,,13.8,7.7,3474.0,10117.68,1.0
9623,Chemical tanker,183.0,31.0,25269.0,37867.0,,12.7,11.8,2985.0,8376.31,1.0
9625,Oil tanker,332.0,60.0,154226.0,298976.0,,16.2,11.4,1678.3,14109.95,8.0
9626,Bulk carrier,199.0,33.0,36353.0,63465.0,,15.5,11.8,1379.0,3835.67,0.0
9627,Bulk carrier,199.0,32.0,36353.0,63539.0,,15.7,12.4,1179.87,4074.39,0.0
9628,Container ship,299.0,48.0,94684.0,111650.0,,14.7,13.6,2458.7,28099.61,4.0
9629,Chemical tanker,184.0,27.0,24090.0,39070.0,,16.4,10.3,5054.9,12497.13,1.0
9630,Chemical tanker,184.0,27.0,24090.0,39070.0,,14.1,9.1,5759.1,15335.24,1.0
9631,Bulk carrier,292.0,45.0,94742.0,181010.0,,14.7,10.5,603.6,3748.98,0.0
9632,Bulk carrier,292.0,45.0,94528.0,181043.0,,14.7,9.4,3974.3,19387.87,0.0
9633,Bulk carrier,292.0,45.0,94528.0,181046.0,,13.6,8.7,1423.4,8231.1,0.0
9634,Bulk carrier,292.0,45.0,94528.0,181044.0,,13.7,10.0,650.4,4129.48,0.0
9635,Bulk carrier,229.0,32.0,44069.0,81600.0,9932 KW,14.7,13.7,2457.8,8910.1,0.0
9636,Bulk carrier,229.0,32.0,44069.0,81167.0,9932 KW,13.3,9.0,1406.07,5278.92,0.0
9637,Bulk carrier,179.0,30.0,24658.0,39880.0,,12.7,11.7,657.16,1664.09,0.0
9638,Bulk carrier,199.0,32.0,36449.0,63570.0,,13.5,11.8,895.82,2949.38,0.0
9639,Chemical tanker,186.0,32.0,30565.0,51457.0,,17.4,12.1,185.78,311.3,1.0
9640,Chemical tanker,145.0,23.0,11729.0,19883.0,,14.7,12.2,1067.6,4080.13,1.0
9642,Chemical tanker,145.0,23.0,11729.0,19855.0,,15.2,12.0,382.1,1165.63,1.0
9643,Chemical tanker,145.0,23.0,11729.0,19862.0,,14.7,11.1,828.9,1818.1,1.0
9644,Oil tanker,249.0,44.0,62557.0,113736.0,,14.3,11.1,4110.78,18043.63,8.0
9645,Oil tanker,249.0,44.0,62557.0,113691.0,,14.8,9.9,2779.43,12450.93,8.0
9646,Bulk carrier,189.0,32.0,31557.0,55468.0,,12.8,12.0,690.5,2328.4,0.0
9647,Bulk carrier,229.0,32.0,43439.0,82056.0,,7.9,7.9,515.4,2142.59,0.0
9649,Oil tanker,249.0,44.0,62557.0,113611.0,,14.6,11.2,4069.7,16462.95,8.0
9650,Oil tanker,249.0,44.0,62557.0,113554.0,,14.9,11.9,3034.93,13559.14,8.0
9651,Oil tanker,249.0,44.0,62557.0,112939.0,,14.1,11.2,4520.17,16327.39,8.0
9662,Chemical tanker,183.0,32.0,29770.0,50102.0,,12.1,10.1,1751.2,5935.15,1.0
9663,Oil tanker,183.0,32.0,30948.0,45999.0,,16.4,12.4,707.49,2073.18,8.0
9664,Oil tanker,183.0,32.0,30948.0,45999.0,,13.3,11.1,777.6,2607.71,8.0
9665,Container/ro-ro cargo ship,236.0,36.0,71543.0,32246.0,,18.7,16.8,3108.1,22799.04,3.0
9666,Bulk carrier,199.0,32.0,36396.0,63073.0,,15.5,9.5,917.12,3399.27,0.0
9667,Container ship,194.0,32.0,28316.0,35000.0,,20.2,15.5,950.4,5962.83,4.0
9669,Bulk carrier,199.0,32.0,35336.0,62466.0,,15.7,12.3,1079.7,3405.34,0.0
9670,Bulk carrier,199.0,32.0,35336.0,62466.0,,12.2,8.7,368.7,870.57,0.0
9671,Bulk carrier,199.0,32.0,35336.0,62466.0,,14.4,10.7,1349.5,3523.85,0.0
9672,Chemical tanker,186.0,32.0,30945.0,49999.0,,11.9,8.6,651.6,1744.91,1.0
9677,Passenger ship,228.0,28.0,47842.0,4870.0,,17.3,16.4,4549.93,24114.13,9.0
9679,Bulk carrier,199.0,32.0,34558.0,60463.0,,14.1,8.1,1563.7,4791.24,0.0
9681,Gas carrier,179.0,28.0,25118.0,28735.0,7860 KW,16.9,13.3,1993.9,6634.5,5.0
9682,Gas carrier,179.0,28.0,25118.0,28735.0,10000 KW,15.4,12.8,3159.7,10815.31,5.0
9683,Bulk carrier,180.0,32.0,25618.0,38959.0,6100 KW,13.5,11.1,1800.9,3951.69,0.0
9684,Bulk carrier,180.0,32.0,25618.0,39998.0,6100 KW,13.6,9.8,1807.9,4428.3,0.0
9685,Chemical tanker,184.0,27.0,24061.0,39208.0,,11.0,8.2,2828.71,8203.19,1.0
9686,Chemical tanker,184.0,24.0,24120.0,39067.0,,17.0,11.4,4168.9,9797.64,1.0
9687,Chemical tanker,184.0,28.0,24120.0,39067.0,10290 KW,14.1,9.3,107.7,249.11,1.0
9688,Chemical tanker,184.0,28.0,24120.0,39067.0,,16.6,10.3,4286.7,10387.47,1.0
9689,Oil tanker,184.0,28.0,24120.0,39067.0,,12.9,11.4,5351.5,11349.27,8.0
9691,Chemical tanker,145.0,24.0,12145.0,19998.0,,13.7,10.4,2749.94,7018.07,1.0
9692,Chemical tanker,145.0,24.0,12148.0,19998.0,4900 KW,12.6,9.4,2063.85,4285.58,1.0
9693,Chemical tanker,145.0,24.0,12145.0,19994.0,,10.9,8.0,2445.62,6628.82,1.0
9694,Chemical tanker,145.0,24.0,12145.0,19992.0,,14.4,10.9,2571.2,5671.95,1.0
9695,Bulk carrier,189.0,30.0,26411.0,43389.0,6050 KW,13.6,11.3,1136.72,2472.12,0.0
9696,Bulk carrier,189.0,30.0,26411.0,43457.0,6050 KW,8.8,7.1,807.0,2358.74,0.0
9697,Bulk carrier,190.0,30.0,26411.0,43477.0,,13.6,11.6,721.2,2040.78,0.0
9698,Bulk carrier,189.0,30.0,26411.0,43459.0,,14.9,11.2,519.6,1364.03,0.0
9699,Bulk carrier,199.0,32.0,35898.0,60629.0,8100 KW,15.9,10.8,1172.83,4217.22,0.0
9700,Bulk carrier,199.0,32.0,35898.0,60678.0,8100 KW,15.1,10.7,287.8,1237.16,0.0
9701,Gas carrier,225.0,36.0,47347.0,54500.0,12400 KW,11.1,6.0,794.1,4640.9,5.0
9704,Bulk carrier,199.0,32.0,34806.0,60269.0,,15.6,10.5,787.0,2629.09,0.0
9705,Gas carrier,179.0,29.0,27546.0,27037.0,,16.2,12.3,5628.92,22424.49,5.0
9706,Bulk carrier,199.0,32.0,36416.0,62964.0,,15.9,9.7,1209.1,4037.93,0.0
9707,Bulk carrier,199.0,32.0,36416.0,63023.0,,16.6,11.3,1093.3,3382.67,0.0
9708,Bulk carrier,199.0,32.0,36416.0,62971.0,,13.3,10.0,786.7,2464.62,0.0
9709,Bulk carrier,199.0,32.0,36416.0,63046.0,8500 KW,13.4,8.7,648.33,2209.67,0.0
9710,Oil tanker,183.0,32.0,29609.0,49764.0,,12.5,8.4,863.5,3117.36,8.0
9711,Oil tanker,183.0,32.0,29484.0,49757.0,,10.8,8.0,2803.1,6562.87,8.0
9712,Bulk carrier,199.0,32.0,36518.0,63253.0,,13.8,12.0,709.9,2368.1,0.0
9713,Bulk carrier,199.0,32.0,36518.0,63099.0,,13.9,10.2,565.3,1610.65,0.0
9714,Bulk carrier,229.0,32.0,44289.0,81651.0,,13.9,11.6,1502.82,5049.28,0.0
9716,Bulk carrier,199.0,32.0,36347.0,63463.0,8050 KW,12.7,11.4,539.83,1519.35,0.0
9717,Oil tanker,251.0,44.0,62700.0,109900.0,,17.4,11.8,3634.4,14383.8,8.0
9718,Oil tanker,251.0,44.0,62700.0,109900.0,,16.4,11.3,5598.4,20874.73,8.0
9719,Oil tanker,183.0,32.0,29658.0,49999.0,7628 KW,14.9,10.6,2267.37,6868.84,8.0
9720,Oil tanker,183.0,32.0,29658.0,49875.0,,16.3,11.9,998.8,2422.02,8.0
9722,Chemical tanker,149.0,24.0,13122.0,22430.0,,13.4,11.8,3419.43,6429.61,1.0
9723,Bulk carrier,229.0,32.0,43291.0,81011.0,,16.0,11.1,1498.5,5695.81,0.0
9724,Gas carrier,119.0,20.0,7981.0,8102.0,,16.7,12.7,1574.9,3058.83,5.0
9726,Oil tanker,333.0,60.0,160449.0,300973.0,24570 KW,14.2,12.4,1462.7,13128.63,8.0
9727,Bulk carrier,224.0,32.0,41010.0,76404.0,,14.8,11.5,2402.23,11155.06,0.0
9730,Bulk carrier,199.0,32.0,34241.0,60436.0,,13.9,8.4,203.9,971.4,0.0
9731,Oil tanker,332.0,60.0,162800.0,308285.0,,14.1,11.3,1834.6,12246.47,8.0
9732,Bulk carrier,299.0,50.0,107514.0,207219.0,,14.5,10.1,780.9,3870.54,0.0
9734,Bulk carrier,179.0,29.0,23269.0,37706.0,,13.3,10.4,1687.68,5110.67,0.0
9735,Bulk carrier,228.0,32.0,43008.0,81759.0,,13.6,10.6,745.5,2342.29,0.0
9736,Bulk carrier,228.0,32.0,43006.0,81773.0,,15.4,12.1,654.88,2632.03,0.0
9737,Bulk carrier,228.0,32.0,43006.0,81773.0,,15.5,11.9,685.58,2745.18,0.0
9738,Bulk carrier,179.0,30.0,25278.0,39072.0,6050 KW,13.2,11.5,2144.03,5513.96,0.0
9739,Bulk carrier,179.0,30.0,23475.0,38520.0,,15.1,10.0,2907.14,7846.37,0.0
9740,Bulk carrier,179.0,30.0,23475.0,38520.0,,12.7,10.0,2026.85,5463.66,0.0
9741,Bulk carrier,179.0,30.0,25278.0,39035.0,,15.8,12.6,2439.55,6296.0,0.0
9743,Chemical tanker,184.0,27.0,23676.0,38506.0,,14.2,10.9,2391.85,7428.09,1.0
9744,Chemical tanker,184.0,27.0,23676.0,38506.0,,14.6,12.2,1114.8,2884.59,1.0
9746,Chemical tanker,184.0,27.0,23676.0,38506.0,7290 KW,16.5,11.7,1524.13,4401.05,1.0
9747,Bulk carrier,229.0,32.0,44218.0,80943.0,9930 KW,14.8,10.5,3621.2,13355.32,0.0
9748,Bulk carrier,229.0,32.0,44218.0,80959.0,14280 KW,14.3,10.7,1274.67,5447.46,0.0
9749,Container ship,330.0,48.0,112836.0,134869.0,,19.3,15.6,755.7,9830.46,4.0
9750,Container ship,330.0,48.0,112836.0,134869.0,,21.0,19.0,1151.5,17702.21,4.0
9751,Bulk carrier,199.0,32.0,36378.0,63356.0,,16.3,11.8,1470.87,5220.87,0.0
9752,Bulk carrier,199.0,32.0,36378.0,63261.0,,15.5,12.1,1688.85,5727.77,0.0
9753,Bulk carrier,199.0,32.0,36378.0,63366.0,,15.7,11.6,1276.78,4695.89,0.0
9755,Container ship,337.0,48.0,113042.0,119359.0,,15.9,13.4,382.35,4481.54,4.0
9756,Bulk carrier,229.0,32.0,44012.0,81200.0,,15.5,11.4,3606.0,13626.87,0.0
9757,Bulk carrier,229.0,32.0,44012.0,81200.0,,15.3,10.4,4488.0,20269.8,0.0
9761,Bulk carrier,228.0,32.0,43013.0,81846.0,,14.5,10.5,531.7,2295.4,0.0
9762,Bulk carrier,189.0,32.0,32370.0,57859.0,,17.0,12.0,452.1,1321.33,0.0
9763,Bulk carrier,228.0,32.0,43042.0,81839.0,,15.0,12.6,918.5,3592.26,0.0
9764,Bulk carrier,228.0,32.0,43016.0,81791.0,,11.7,10.5,1535.0,4919.9,0.0
9765,Oil tanker,249.0,44.0,62513.0,113850.0,,13.6,10.9,5402.2,16597.64,8.0
9766,Oil tanker,249.0,44.0,62513.0,113172.0,,16.3,10.6,4597.8,14416.19,8.0
9768,Oil tanker,249.0,44.0,63489.0,114716.0,,12.4,11.7,2330.8,10828.32,8.0
9769,Oil tanker,249.0,44.0,63771.0,114737.0,,15.7,11.2,3579.8,17409.66,8.0
9770,Bulk carrier,174.0,30.0,21571.0,34356.0,,13.9,10.0,2026.25,5880.64,0.0
9771,General cargo ship,180.0,30.0,21571.0,34356.0,,14.7,12.2,698.88,1761.12,6.0
9772,Oil tanker,333.0,60.0,154163.0,298991.0,,15.7,11.4,1788.9,12626.56,8.0
9773,Bulk carrier,228.0,32.0,44135.0,81121.0,,13.4,11.5,1551.3,6127.7,0.0
9774,General cargo ship,138.0,21.0,9989.0,12700.0,,12.4,9.9,331.15,668.02,6.0
9776,Container ship,368.0,51.0,148386.0,131600.0,,18.3,15.8,2962.63,43674.68,4.0
9777,Container ship,368.0,51.0,149210.0,153500.0,,14.3,10.2,3533.9,50490.05,4.0
9778,Container ship,368.0,51.0,149210.0,153802.0,,23.0,19.9,969.32,14736.34,4.0
9779,Container ship,368.0,51.0,150000.0,153500.0,,23.6,19.1,2608.38,47133.27,4.0
9780,Container ship,368.0,51.0,150000.0,153500.0,,23.1,19.9,3370.92,51446.22,4.0
9781,Bulk carrier,199.0,32.0,35884.0,63500.0,,18.0,11.1,1520.0,5632.11,0.0
9782,Container ship,299.0,48.0,95256.0,109832.0,,17.4,15.8,542.98,7816.97,4.0
9783,Container ship,299.0,48.0,95256.0,110200.0,47500 KW,20.9,19.6,901.96,8355.98,4.0
9784,Container ship,299.0,48.0,95256.0,110200.0,,20.3,16.0,632.37,7980.17,4.0
9785,Container ship,299.0,48.0,95256.0,110200.0,,12.3,12.3,814.21,12157.74,4.0
9786,Container ship,299.0,48.0,95256.0,110200.0,,8.7,8.7,2600.72,42020.17,4.0
9787,Bulk carrier,292.0,45.0,93659.0,179445.0,,15.1,12.2,678.5,3073.91,0.0
9789,Oil tanker,292.0,44.0,63704.0,109999.0,,15.9,11.8,3951.5,15425.53,8.0
9790,Gas carrier,179.0,28.0,25144.0,28372.0,7860 KW,15.8,9.2,3702.0,14153.63,5.0
9791,Chemical tanker,184.0,27.0,24120.0,39067.0,,15.5,9.7,4862.7,11258.59,1.0
9792,Chemical tanker,184.0,27.0,24120.0,39067.0,10680 KW,15.0,7.1,5340.05,11827.24,1.0
9793,Bulk carrier,229.0,32.0,44855.0,81499.0,,13.9,9.9,863.77,2961.3,0.0
9794,Bulk carrier,228.0,32.0,44855.0,81502.0,,10.4,9.3,971.4,4958.66,0.0
9795,Bulk carrier,198.0,32.0,34321.0,60309.0,,14.0,10.0,433.5,1436.25,0.0
9796,Bulk carrier,199.0,32.0,36353.0,64000.0,8050 KW,14.1,8.2,1608.9,6039.22,0.0
9797,Bulk carrier,199.0,32.0,36353.0,63470.0,8050 KW,15.5,10.8,2418.9,8109.27,0.0
9798,Bulk carrier,199.0,32.0,35884.0,62958.0,,14.9,12.0,699.42,2645.73,0.0
9799,Bulk carrier,199.0,32.0,36313.0,63800.0,,13.8,11.3,1477.68,5760.57,0.0
9800,Bulk carrier,229.0,32.0,44043.0,81145.0,,14.6,8.7,2766.65,11442.24,0.0
9801,Bulk carrier,229.0,32.0,44043.0,81149.0,,13.4,10.7,3500.37,13798.19,0.0
9802,Bulk carrier,229.0,32.0,44043.0,81193.0,9930 KW,13.7,10.6,3762.79,14956.59,0.0
9803,Bulk carrier,199.0,32.0,34614.0,61491.0,,13.5,9.7,495.7,1738.14,0.0
9804,Oil tanker,333.0,60.0,156517.0,297363.0,,16.3,12.4,2199.5,11360.49,8.0
9805,Gas carrier,225.0,36.0,47306.0,54669.0,12400 KW,19.4,13.9,706.2,3628.78,5.0
9806,Bulk carrier,189.0,32.0,34242.0,58721.0,8050 KW,11.9,8.3,730.33,2955.85,0.0
9807,Bulk carrier,189.0,32.0,34242.0,58634.0,8050 KW,15.5,12.3,529.89,1734.76,0.0
9808,Bulk carrier,189.0,32.0,34242.0,58622.0,,12.3,11.5,572.1,1941.02,0.0
9809,Bulk carrier,189.0,32.0,34206.0,58608.0,,20.8,10.2,1920.31,7132.55,0.0
9810,Bulk carrier,189.0,32.0,34206.0,58595.0,8050 KW,12.8,10.3,1408.33,4750.69,0.0
9811,Bulk carrier,189.0,32.0,34206.0,58593.0,,16.7,13.4,1087.4,3786.59,0.0
9812,Bulk carrier,189.0,32.0,34206.0,59000.0,8050 KW,14.8,11.5,509.55,1936.62,0.0
9813,Oil tanker,274.0,48.0,81360.0,158734.0,,16.4,10.9,1884.5,7717.42,8.0
9814,Bulk carrier,291.0,45.0,93742.0,180740.0,,13.8,11.0,1399.4,7998.9,0.0
9816,Bulk carrier,199.0,32.0,36353.0,63510.0,8050 KW,13.1,10.9,549.9,1495.01,0.0
9817,Bulk carrier,229.0,32.0,44411.0,81364.0,,13.7,10.4,646.8,2079.18,0.0
9818,Bulk carrier,229.0,32.0,44000.0,82000.0,,16.1,10.1,517.9,2159.19,0.0
9819,Bulk carrier,229.0,32.0,44411.0,81278.0,,14.1,12.2,3318.3,9487.44,0.0
9820,Oil tanker,250.0,44.0,63694.0,109999.0,11350 KW,13.1,10.7,2636.52,11200.6,8.0
9821,Oil tanker,249.0,44.0,63694.0,109999.0,11350 KW,15.1,11.5,978.25,2892.33,8.0
9822,Oil tanker,336.0,60.0,154379.0,299506.0,,14.4,10.3,3515.9,22368.43,8.0
9823,Oil tanker,336.0,60.0,154895.0,299507.0,,23.8,12.2,1807.5,13685.83,8.0
9824,Bulk carrier,239.0,39.0,54946.0,100535.0,,21.8,11.8,478.5,2022.54,0.0
9825,Bulk carrier,239.0,39.0,54946.0,100535.0,,14.0,11.6,2336.6,9637.65,0.0
9826,Bulk carrier,182.0,30.0,27428.0,45474.0,8000 KW,14.8,11.5,71.8,308.78,0.0
9827,General cargo ship,182.0,30.0,27428.0,45474.0,6830 KW,13.5,11.0,1278.42,3412.84,6.0
9828,Bulk carrier,189.0,32.0,32540.0,57587.0,,15.3,12.4,653.53,2385.16,0.0
9829,General cargo ship,189.0,28.0,24778.0,31661.0,8350 KW,15.8,12.8,2145.55,8400.74,6.0
9830,General cargo ship,189.0,28.0,24778.0,31673.0,8350 KW,19.1,13.3,1681.67,6195.2,6.0
9831,Bulk carrier,189.0,30.0,26436.0,43343.0,6050 KW,15.4,10.8,735.0,2057.1,0.0
9833,Bulk carrier,189.0,32.0,31557.0,55474.0,,15.1,12.2,785.9,2824.05,0.0
9834,Bulk carrier,299.0,50.0,107718.0,209243.0,15131 KW,15.0,11.0,936.6,4603.46,0.0
9837,Bulk carrier,199.0,32.0,34748.0,61288.0,,12.9,11.0,1564.44,4617.32,0.0
9838,Chemical tanker,160.0,25.0,16084.0,25196.0,5200 KW,14.0,10.4,1214.0,2427.54,1.0
9839,Chemical tanker,160.0,25.0,16084.0,25196.0,,13.4,11.8,847.0,1569.34,1.0
9840,Bulk carrier,229.0,32.0,43229.0,81060.0,,14.4,12.0,2628.5,6180.49,0.0
9841,Bulk carrier,229.0,32.0,43229.0,81031.0,,15.7,11.6,1536.66,4897.11,0.0
9842,Bulk carrier,229.0,32.0,43229.0,80800.0,,14.2,10.0,1336.22,3329.36,0.0
9843,Bulk carrier,199.0,32.0,36449.0,63601.0,,14.6,10.7,1280.3,5180.23,0.0
9844,Container ship,299.0,48.0,94623.0,111290.0,,19.0,16.4,1945.8,25319.06,4.0
9845,Container ship,299.0,48.0,94623.0,111244.0,,18.5,15.7,1114.0,16053.0,4.0
9846,Container ship,299.0,48.0,94623.0,111401.0,,10.6,10.6,951.2,9329.84,4.0
9847,Container ship,299.0,48.0,94623.0,111189.0,,13.7,12.6,523.4,4481.51,4.0
9848,Bulk carrier,199.0,32.0,36449.0,63495.0,,13.6,9.9,1523.08,6617.78,0.0
9849,Bulk carrier,189.0,32.0,32750.0,57945.0,,13.4,12.7,2225.3,8301.45,0.0
9850,Bulk carrier,189.0,32.0,32750.0,57981.0,,13.6,10.0,1414.3,4641.56,0.0
9852,Bulk carrier,199.0,32.0,36298.0,63800.0,,13.9,11.0,1506.3,4598.1,0.0
9853,Oil tanker,235.0,42.0,57997.0,109991.0,,14.9,10.7,637.9,2826.87,8.0
9854,Oil tanker,239.0,42.0,57997.0,109991.0,,13.0,11.0,1209.0,5064.83,8.0
9855,Oil tanker,255.0,43.0,62659.0,115177.0,,16.3,10.1,1377.9,4915.55,8.0
9856,Oil tanker,249.0,44.0,62397.0,109999.0,,15.6,10.4,510.3,3679.2,8.0
9858,Container ship,368.0,51.0,153148.0,149360.0,,11.2,11.2,3445.37,32885.58,4.0
9863,LNG carrier,294.0,46.0,113037.0,96000.0,,20.4,14.7,646.3,4818.22,7.0
9866,Bulk carrier,199.0,32.0,35825.0,63531.0,,13.6,12.2,526.5,1230.06,0.0
9867,Bulk carrier,179.0,29.0,23239.0,37654.0,,13.6,9.5,1185.4,3083.63,0.0
9868,Gas carrier,225.0,36.0,48022.0,54376.0,,17.8,14.2,2228.1,12654.39,5.0
9869,Gas carrier,225.0,36.0,47384.0,54446.0,,18.2,11.7,2151.05,11236.58,5.0
9871,Container ship,300.0,48.0,93702.0,117293.0,36820 KW,11.4,11.4,172.3,1989.44,4.0
9872,Container ship,300.0,48.0,93702.0,117366.0,36870 KW,21.2,13.8,281.3,4002.99,4.0
9873,Chemical tanker,183.0,32.0,29658.0,49999.0,,13.8,12.5,1774.4,5248.06,1.0
9874,Chemical tanker,183.0,32.0,29658.0,49999.0,7628 KW,13.0,8.8,1364.7,4172.49,1.0
9875,Chemical tanker,183.0,32.0,29658.0,49999.0,,16.6,13.3,601.8,1551.5,1.0
9876,Chemical tanker,184.0,27.0,23861.0,37596.0,,14.7,8.4,2636.8,8302.65,1.0
9877,Chemical tanker,184.0,27.0,23861.0,37596.0,,14.0,12.0,1752.2,4837.65,1.0
9878,Chemical tanker,184.0,27.0,23861.0,37596.0,,14.6,11.3,3455.1,10874.79,1.0
9879,Chemical tanker,184.0,27.0,23861.0,37596.0,,13.7,11.8,758.8,5103.94,1.0
9880,Chemical tanker,184.0,27.0,23861.0,37295.0,,13.9,7.9,1421.4,5271.38,1.0
9881,Chemical tanker,184.0,27.0,23676.0,37596.0,,13.1,12.1,3909.6,14224.14,1.0
9882,Oil tanker,183.0,32.0,29455.0,50000.0,,14.3,11.1,2904.45,9149.69,8.0
9883,Bulk carrier,199.0,32.0,36353.0,63581.0,8050 KW,14.0,11.6,593.0,2154.18,0.0
9884,Bulk carrier,199.0,32.0,36333.0,63244.0,,13.9,11.1,0.0,0.0,0.0
9888,Gas carrier,225.0,36.0,47384.0,54509.0,12400 KW,17.4,13.8,1076.32,6427.46,5.0
9889,Chemical tanker,145.0,25.0,12225.0,19997.0,,12.8,9.6,947.6,2120.28,1.0
9890,Chemical tanker,145.0,24.0,12225.0,19997.0,,14.9,11.4,1901.5,4551.74,1.0
9891,Chemical tanker,145.0,24.0,12225.0,19997.0,,15.3,11.3,919.7,2540.38,1.0
9892,Chemical tanker,145.0,24.0,12225.0,19996.0,6150 KW,12.5,10.0,1722.0,4583.47,1.0
9893,Gas carrier,119.0,21.0,8319.0,9052.0,,8.8,8.8,976.2,2157.03,5.0
9894,Gas carrier,119.0,21.0,8319.0,8993.0,,16.4,13.0,1443.0,3516.12,5.0
9896,Bulk carrier,225.0,32.0,41872.0,77853.0,,12.4,10.4,497.5,1414.23,0.0
9897,Chemical tanker,175.0,27.0,21101.0,30723.0,,14.5,11.5,4229.68,10920.02,1.0
9898,Chemical tanker,175.0,27.0,21101.0,30732.0,,15.3,10.7,5904.77,15244.18,1.0
9899,Chemical tanker,175.0,28.0,21115.0,30711.0,,14.7,11.6,4972.8,12388.45,1.0
9900,Chemical tanker,175.0,27.0,21129.0,30940.0,,15.4,9.2,3029.74,7117.68,1.0
9903,Oil tanker,250.0,44.0,63694.0,109999.0,,13.4,10.0,1141.4,5107.74,8.0
9904,Oil tanker,333.0,60.0,160449.0,300960.0,1960 KW,13.8,10.6,1831.5,13937.3,8.0
9905,Oil tanker,333.0,60.0,161319.0,300932.0,,14.1,11.0,325.3,3926.83,8.0
9906,Bulk carrier,229.0,32.0,44120.0,81781.0,,11.5,9.3,514.2,1997.91,0.0
9907,Bulk carrier,229.0,32.0,44120.0,81781.0,,15.7,11.8,1339.8,4671.26,0.0
9908,Bulk carrier,229.0,32.0,44120.0,81779.0,,16.4,12.2,636.5,2946.0,0.0
9909,Gas carrier,159.0,25.0,18446.0,18208.0,9960 KW,14.2,11.3,5614.7,17521.75,5.0
9910,Gas carrier,159.0,25.0,18446.0,18208.0,9611 KW,16.6,12.9,4937.2,14589.2,5.0
9911,Gas carrier,159.0,25.0,18408.0,18547.0,9480 KW,20.0,12.9,6293.4,19202.94,5.0
9912,Bulk carrier,199.0,32.0,36311.0,63800.0,,12.5,10.0,936.5,2460.88,0.0
9913,Bulk carrier,199.0,32.0,36313.0,63800.0,,13.4,10.6,1594.8,5411.87,0.0
9914,Bulk carrier,199.0,32.0,36313.0,63800.0,8050 KW,13.4,11.7,2601.2,7539.72,0.0
9915,Bulk carrier,199.0,32.0,36313.0,63800.0,,14.0,10.4,1352.0,4037.87,0.0
9916,Gas carrier,226.0,36.0,49131.0,54647.0,,18.4,13.8,1183.63,5458.27,5.0
9917,Bulk carrier,199.0,32.0,34447.0,61530.0,8131 KW,14.7,10.5,1357.2,3968.59,0.0
9918,Bulk carrier,199.0,32.0,34447.0,61530.0,8131 KW,14.0,10.2,1124.2,2706.81,0.0
9919,Container ship,299.0,48.0,97805.0,109802.0,,16.5,10.0,1990.2,30827.01,4.0
9920,Container ship,299.0,48.0,97805.0,110103.0,,20.2,12.6,2480.5,36121.13,4.0
9921,General cargo ship,122.0,17.0,6749.0,10546.0,,13.1,11.6,4170.0,5828.55,6.0
9928,Gas carrier,225.0,36.0,47342.0,54561.0,,19.4,14.2,382.9,2034.11,5.0
9929,Bulk carrier,199.0,32.0,36291.0,63369.0,8050 KW,15.9,11.8,610.3,2181.66,0.0
9930,Bulk carrier,199.0,32.0,36367.0,63301.0,,12.8,11.1,673.8,2469.93,0.0
9931,Bulk carrier,199.0,32.0,34157.0,60492.0,,12.0,11.4,1278.0,4579.9,0.0
9932,Container ship,400.0,58.0,195636.0,199744.0,,17.4,13.0,3274.9,36301.06,4.0
9933,Bulk carrier,199.0,32.0,35812.0,63027.0,8300 KW,14.9,12.3,1969.91,5926.43,0.0
9934,General cargo ship,147.0,23.0,11494.0,12234.0,4800 KW,15.4,13.5,1638.62,3255.5,6.0
9938,General cargo ship,144.0,23.0,10000.0,12500.0,,17.4,13.2,1178.7,2156.23,6.0
9939,Bulk carrier,229.0,32.0,43291.0,80954.0,8470 KW,14.0,9.0,1153.6,4380.49,0.0
9943,Bulk carrier,,,,,,15.5,11.7,634.2,4005.41,0.0
9946,General cargo ship,,,,,,9.4,9.3,2234.9,3162.0,6.0
9947,Bulk carrier,,,,,,15.5,11.7,2174.97,4304.96,0.0
9948,Bulk carrier,199.0,32.0,34827.0,60297.0,,13.6,10.9,784.3,3101.32,0.0
9949,Chemical tanker,,,,,,12.5,9.1,1629.52,3946.19,1.0
9950,Bulk carrier,,,,,,15.0,10.7,2954.15,6861.13,0.0
9952,Bulk carrier,179.0,28.0,21275.0,33158.0,,16.5,12.0,764.0,1620.87,0.0
9953,Chemical tanker,179.0,27.0,21255.0,35847.0,,14.9,12.7,1242.11,3303.42,1.0
9956,Oil tanker,249.0,44.0,62557.0,113651.0,11820 KW,10.8,10.8,3529.72,15619.62,8.0
9957,Oil tanker,,,,,,14.3,10.4,5369.37,19748.11,8.0
9958,Oil tanker,,,,,,15.4,11.1,4347.13,16922.28,8.0
9959,Oil tanker,,,,,,16.4,11.7,2205.95,9773.31,8.0
9960,Container ship,,,,,,21.4,12.6,3718.3,52841.21,4.0
9961,Container ship,,,,,,21.7,18.3,2787.2,59819.71,4.0
9962,Container ship,,,,,,20.2,12.6,4679.0,70124.98,4.0
9963,Container ship,,,,,,18.4,13.9,631.3,12226.11,4.0
9964,Container ship,,,,,,11.3,10.3,4711.78,67071.24,4.0
9966,Oil tanker,,,,,,15.2,12.0,226.0,687.77,8.0
9967,Chemical tanker,145.0,24.0,12136.0,19999.0,4900 KW,14.4,11.4,1060.7,2959.17,1.0
9968,Bulk carrier,229.0,32.0,44127.0,82053.0,,19.4,12.1,1971.33,7435.76,0.0
9969,Bulk carrier,229.0,32.0,44127.0,82018.0,,15.5,11.3,1084.05,3518.59,0.0
9970,Bulk carrier,,,,,,14.3,9.7,1878.01,6715.87,0.0
9971,Bulk carrier,,,,,,14.8,13.0,802.3,3094.51,0.0
9973,Bulk carrier,,,,,,13.9,10.4,202.1,1010.87,0.0
9974,Bulk carrier,,,,,,15.2,12.7,2294.76,7595.82,0.0
9975,Bulk carrier,229.0,32.0,44127.0,82013.0,,12.9,10.8,2813.0,8098.62,0.0
9976,Bulk carrier,179.0,30.0,24748.0,39746.0,,19.5,10.4,1100.25,2349.35,0.0
9978,Bulk carrier,,,,,,15.7,12.5,111.17,321.12,0.0
9979,Bulk carrier,,,,,,15.0,12.2,553.75,1634.8,0.0
9980,Bulk carrier,,,,,,15.0,11.9,690.8,3371.88,0.0
9981,Bulk carrier,,,,,,15.5,11.4,1692.7,9383.98,0.0
9982,Gas carrier,180.0,28.0,25098.0,28543.0,8360 KW,17.2,14.8,981.5,3376.1,5.0
9983,Bulk carrier,,,,,,18.1,12.2,999.5,2933.36,0.0
9984,Bulk carrier,199.0,32.0,34547.0,60404.0,,13.9,11.0,488.3,1551.25,0.0
9985,Bulk carrier,199.0,32.0,34619.0,61620.0,8130 KW,16.8,11.6,977.0,3608.48,0.0
9986,Bulk carrier,,,,,,14.8,12.0,1130.0,4305.38,0.0
9987,Bulk carrier,170.0,32.0,25546.0,38640.0,,15.1,11.0,2178.1,5610.56,0.0
9988,Bulk carrier,179.0,29.0,23281.0,37775.0,,14.1,11.2,810.3,2262.24,0.0
9989,Bulk carrier,224.0,32.0,40937.0,77119.0,,13.2,10.6,1244.5,4095.1,0.0
9990,Bulk carrier,224.0,32.0,40937.0,77113.0,,14.4,11.2,593.8,1971.5,0.0
9991,Bulk carrier,234.0,38.0,50616.0,95522.0,,14.6,10.9,1256.2,4900.45,0.0
9992,Bulk carrier,,,,,,13.4,11.9,2768.35,10279.04,0.0
9994,Bulk carrier,199.0,32.0,34810.0,61177.0,,14.3,11.6,1107.6,4525.39,0.0
9995,Bulk carrier,,,,,,15.8,11.1,1716.8,7530.55,0.0
9996,Bulk carrier,292.0,45.0,93661.0,179318.0,,14.0,11.0,781.0,3635.16,0.0
9998,Chemical tanker,,,,,,16.5,13.7,1477.46,3713.9,1.0
9999,Chemical tanker,,,,,,18.1,13.1,1623.8,3134.69,1.0
10001,Chemical tanker,165.0,26.0,17139.0,27500.0,6050 KW,14.2,11.4,633.39,1651.08,1.0
10002,Chemical tanker,,,,,,16.4,14.4,2180.08,5612.73,1.0
10003,Container ship,336.0,48.0,113042.0,118908.0,,20.3,16.2,910.82,12158.42,4.0
10004,Container ship,336.0,48.0,113042.0,119130.0,,15.0,11.8,1673.2,18658.3,4.0
10005,Chemical tanker,149.0,22.0,12770.0,17999.0,,11.7,6.1,1613.45,2828.71,1.0
10006,Chemical tanker,149.0,22.0,12770.0,17999.0,,13.4,10.5,4139.0,6121.45,1.0
10007,Chemical tanker,149.0,22.0,12595.0,17999.0,4460 KW,13.5,9.3,4051.9,5698.77,1.0
10008,Chemical tanker,149.0,22.0,12770.0,17991.0,,12.9,11.6,6166.77,10341.36,1.0
10009,Bulk carrier,,,,,,12.9,9.2,1470.1,5232.03,0.0
10010,Bulk carrier,,,,,,15.2,11.6,1730.1,6199.92,0.0
10011,Bulk carrier,,,,,,12.8,9.9,1181.9,4243.65,0.0
10013,Oil tanker,249.0,44.0,64092.0,113176.0,,14.1,11.9,560.9,2689.22,8.0
10014,Oil tanker,,,,,,15.5,12.9,757.1,3989.2,8.0
10015,Bulk carrier,179.0,30.0,24185.0,35000.0,,11.7,11.0,1188.0,2893.38,0.0
10016,Bulk carrier,,,,,,15.0,9.5,708.0,2206.75,0.0
10017,Oil tanker,,,,,,12.9,11.1,1102.6,4540.12,8.0
10018,Oil tanker,249.0,44.0,63076.0,109985.0,11295 KW,14.9,11.3,934.7,3680.09,8.0
10019,Chemical tanker,,,,,,12.6,11.2,1091.8,2960.98,1.0
10020,Chemical tanker,,,,,,14.2,11.0,1904.22,4640.82,1.0
10021,Chemical tanker,,,,,,14.5,10.3,2735.9,5820.38,1.0
10022,Chemical tanker,,,,,,14.4,9.8,2249.64,5077.09,1.0
10023,Bulk carrier,,,,,,13.4,11.0,585.9,2381.96,0.0
10024,Bulk carrier,,,,,,14.6,11.5,794.0,2579.3,0.0
10026,General cargo ship,,,,,,13.7,12.6,1707.0,3514.78,6.0
10028,General cargo ship,147.0,23.0,11619.0,12337.0,4800 KW,14.8,12.4,315.0,556.98,6.0
10030,Container ship,,,,,,12.1,6.8,1371.7,15808.04,4.0
10031,Container ship,,,,,,19.3,12.6,1351.9,14030.04,4.0
10032,Container ship,,,,,,18.3,12.8,1452.5,13879.49,4.0
10033,Container ship,,,,,,18.9,12.6,1267.9,13408.12,4.0
10034,Container ship,,,,,,17.7,16.3,884.0,6631.36,4.0
10035,Container ship,,,,,,18.9,13.3,1254.7,12171.86,4.0
10036,Container ship,,,,,,12.7,11.2,1015.6,2495.88,4.0
10037,Container ship,,,,,,18.5,11.4,1294.4,13241.45,4.0
10038,Bulk carrier,199.0,32.0,36388.0,63474.0,,16.2,12.1,0.0,0.0,0.0
10039,Bulk carrier,,,,,,13.9,11.8,0.0,0.0,0.0
10041,Bulk carrier,,,,,,14.8,11.5,632.9,2189.41,0.0
10042,Bulk carrier,190.0,32.0,30488.0,48897.0,,13.6,10.0,1406.18,4811.58,0.0
10043,Bulk carrier,190.0,32.0,30488.0,48940.0,,13.8,10.3,526.15,1415.88,0.0
10044,Bulk carrier,190.0,32.0,30488.0,48924.0,8280 KW,12.5,10.8,321.32,810.56,0.0
10045,Bulk carrier,189.0,28.0,23974.0,37964.0,,16.9,8.7,3349.3,7785.94,0.0
10046,Bulk carrier,189.0,28.0,23974.0,38040.0,,13.1,10.1,1438.5,3976.48,0.0
10049,Oil tanker,,,,,,11.4,6.8,6474.67,12203.36,8.0
10052,Chemical tanker,,,,,,15.9,14.3,3098.75,5648.84,1.0
10053,Chemical tanker,149.0,24.0,13061.0,22423.0,,15.6,10.2,726.8,1685.9,1.0
10054,Bulk carrier,,,,,,17.0,11.4,2359.9,10647.04,0.0
10055,Oil tanker,249.0,44.0,63076.0,109990.0,11300 KW,12.8,10.6,907.0,4009.13,8.0
10056,Gas carrier,,,,,,18.4,14.2,2138.5,9004.94,5.0
10057,Bulk carrier,,,,,,14.0,12.7,471.5,1158.51,0.0
10058,Bulk carrier,131.0,23.0,13110.0,16969.0,,14.4,12.1,861.2,1780.33,0.0
10059,Bulk carrier,,,,,,15.0,10.3,833.2,1901.04,0.0
10060,Bulk carrier,199.0,32.0,36353.0,63581.0,8500 KW,13.6,10.1,1733.15,5745.29,0.0
10061,Bulk carrier,199.0,32.0,36353.0,63497.0,8855 KW,12.1,10.3,1719.08,5658.03,0.0
10062,LNG carrier,296.0,49.0,126004.0,93100.0,,18.3,12.6,2292.13,27740.65,7.0
10063,LNG carrier,297.0,49.0,126004.0,84190.0,,20.7,13.6,931.5,9471.25,7.0
10064,Oil tanker,,,,,,13.7,8.4,2350.1,11654.25,8.0
10065,Oil tanker,,,,,,15.5,13.1,746.8,5555.37,8.0
10066,Oil tanker,,,,,,15.7,11.3,832.8,7130.8,8.0
10067,General cargo ship,122.0,19.0,7522.0,8825.0,3840 KW,11.5,9.3,516.6,804.71,6.0
10068,Bulk carrier,291.0,45.0,93908.0,180521.0,15200 KW,12.1,10.0,2755.5,14634.88,0.0
10069,Oil tanker,,,,,,12.8,7.7,2825.88,10889.74,8.0
10070,Oil tanker,276.0,48.0,82515.0,157434.0,,16.5,11.4,3287.9,11009.2,8.0
10071,Bulk carrier,179.0,30.0,24868.0,39000.0,,11.4,9.4,1899.8,4773.17,0.0
10072,Bulk carrier,,,,,,12.1,10.5,1801.1,4719.01,0.0
10073,Gas carrier,,,,,,13.5,9.2,3593.0,5058.53,5.0
10074,Gas carrier,113.0,19.0,6220.0,7198.0,,13.4,8.9,5617.0,7731.46,5.0
10075,Bulk carrier,,,,,,14.0,12.5,1563.0,8225.36,0.0
10077,Container ship,,,,,,18.3,13.7,3832.68,15481.01,4.0
10078,Container ship,189.0,30.0,27279.0,30263.0,,10.9,9.2,2406.05,12834.28,4.0
10079,Container ship,189.0,30.0,27279.0,30187.0,,17.8,13.6,1010.0,3952.28,4.0
10080,Container ship,,,,,,18.1,13.0,1077.4,6315.54,4.0
10081,Bulk carrier,,,,,,15.4,13.0,1316.68,4991.16,0.0
10082,Bulk carrier,,,,,,14.0,10.7,677.2,2142.85,0.0
10083,Bulk carrier,199.0,32.0,35873.0,63132.0,,14.8,10.6,282.6,754.6,0.0
10085,Chemical tanker,134.0,21.0,9141.0,16090.0,,13.6,11.5,3898.6,7695.41,1.0
10087,Chemical tanker,134.0,21.0,9141.0,16064.0,,15.5,12.4,2746.3,6191.93,1.0
10088,Chemical tanker,,,,,,15.1,10.2,2655.83,8422.94,1.0
10089,Chemical tanker,,,,,,16.4,14.1,2880.7,6616.74,1.0
10090,Gas carrier,,,,,,18.7,15.0,619.5,2812.24,5.0
10091,Bulk carrier,199.0,32.0,36321.0,63263.0,,14.7,11.5,1078.7,3582.65,0.0
10092,Bulk carrier,,,22457.0,,6785 KW,12.6,10.2,2369.0,5440.46,0.0
10093,Bulk carrier,,,,,,15.6,11.7,459.9,1166.76,0.0
10094,Gas carrier,,,,,,14.1,11.8,2548.6,9309.72,5.0
10095,Chemical tanker,,,,,,17.4,13.0,3419.8,9712.88,1.0
10097,Gas carrier,,,,,,17.1,14.0,865.1,3334.35,5.0
10099,Gas carrier,,,,,,17.8,14.4,4533.1,15684.75,5.0
10100,Gas carrier,,,,,,16.5,13.7,1170.1,4119.07,5.0
10101,Gas carrier,180.0,26.0,22887.0,20917.0,11700 KW,18.0,14.3,2876.6,10210.51,5.0
10102,Bulk carrier,,,,,,15.4,11.0,1393.1,4913.78,0.0
10103,Oil tanker,,,,,,14.7,10.6,2108.0,9933.47,8.0
10104,Oil tanker,,,,,,13.2,9.7,577.23,3306.81,8.0
10106,Passenger ship,,,,,,22.5,20.3,3996.36,98269.53,9.0
10107,Passenger ship,323.0,44.0,153516.0,11385.0,62400 KW,19.4,15.4,3379.0,77584.23,9.0
10108,Container ship,195.0,32.0,29316.0,34350.0,16080 KW,16.5,11.7,4647.51,24421.29,4.0
10109,Gas carrier,160.0,27.0,20151.0,24282.0,,15.9,12.8,706.0,2119.52,5.0
10110,Gas carrier,160.0,27.0,20151.0,24244.0,7310 KW,14.1,7.9,2191.0,6489.71,5.0
10111,Container ship,194.0,32.0,29316.0,34768.0,16080 KW,13.3,13.3,4848.57,24101.76,4.0
10112,Container ship,195.0,32.0,29316.0,34350.0,16080 KW,18.8,12.0,5460.12,26922.32,4.0
10113,Container ship,,,,,,13.0,12.5,2962.1,45295.21,4.0
10114,Oil tanker,,,,,,14.4,11.0,1730.6,6516.53,8.0
10115,Oil tanker,,,,,,13.7,11.6,676.88,2528.18,8.0
10116,Bulk carrier,,,,,,15.6,10.5,815.05,4352.44,0.0
10117,Bulk carrier,300.0,50.0,107741.0,209801.0,,14.9,11.4,1137.8,7449.87,0.0
10118,Bulk carrier,,,,,,14.9,11.8,372.4,1340.71,0.0
10119,Bulk carrier,,,,,,12.2,10.2,584.49,1244.23,0.0
10120,Chemical tanker,,,,,,4.9,4.4,1130.0,2767.74,1.0
10121,Chemical tanker,178.0,27.0,20600.0,33974.0,,16.2,12.5,0.0,0.0,1.0
10122,Chemical tanker,,,,,,14.6,11.4,1052.37,2881.65,1.0
10123,Chemical tanker,,,,,,14.3,11.0,0.0,0.0,1.0
10124,Chemical tanker,183.0,32.0,29767.0,49990.0,,14.0,9.8,906.1,2834.45,1.0
10125,Oil tanker,,,,,,14.7,11.6,1548.2,3683.61,8.0
10126,Chemical tanker,,,,,,14.5,12.5,2389.0,6379.36,1.0
10128,Chemical tanker,,,,,,14.7,10.1,1330.6,4064.63,1.0
10129,Oil tanker,,,,,,14.5,9.7,1175.1,2649.43,8.0
10130,Oil tanker,,,,,,9.0,9.0,872.61,5395.3,8.0
10131,Oil tanker,274.0,48.0,81542.0,157540.0,,14.5,11.7,2007.83,9357.92,8.0
10132,Gas carrier,160.0,26.0,19554.0,26798.0,,13.6,10.6,2493.4,9266.59,5.0
10135,Gas carrier,119.0,18.0,5848.0,6407.0,,14.1,12.0,1593.7,3040.17,5.0
10136,Gas carrier,119.0,18.0,5849.0,6424.0,,14.6,12.3,900.8,2040.21,5.0
10137,Bulk carrier,180.0,30.0,24210.0,35000.0,7500 KW,11.9,10.4,557.83,1336.23,0.0
10138,Bulk carrier,,,,,,13.5,11.9,1180.35,2766.18,0.0
10139,Oil tanker,,,,,,15.2,11.5,795.8,2168.34,8.0
10140,Chemical tanker,182.0,32.0,29513.0,49996.0,,13.0,11.9,915.1,1656.96,1.0
10141,Bulk carrier,,,,,,14.5,11.8,163.3,264.11,0.0
10142,Bulk carrier,,,,,,15.6,13.0,1640.17,5104.45,0.0
10143,Bulk carrier,,,,,,3.2,3.2,1222.0,4935.65,0.0
10145,Bulk carrier,228.0,32.0,44507.0,82000.0,,15.0,11.6,1380.8,5267.8,0.0
10146,Chemical tanker,,,,,,14.2,8.4,959.5,3086.4,1.0
10147,Chemical tanker,,,,,,14.5,11.2,1192.45,3393.19,1.0
10148,Chemical tanker,,,,,,13.6,9.4,2612.9,7730.8,1.0
10149,Bulk carrier,199.0,32.0,34551.0,60508.0,8900 KW,14.0,11.6,609.2,2197.23,0.0
10150,Bulk carrier,,,,,,13.5,9.0,554.6,1785.43,0.0
10151,Bulk carrier,,,,,,15.9,9.9,657.75,2648.43,0.0
10152,Bulk carrier,,,,,,15.2,12.9,569.56,2191.72,0.0
10153,Bulk carrier,,,,,,15.4,12.7,1185.83,4279.54,0.0
10154,Bulk carrier,,,,,,16.1,12.5,1976.8,7706.39,0.0
10155,Bulk carrier,225.0,32.0,41872.0,77872.0,,16.1,11.0,1262.8,4978.93,0.0
10156,Bulk carrier,,,,,,16.2,10.4,1778.77,6191.8,0.0
10157,Bulk carrier,157.0,26.0,15861.0,26355.0,,13.9,10.7,2220.7,5936.38,0.0
10158,Bulk carrier,199.0,32.0,36474.0,63372.0,8050 KW,15.4,10.8,696.39,2514.21,0.0
10159,Chemical tanker,147.0,22.0,11374.0,14878.0,,14.6,8.0,5640.45,10202.19,1.0
10160,Chemical tanker,147.0,22.0,11463.0,14827.0,5850 KW,13.9,11.4,5093.19,12159.41,1.0
10161,Oil tanker,133.0,23.0,10830.0,14882.0,,13.4,12.8,108.88,231.8,8.0
10162,Chemical tanker,,,,,,10.1,6.6,1271.3,2503.81,1.0
10163,Bulk carrier,,,,,,13.7,12.8,3261.5,10653.76,0.0
10164,Bulk carrier,,,,,,11.5,10.3,3482.7,11150.25,0.0
10167,Gas carrier,,,,,,17.1,11.8,371.7,4841.75,5.0
10169,Bulk carrier,199.0,32.0,36353.0,63705.0,,15.0,10.6,720.0,2404.39,0.0
10170,Bulk carrier,,,,,,4.9,4.9,1681.28,4140.86,0.0
10171,Bulk carrier,179.0,30.0,21504.0,34960.0,5690 KW,14.4,12.3,1091.68,2802.55,0.0
10175,Bulk carrier,,,,,,13.1,11.9,374.8,826.12,0.0
10176,Bulk carrier,,,,,,16.3,11.3,792.4,1697.8,0.0
10177,Bulk carrier,,,,,,11.6,8.1,2575.0,7986.98,0.0
10178,Bulk carrier,199.0,32.0,34815.0,61263.0,,15.2,8.8,481.3,1997.29,0.0
10179,Bulk carrier,,,,,,15.3,10.3,47.3,73.34,0.0
10180,Oil tanker,,,,,,14.1,9.9,1397.9,9774.61,8.0
10181,Oil tanker,277.0,48.0,81721.0,157587.0,15088 KW,14.7,11.5,2067.72,9943.66,8.0
10182,Chemical tanker,,,,,,13.8,11.4,2659.6,5559.43,1.0
10183,Bulk carrier,,,,,,12.0,7.5,1787.05,5715.92,0.0
10184,Bulk carrier,,,,,,14.8,12.8,1814.9,5598.07,0.0
10185,Bulk carrier,229.0,32.0,44120.0,81784.0,,14.9,9.8,3247.8,11938.38,0.0
10186,Bulk carrier,229.0,32.0,44120.0,81784.0,,15.2,12.4,1638.17,6347.81,0.0
10187,Bulk carrier,,,36484.0,,8050 KW,12.3,10.4,714.5,2620.17,0.0
10188,LNG carrier,289.0,46.0,114470.0,92266.0,12612 KW,10.9,10.9,2084.5,21687.17,7.0
10189,Bulk carrier,,,,,,14.4,10.3,1081.4,3756.29,0.0
10190,Bulk carrier,,,,,,14.0,9.0,340.0,1171.4,0.0
10191,Bulk carrier,,,,,,16.7,12.0,802.0,2877.41,0.0
10192,Chemical tanker,169.0,25.0,17858.0,25161.0,,12.8,9.3,1895.4,5759.7,1.0
10193,Chemical tanker,,,,,,14.5,12.2,550.7,1644.62,1.0
10194,Chemical tanker,,,,,,13.7,12.4,2434.0,6503.62,1.0
10195,Chemical tanker,,,,,,14.5,11.3,606.4,1565.67,1.0
10196,Chemical tanker,,,,,,12.9,9.4,1245.1,3299.27,1.0
10197,Chemical tanker,,,,,,14.8,11.8,873.5,2421.79,1.0
10198,Chemical tanker,,,,,,17.3,11.9,881.16,3766.29,1.0
10199,Oil tanker,,,,,,15.1,10.1,726.27,3623.43,8.0
10200,Oil tanker,,,,,,15.7,11.8,2240.4,13063.35,8.0
10201,Oil tanker,,,,,,17.3,11.0,0.0,0.0,8.0
10202,Oil tanker,274.0,48.0,81413.0,158594.0,,14.8,13.3,3466.5,20270.08,8.0
10203,Oil tanker,,,,,,20.2,11.1,1881.0,8608.15,8.0
10204,Oil tanker,249.0,44.0,62350.0,113364.0,,15.7,11.3,4034.6,18650.17,8.0
10210,Chemical tanker,,,,,,13.9,12.7,3242.5,8558.44,1.0
10211,Chemical tanker,146.0,24.0,11918.0,19974.0,,12.3,10.4,2258.1,4379.46,1.0
10213,Chemical tanker,,,,,,8.0,7.5,1805.4,6350.87,1.0
10214,Bulk carrier,228.0,32.0,44442.0,81677.0,9660 KW,15.4,11.6,2480.3,9470.93,0.0
10215,Bulk carrier,179.0,30.0,21550.0,34000.0,,14.0,12.5,1218.4,2970.0,0.0
10216,LNG carrier,,,,,,15.0,11.3,278.8,4948.21,7.0
10217,Bulk carrier,199.0,32.0,36394.0,63379.0,,13.5,12.1,2731.14,9303.78,0.0
10218,Oil tanker,,,,,,13.3,7.6,688.2,2791.5,8.0
10219,Oil tanker,,,,,,16.3,11.5,963.0,4749.61,8.0
10221,Bulk carrier,,,,,,15.3,10.8,2215.85,9115.54,0.0
10222,Bulk carrier,,,,,,14.8,10.5,2119.6,8132.09,0.0
10223,Bulk carrier,,,,,,15.4,11.1,1256.8,7246.62,0.0
10225,General cargo ship,,,,,,16.0,14.0,2097.0,4853.8,6.0
10227,LNG carrier,299.0,50.0,128806.0,97000.0,45000 KW,20.6,17.6,4095.8,71215.15,7.0
10228,LNG carrier,299.0,50.0,128806.0,96779.0,,21.5,20.4,3545.5,58341.1,7.0
10230,LNG carrier,,,,,,20.1,16.4,4813.12,72487.34,7.0
10231,LNG carrier,299.0,50.0,128806.0,96844.0,,25.6,20.2,3613.1,58431.26,7.0
10232,LNG carrier,299.0,50.0,128975.0,96703.0,,17.6,13.4,4547.61,68433.46,7.0
10233,LNG carrier,299.0,50.0,128969.0,96821.0,,22.3,19.3,2997.87,43939.05,7.0
10235,LNG carrier,299.0,50.0,128969.0,96796.0,,14.0,14.0,3908.49,60519.49,7.0
10236,Bulk carrier,,,,,,15.4,12.8,1648.9,8078.68,0.0
10238,Bulk carrier,,,,,,18.1,11.4,4337.76,22013.7,0.0
10240,Bulk carrier,,,,,,15.9,12.5,220.9,624.27,0.0
10241,Bulk carrier,199.0,32.0,36416.0,63345.0,,14.9,12.8,1448.5,4569.01,0.0
10242,Bulk carrier,179.0,32.0,25622.0,38767.0,,13.1,11.3,591.42,1669.28,0.0
10243,Bulk carrier,179.0,32.0,25622.0,38800.0,,15.4,11.7,1047.67,2919.47,0.0
10245,Bulk carrier,,,,,,15.7,11.8,1377.27,3455.16,0.0
10246,Bulk carrier,,,,,,14.3,11.7,1210.8,4297.03,0.0
10248,Bulk carrier,,,,,,13.7,11.0,0.0,0.0,0.0
10250,Bulk carrier,182.0,30.0,24198.0,38836.0,,15.1,12.1,1837.16,5019.47,0.0
10252,Chemical tanker,,,,,,19.3,13.9,2735.69,9975.86,1.0
10253,Chemical tanker,,,,,,16.4,11.3,957.78,2986.87,1.0
10254,Chemical tanker,182.0,32.0,26364.0,40895.0,,15.3,14.3,2047.2,7475.99,1.0
10255,Chemical tanker,,,,,,15.4,14.0,717.62,2543.01,1.0
10256,Oil tanker,,,,,,17.9,9.9,592.08,4697.27,8.0
10258,Gas carrier,,,,,,20.2,16.6,653.75,4051.44,5.0
10259,Oil tanker,250.0,44.0,63364.0,112927.0,16080 KW,15.7,12.4,0.0,0.0,8.0
10260,Bulk carrier,,,,,,14.1,11.8,994.8,2644.19,0.0
10262,Oil tanker,,,,,,12.0,6.9,6492.33,14636.14,8.0
10263,Passenger ship,,,,,,19.9,16.5,2694.81,18005.2,9.0
10264,Passenger ship,,,,,,17.7,17.0,2918.68,26356.57,9.0
10266,Bulk carrier,,,,,,10.0,4.5,2350.1,6438.28,0.0
10267,Bulk carrier,,,,,,15.2,12.5,2026.3,5177.4,0.0
10268,Bulk carrier,,,,,,13.2,8.7,744.2,2288.95,0.0
10269,Bulk carrier,,,,,,12.0,9.3,1544.0,4962.81,0.0
10270,Oil tanker,,,,,,17.2,10.2,876.7,3917.41,8.0
10271,Bulk carrier,,,,,,14.5,11.0,2535.02,7454.18,0.0
10273,Chemical tanker,,,,,,13.0,12.6,1363.75,5547.08,1.0
10274,Chemical tanker,,,,,,23.7,13.1,1353.8,4426.08,1.0
10275,Chemical tanker,,,,,,6.7,5.8,934.17,3755.46,1.0
10276,Chemical tanker,,,,,,16.6,11.8,2113.92,5295.54,1.0
10277,Bulk carrier,,,,,,17.3,11.3,393.9,1196.77,0.0
10278,Bulk carrier,,,,,,14.0,9.7,1369.0,3207.97,0.0
10279,General cargo ship,,,,,,20.7,12.9,5001.42,9003.5,6.0
10280,General cargo ship,137.0,21.0,9717.0,12000.0,5460 KW,13.5,12.0,4964.0,8377.12,6.0
10282,General cargo ship,137.0,21.0,9717.0,12000.0,5640 KW,14.7,11.5,4829.17,8934.99,6.0
10283,Bulk carrier,,,,,,13.6,10.8,752.35,1614.02,0.0
10284,Bulk carrier,,,,,,13.2,9.7,2037.05,4635.89,0.0
10286,Container ship,398.0,59.0,194308.0,198700.0,,21.4,17.6,1044.1,16394.27,4.0
10287,Container ship,,,,,,20.6,11.6,830.3,9522.0,4.0
10288,Bulk carrier,199.0,32.0,35873.0,63140.0,8300 KW,12.8,9.7,130.57,283.85,0.0
10289,Container ship,,,,,,20.9,15.5,818.5,11657.37,4.0
10290,Bulk carrier,,,,,,13.6,8.3,1154.5,3970.58,0.0
10291,Bulk carrier,,,,,,14.2,12.4,134.7,333.87,0.0
10292,Gas carrier,159.0,26.0,19554.0,26798.0,,17.2,12.6,4070.6,11281.03,5.0
10293,Gas carrier,160.0,26.0,19554.0,26417.0,,14.8,9.8,917.2,4464.13,5.0
10294,Bulk carrier,182.0,31.0,24328.0,38494.0,,15.2,11.3,1247.3,3353.31,0.0
10295,Chemical tanker,,,,,,16.3,10.6,2379.2,7878.46,1.0
10296,Bulk carrier,228.0,32.0,43247.0,81661.0,,13.9,11.9,841.8,2902.59,0.0
10297,Bulk carrier,179.0,30.0,21504.0,34958.0,5690 KW,13.8,11.5,2045.29,5617.13,0.0
10298,Bulk carrier,,,,,,12.1,10.3,196.12,680.06,0.0
10299,Bulk carrier,,,,,,14.1,10.9,759.3,2270.37,0.0
10300,Bulk carrier,,,,,,17.1,12.2,1093.04,2913.55,0.0
10301,Container ship,399.0,58.0,194250.0,202036.0,,15.6,14.0,1157.8,18084.55,4.0
10302,Container ship,,,,,,18.9,17.0,893.7,9511.22,4.0
10303,Container ship,400.0,58.0,194250.0,201792.0,,16.3,12.3,1127.5,18047.87,4.0
10304,Container ship,,,,,,18.3,10.7,1969.5,9868.85,4.0
10305,Container ship,,,,,,17.2,13.3,2527.1,12092.05,4.0
10307,Bulk carrier,,,,,,15.6,11.3,2279.1,6128.55,0.0
10308,Chemical tanker,182.0,32.0,29465.0,49999.0,9000 KW,16.9,11.9,4244.9,12454.25,1.0
10309,Bulk carrier,,,,,,12.3,12.3,1250.7,3924.12,0.0
10310,Container ship,,,,,,18.3,17.3,1349.0,22416.78,4.0
10311,Container ship,,,,,,20.3,15.2,2206.4,39371.02,4.0
10312,Bulk carrier,291.0,45.0,93044.0,181221.0,,14.0,9.8,990.0,6332.46,0.0
10314,Container ship,365.0,51.0,150706.0,146931.0,,16.7,11.5,837.9,13433.46,4.0
10315,Container ship,366.0,51.0,151451.0,146749.0,,19.8,18.1,929.7,14119.65,4.0
10316,Container ship,366.0,51.0,150754.0,147500.0,,21.3,11.6,865.5,10958.22,4.0
10317,Chemical tanker,,,,,,14.9,10.7,504.3,1873.51,1.0
10318,Bulk carrier,,,,,,16.8,11.9,1262.5,3675.58,0.0
10319,Bulk carrier,,,,,,13.6,10.1,979.9,2894.74,0.0
10320,Container ship,,,,,,16.1,9.8,1109.7,16351.21,4.0
10321,Container ship,366.0,51.0,154300.0,153500.0,,23.0,18.8,3809.11,46097.04,4.0
10323,Bulk carrier,199.0,32.0,34626.0,61302.0,8130 KW,14.0,11.6,734.1,2988.5,0.0
10324,Chemical tanker,,,,,,14.5,12.3,1403.36,4148.79,1.0
10325,Chemical tanker,179.0,27.0,21254.0,35757.0,,15.3,12.3,668.83,1958.57,1.0
10328,Chemical tanker,,,,,,16.3,12.2,3538.7,8730.29,1.0
10329,Chemical tanker,,,,,,15.3,13.0,1451.83,4412.89,1.0
10330,LNG carrier,294.0,46.0,114364.0,95785.0,,21.8,15.0,683.3,5922.48,7.0
10331,LNG carrier,294.0,46.0,114364.0,95978.0,21550 KW,19.5,16.2,3882.5,38312.74,7.0
10332,Chemical tanker,,,,,,13.0,13.0,1145.55,3326.46,1.0
10333,Bulk carrier,,,,,,15.8,11.9,2426.51,6968.28,0.0
10334,Bulk carrier,,,,,,12.9,11.0,1798.2,5327.64,0.0
10335,Bulk carrier,,,,,,15.2,11.9,2095.5,6555.09,0.0
10336,Bulk carrier,,,,,,14.9,12.6,682.2,2732.61,0.0
10337,Bulk carrier,,,,,,14.5,11.2,908.0,3803.91,0.0
10338,Bulk carrier,229.0,32.0,43400.0,81600.0,,11.3,10.6,1832.0,5718.76,0.0
10339,Bulk carrier,,,,,,14.7,11.8,2266.9,8444.93,0.0
10342,Bulk carrier,,,,,,15.1,10.1,2249.57,7529.2,0.0
10343,Bulk carrier,,,,,,13.3,11.9,840.8,3134.33,0.0
10344,Bulk carrier,,,,,,13.8,9.5,1096.5,2303.77,0.0
10346,LNG carrier,299.0,49.0,121981.0,88668.0,,20.4,15.5,448.25,2381.62,7.0
10347,LNG carrier,299.0,48.0,128917.0,83571.0,,17.5,13.1,944.99,8744.22,7.0
10348,LNG carrier,,,,,,18.4,13.1,211.53,1991.95,7.0
10350,Bulk carrier,,,,,,5.2,5.1,644.33,1498.88,0.0
10351,Oil tanker,,,,,,15.0,11.7,2117.14,6458.36,8.0
10352,Oil tanker,,,,,,15.5,12.3,1943.72,7366.79,8.0
10353,Oil tanker,,,,,,12.9,11.0,2275.32,8810.96,8.0
10354,Oil tanker,,,,,,14.2,11.9,3415.48,14212.23,8.0
10355,Oil tanker,,,,,,16.4,10.5,2924.9,10187.13,8.0
10356,Oil tanker,,,,,,16.2,12.1,2470.7,7596.35,8.0
10357,Bulk carrier,199.0,36.0,38237.0,66653.0,,14.6,12.7,565.96,1710.98,0.0
10358,Bulk carrier,,,,,,14.8,11.0,537.9,1704.48,0.0
10359,Bulk carrier,,,,,,13.6,11.0,1177.0,3864.58,0.0
10360,Bulk carrier,,,,,,14.2,13.0,119.0,229.56,0.0
10361,Bulk carrier,199.0,32.0,34578.0,60402.0,,15.3,12.5,2443.8,7456.79,0.0
10362,Oil tanker,,,,,,13.8,10.6,411.4,1663.72,8.0
10366,Bulk carrier,,,,,,13.6,11.4,989.2,4150.71,0.0
10367,Oil tanker,,,,,,14.9,7.2,2236.1,10790.88,8.0
10368,Oil tanker,,,,,,14.6,12.4,482.3,2813.78,8.0
10369,Chemical tanker,,,,,,16.9,12.5,1044.24,3057.01,1.0
10370,Chemical tanker,180.0,28.0,22987.0,37256.0,,14.8,12.0,542.7,1840.79,1.0
10371,Container ship,,,,,,15.5,12.6,2173.51,8958.24,4.0
10372,Gas carrier,159.0,25.0,18219.0,19002.0,7410 KW,13.5,11.9,2023.3,5600.29,5.0
10373,Gas carrier,,,,,,13.5,8.3,1709.3,5256.78,5.0
10374,Gas carrier,,,,,,16.4,14.6,503.73,3383.18,5.0
10375,Gas carrier,291.0,46.0,112867.0,94575.0,,8.6,8.6,443.14,9584.97,5.0
10376,Bulk carrier,,,,,,13.7,11.1,451.2,1046.32,0.0
10377,Bulk carrier,,,,,,14.0,11.3,660.97,2468.24,0.0
10378,Oil tanker,,,,,,16.6,10.5,1846.8,10395.63,8.0
10379,Oil tanker,,,,,,16.3,11.2,1421.6,8434.18,8.0
10380,Chemical tanker,175.0,27.0,21117.0,30727.0,,14.7,12.2,3507.15,10328.47,1.0
10381,Oil tanker,,,,,,16.2,11.5,763.4,3853.57,8.0
10382,Oil tanker,,,,,,16.9,12.5,402.2,2037.99,8.0
10383,Bulk carrier,180.0,30.0,24198.0,37384.0,,13.1,10.9,597.0,1798.58,0.0
10384,Oil tanker,,,,,,14.6,12.6,1414.45,4751.44,8.0
10386,Container ship,398.0,59.0,194308.0,200148.0,,22.1,19.3,2450.7,38343.97,4.0
10387,Container ship,,,,,,20.3,12.2,2957.1,41601.92,4.0
10388,Container ship,,,,,,13.4,12.2,885.7,10404.41,4.0
10389,Bulk carrier,,,,,,13.6,12.3,601.0,1522.47,0.0
10390,Bulk carrier,,,,,,14.4,10.6,1643.0,4615.36,0.0
10391,Bulk carrier,181.0,30.0,23662.0,37845.0,,13.0,12.0,1424.4,3855.05,0.0
10392,Bulk carrier,,,,,,14.4,11.1,418.5,1036.75,0.0
10393,Bulk carrier,199.0,32.0,34164.0,60495.0,,14.1,11.9,945.58,2720.96,0.0
10394,Bulk carrier,179.0,32.0,25594.0,38629.0,6100 KW,15.3,12.2,1652.98,4685.32,0.0
10395,Bulk carrier,,,,,,15.4,8.8,2663.69,7690.69,0.0
10396,Bulk carrier,,,,,,15.3,11.1,1460.0,4049.83,0.0
10397,Bulk carrier,,,,,,15.1,10.7,325.8,774.68,0.0
10398,Bulk carrier,,,,,,14.6,10.5,1429.63,4186.4,0.0
10400,Oil tanker,,,,,,15.6,12.0,2593.4,14352.58,8.0
10401,Oil tanker,,,,,,15.3,11.2,7147.0,42554.84,8.0
10402,Gas carrier,180.0,28.0,25079.0,28100.0,10320 KW,15.3,13.1,1695.3,6255.59,5.0
10403,Oil tanker,,,,,,13.4,10.8,2240.9,6235.75,8.0
10404,Ro-pax ship,199.0,31.0,32447.0,4636.0,,25.0,23.5,3775.0,49750.04,11.0
10405,Container ship,,,,,,16.0,11.5,5014.9,17539.34,4.0
10406,Container ship,177.0,30.0,25715.0,24700.0,11655 KW,14.4,8.8,4923.7,15650.55,4.0
10409,Bulk carrier,229.0,32.0,44069.0,81227.0,,13.5,11.0,1353.4,5907.48,0.0
10410,Bulk carrier,,,,,,13.9,11.5,1945.8,6951.33,0.0
10411,Bulk carrier,228.0,32.0,43095.0,81800.0,,13.9,11.0,950.8,3121.1,0.0
10412,Bulk carrier,228.0,32.0,43223.0,81671.0,,16.3,12.1,2788.76,9076.78,0.0
10413,Bulk carrier,,,,,,16.5,12.1,994.7,3441.51,0.0
10416,Passenger ship,210.0,36.0,41865.0,7000.0,,19.1,14.9,1972.0,17945.17,9.0
10417,Oil tanker,,,,,,15.8,13.6,3922.42,14526.83,8.0
10418,Oil tanker,,,,,,5.5,5.5,3736.85,9622.94,8.0
10420,Oil tanker,,,,,,16.3,11.2,1304.0,7163.49,8.0
10422,Gas carrier,230.0,36.0,47995.0,55131.0,,15.7,13.0,309.7,1875.43,5.0
10423,Gas carrier,,,,,,16.8,15.0,5043.03,25580.11,5.0
10424,Bulk carrier,229.0,32.0,43278.0,81039.0,,10.3,9.8,1067.5,3492.1,0.0
10425,Refrigerated cargo carrier,188.0,26.0,17164.0,16727.0,,18.8,16.3,6366.5,43590.76,10.0
10426,Refrigerated cargo carrier,188.0,26.0,17164.0,16727.0,,23.7,18.3,2528.92,13968.63,10.0
10427,Refrigerated cargo carrier,188.0,26.0,17174.0,16727.0,,18.3,17.2,2756.4,13755.07,10.0
10428,Refrigerated cargo carrier,188.0,26.0,17421.0,16580.0,,22.1,17.3,2999.7,20319.23,10.0
10429,General cargo ship,,,,,,7.5,6.1,452.17,966.26,6.0
10430,General cargo ship,199.0,23.0,22947.0,36754.0,,14.7,11.6,3536.22,8894.55,6.0
10431,General cargo ship,,,,,,12.2,11.1,2822.23,7632.69,6.0
10432,Oil tanker,,,,,,14.5,10.1,2152.5,6934.97,8.0
10433,Oil tanker,,,,,,12.5,10.2,377.4,1639.6,8.0
10434,Oil tanker,,,,,,13.7,6.9,1177.3,3471.09,8.0
10436,Oil tanker,,,,,,13.2,9.9,459.5,2552.24,8.0
10437,LNG carrier,295.0,46.0,115366.0,94442.0,,18.6,14.8,3138.18,34351.45,7.0
10438,LNG carrier,295.0,46.0,111000.0,83000.0,,19.6,16.5,956.03,8119.39,7.0
10440,LNG carrier,295.0,46.0,115366.0,94494.0,,20.0,13.9,719.76,6909.2,7.0
10441,LNG carrier,295.0,46.0,115366.0,94500.0,,21.8,15.7,1614.18,19007.34,7.0
10442,LNG carrier,295.0,46.0,111000.0,94500.0,,20.7,15.3,541.27,5695.28,7.0
10443,General cargo ship,,,,,,15.3,11.7,1974.82,4075.26,6.0
10444,General cargo ship,,,,,,16.2,12.5,1243.07,3368.4,6.0
10445,General cargo ship,,,,,,15.7,12.2,2714.5,10639.45,6.0
10446,LNG carrier,295.0,46.0,114758.0,95743.0,,20.2,15.3,1256.28,16015.94,7.0
10449,Bulk carrier,228.0,32.0,44109.0,81064.0,,11.3,4.6,666.0,2240.85,0.0
10450,Chemical tanker,,,,,,15.2,14.0,6799.89,19454.17,1.0
10451,Oil tanker,,,,,,16.2,10.5,1343.06,6687.15,8.0
10452,Oil tanker,,,,,,15.2,12.9,4784.93,19192.53,8.0
10453,Container ship,,,,,,16.1,9.9,843.2,10992.68,4.0
10454,Container ship,400.0,58.0,193489.0,202338.0,,19.8,11.7,3024.3,50245.26,4.0
10455,Container ship,,,,,,20.5,16.8,1008.7,16742.2,4.0
10457,Bulk carrier,,,,,,14.2,10.3,2086.17,9449.3,0.0
10458,Bulk carrier,,,,,,14.3,12.2,2533.2,6683.78,0.0
10459,Bulk carrier,,,,,,14.3,10.4,917.0,2711.63,0.0
10460,General cargo ship,199.0,24.0,22982.0,36643.0,,13.2,7.0,2205.41,4978.66,6.0
10462,General cargo ship,199.0,24.0,22982.0,36500.0,,16.5,11.7,906.5,2139.97,6.0
10463,Bulk carrier,,,,,,14.9,9.7,1180.4,3702.93,0.0
10464,General cargo ship,,,,,,11.4,10.1,381.3,1144.16,6.0
10465,General cargo ship,189.0,32.0,31164.0,48500.0,,21.1,11.3,1246.15,1778.73,6.0
10466,General cargo ship,189.0,32.0,31164.0,47751.0,,13.8,12.0,1040.6,3276.26,6.0
10467,LNG carrier,294.0,46.0,113665.0,96000.0,,20.0,16.3,652.15,5303.07,7.0
10468,Bulk carrier,,,,,,11.3,6.7,1885.65,5506.99,0.0
10469,LNG carrier,,,,,,21.6,18.6,4352.18,67994.2,7.0
10470,LNG carrier,,,,,,19.8,16.9,5229.52,75980.3,7.0
10471,LNG carrier,299.0,50.0,128806.0,96847.0,,24.2,17.8,5626.0,73642.25,7.0
10472,LNG carrier,299.0,50.0,128806.0,96765.0,45000 KW,19.2,16.5,3473.08,47403.09,7.0
10473,Oil tanker,109.0,20.0,7009.0,7673.0,,12.8,9.7,2321.3,3721.8,8.0
10475,General cargo ship,,,,,,15.2,12.8,1769.67,5291.67,6.0
10476,General cargo ship,,,,,,15.4,12.8,0.0,0.0,6.0
10477,General cargo ship,,,,,,15.5,12.3,0.0,0.0,6.0
10478,General cargo ship,,,,,,16.7,13.5,86.92,262.55,6.0
10479,Bulk carrier,,,,,,13.4,11.1,816.1,2024.67,0.0
10480,LNG carrier,,,,,,16.0,12.9,4253.33,7968.5,7.0
10481,Ro-pax ship,142.0,21.0,7870.0,1350.0,,10.5,8.5,4138.59,4805.66,11.0
10482,Container ship,400.0,59.0,210678.0,196878.0,,20.0,15.1,3414.83,37620.93,4.0
10483,Container ship,,,,,,19.2,12.9,3346.13,43277.63,4.0
10488,Oil tanker,,,,,,15.2,8.8,2820.0,10777.65,8.0
10489,LNG carrier,298.0,49.0,143000.0,97000.0,,21.2,12.3,638.0,4165.07,7.0
10490,Bulk carrier,,,,,,13.5,8.9,925.4,3127.9,0.0
10492,General cargo ship,,,,,,6.8,6.8,1842.0,3598.51,6.0
10493,General cargo ship,,,,,,11.8,9.2,7273.0,10942.99,6.0
10494,Container ship,,,,,,16.4,15.4,2178.1,31191.28,4.0
10495,Container ship,328.0,48.0,112695.0,128432.0,,11.1,11.1,2995.9,36589.32,4.0
10496,Container ship,328.0,48.0,112695.0,128688.0,,18.7,14.8,2239.7,27603.49,4.0
10497,Container ship,314.0,48.0,102492.0,119159.0,47600 KW,19.0,17.5,1916.2,34722.97,4.0
10498,LNG carrier,294.0,46.0,113534.0,95449.0,12520 KW,19.9,13.6,2123.55,19922.28,7.0
10499,LNG carrier,294.0,46.0,113263.0,95378.0,12520 KW,20.8,15.5,1883.7,20840.54,7.0
10500,LNG carrier,294.0,46.0,113263.0,95452.0,,19.9,18.8,2159.48,19703.5,7.0
10501,Oil tanker,,,,,,16.1,10.1,2742.8,9638.57,8.0
10502,Bulk carrier,,,,,,14.4,8.4,846.2,2748.95,0.0
10503,Oil tanker,,,,,,15.3,12.1,887.8,6556.53,8.0
10504,Ro-pax ship,142.0,21.0,7870.0,1350.0,,12.3,10.7,1969.55,1437.85,11.0
10505,Ro-pax ship,142.0,21.0,7870.0,1350.0,,11.7,11.5,4765.65,5418.97,11.0
10506,Bulk carrier,,,,,,12.5,11.6,424.75,1197.92,0.0
10507,Gas carrier,180.0,26.0,22887.0,20738.0,,19.5,16.5,4422.0,15165.96,5.0
10508,Gas carrier,180.0,26.0,22887.0,20716.0,14550 KW,19.5,13.9,6133.4,24553.08,5.0
10509,LNG carrier,297.0,47.0,119660.0,98747.0,,16.8,10.6,1947.0,22275.59,7.0
10510,Oil tanker,,,,,,13.2,10.4,640.5,3414.4,8.0
10511,Chemical tanker,,,,,,17.4,12.5,2209.31,9841.17,1.0
10512,Chemical tanker,219.0,38.0,42884.0,74356.0,,14.4,9.2,2504.85,9147.2,1.0
10515,Oil tanker,274.0,48.0,82605.0,156978.0,,16.9,12.3,807.3,2881.06,8.0
10516,Gas carrier,,,,,,12.6,10.9,580.8,2530.63,5.0
10517,Oil tanker,,,,,,14.6,10.3,3100.35,10575.54,8.0
10518,Oil tanker,,,,,,14.0,10.6,2935.0,9934.09,8.0
10519,Oil tanker,,,,,,15.4,11.7,3029.4,9775.62,8.0
10520,Oil tanker,,,,,,10.7,6.9,1565.6,4399.78,8.0
10521,Ro-pax ship,,,,,,23.2,19.1,4774.96,44150.43,11.0
10522,Chemical tanker,,,,,,14.9,11.4,3111.79,10180.41,1.0
10524,Container ship,,,,,,18.5,11.7,1984.7,27565.46,4.0
10525,Bulk carrier,,,,,,12.9,11.3,1844.0,5665.93,0.0
10526,Oil tanker,237.0,44.0,60126.0,112186.0,,15.4,13.0,2601.0,11270.72,8.0
10527,Oil tanker,,,,,,13.4,11.2,5764.43,18339.59,8.0
10528,Oil tanker,237.0,44.0,60142.0,112179.0,,13.7,12.7,3333.5,11549.04,8.0
10531,Oil tanker,,,,,,17.2,13.0,1604.5,9860.84,8.0
10532,Oil tanker,,,,,,13.0,10.7,2495.3,14686.33,8.0
10533,Oil tanker,274.0,48.0,81368.0,158480.0,,15.3,9.1,1340.3,4843.13,8.0
10536,Oil tanker,,,,,,14.2,12.4,898.8,2991.37,8.0
10537,Bulk carrier,,,,,,3.8,3.8,1004.28,4254.19,0.0
10538,Bulk carrier,,,,,,12.1,11.1,489.97,2149.6,0.0
10539,General cargo ship,,,,,,15.7,13.2,4695.44,15866.14,6.0
10540,General cargo ship,,,,,,14.9,12.4,701.75,2066.79,6.0
10541,Chemical tanker,,,,,,14.6,12.0,1237.7,5087.45,1.0
10543,Gas carrier,,,,,,13.1,10.4,3797.9,5818.31,5.0
10546,Bulk carrier,,,,,,14.6,10.9,302.4,1234.21,0.0
10547,Bulk carrier,,,,,,13.9,10.1,652.4,2070.55,0.0
10548,Bulk carrier,198.0,32.0,34314.0,60696.0,,12.1,11.3,2836.7,8398.22,0.0
10549,Container ship,200.0,36.0,34882.0,42000.0,,19.6,16.0,5592.87,12709.52,4.0
10550,Container ship,200.0,36.0,34882.0,40100.0,,6.6,5.1,5614.92,18344.51,4.0
10551,Container ship,200.0,36.0,34882.0,42000.0,,21.5,15.1,5201.33,19267.19,4.0
10552,Container ship,200.0,36.0,34882.0,39964.0,,16.0,8.7,5479.67,17522.03,4.0
10553,Container ship,200.0,36.0,34882.0,40000.0,,19.4,12.5,5775.48,17835.35,4.0
10555,Chemical tanker,,,,,,12.9,10.2,3960.01,6993.43,1.0
10556,Container ship,,,,,,8.6,6.7,3375.1,44917.53,4.0
10557,Container ship,,,,,,22.1,18.3,2978.2,44897.23,4.0
10558,Container ship,,,,,,19.7,15.5,2677.8,36850.24,4.0
10559,Container ship,,,,,,21.8,17.6,3171.8,46007.01,4.0
10560,Container ship,,,,,,17.6,14.2,3542.4,53595.42,4.0
10561,Container ship,399.0,58.0,210890.0,191374.0,,20.0,15.8,3311.4,47524.57,4.0
10562,Oil tanker,,,,,,12.5,8.5,7097.68,22092.41,8.0
10564,Container ship,400.0,59.0,199000.0,199855.0,,18.8,14.6,4484.39,73916.62,4.0
10565,Container ship,400.0,59.0,219277.0,198580.0,,20.2,15.6,4256.9,74074.26,4.0
10566,Chemical tanker,145.0,25.0,12184.0,21176.0,5400 KW,13.3,10.5,4902.65,10175.74,1.0
10567,Chemical tanker,145.0,25.0,12184.0,21183.0,,14.9,10.2,1478.98,2773.29,1.0
10569,Oil tanker,,,,,,11.4,8.4,2394.0,9174.75,8.0
10572,Container ship,,,,,,21.0,16.3,1085.1,10179.67,4.0
10573,Container ship,,,,,,20.4,13.9,887.1,8989.38,4.0
10574,Chemical tanker,,,,,,5.8,5.8,1614.8,5069.63,1.0
10575,Chemical tanker,,,,,,6.1,5.0,742.8,2028.76,1.0
10576,Chemical tanker,165.0,26.0,17139.0,27500.0,,17.2,12.0,394.3,1771.42,1.0
10577,Oil tanker,,,,,,13.3,10.8,4653.2,8194.34,8.0
10579,Container ship,,,,,,15.7,11.9,3098.97,51087.49,4.0
10580,Container ship,333.0,48.0,118945.0,123587.0,34224 KW,19.0,11.4,3452.67,52080.85,4.0
10581,Container ship,,,,,,18.7,9.1,3372.37,48507.56,4.0
10582,Container ship,,,,,,21.3,16.2,3547.9,49212.43,4.0
10583,Bulk carrier,181.0,30.0,23651.0,37600.0,6050 KW,14.2,12.3,3174.3,5412.6,0.0
10584,Bulk carrier,181.0,30.0,23651.0,37597.0,6050 KW,13.2,9.9,2977.78,8055.55,0.0
10591,Container ship,,,,,,18.3,12.8,2845.3,43932.65,4.0
10592,Container ship,,,,,,8.4,8.4,2859.6,42466.1,4.0
10593,Container ship,330.0,48.0,113112.0,134007.0,,18.8,12.0,3101.5,48892.0,4.0
10594,Container ship,,,,,,20.2,17.1,2616.7,41036.55,4.0
10595,Container ship,,,113112.0,,42310 KW,13.5,6.9,2922.9,47199.11,4.0
10596,Oil tanker,228.0,36.0,43984.0,74999.0,,14.8,11.9,1479.32,4755.39,8.0
10598,Container ship,200.0,35.0,34882.0,39947.0,,16.6,12.1,5484.35,17923.43,4.0
10599,Container ship,200.0,36.0,34882.0,39819.0,,15.5,13.4,5303.37,18161.43,4.0
10601,Container ship,,,,,,23.7,17.8,2278.05,45992.23,4.0
10602,Container ship,,,,,,16.1,13.6,3175.07,45803.41,4.0
10603,Container ship,,,,,,16.6,13.4,3513.1,43485.11,4.0
10604,Container ship,,,,,,16.4,13.3,2259.03,38659.38,4.0
10605,Container ship,,,,,,20.5,18.2,822.53,8288.18,4.0
10606,Container ship,399.0,58.0,214286.0,210019.0,62000 KW,16.7,16.7,3694.15,65355.45,4.0
10607,Bulk carrier,179.0,30.0,23703.0,38593.0,,13.3,11.8,881.78,1958.75,0.0
10608,Oil tanker,274.0,48.0,83055.0,157756.0,,14.7,12.4,771.4,2753.85,8.0
10610,Oil tanker,139.0,22.0,10748.0,12980.0,,14.6,12.3,1523.58,3221.16,8.0
10611,Oil tanker,,,,,,16.0,11.3,3025.79,6513.24,8.0
10612,Oil tanker,,,,,,14.4,11.3,1932.2,8931.52,8.0
10613,Oil tanker,,,,,,15.6,11.4,1525.4,7807.03,8.0
10614,Oil tanker,,,,,,15.1,11.7,1414.5,9503.84,8.0
10615,Oil tanker,,,,,,15.4,12.9,1613.5,6479.72,8.0
10616,Oil tanker,,,,,,15.2,11.7,3929.2,15696.31,8.0
10618,Oil tanker,,,,,,16.1,12.4,4463.68,20146.25,8.0
10619,Oil tanker,,,,,,14.2,10.7,681.7,2822.05,8.0
10620,Oil tanker,,,,,,15.7,11.3,310.28,1410.38,8.0
10621,Bulk carrier,,,,,,15.0,11.9,497.3,1697.25,0.0
10622,Oil tanker,,,,,,12.2,10.2,4921.63,18413.14,8.0
10623,Oil tanker,,,,,,14.1,11.2,583.2,2535.18,8.0
10624,Container ship,399.0,58.0,214286.0,210019.0,,18.6,14.0,3425.52,52725.66,4.0
10625,Container ship,399.0,58.0,214286.0,210019.0,,21.8,18.3,2918.47,46920.54,4.0
10626,Container ship,399.0,58.0,214286.0,210019.0,,19.3,15.1,3246.92,48050.58,4.0
10627,Container ship,399.0,58.0,214286.0,210019.0,,19.9,12.3,2818.73,44528.82,4.0
10628,Container ship,399.0,58.0,214286.0,190326.0,,14.6,10.7,2953.32,50504.19,4.0
10629,Chemical tanker,145.0,24.0,12142.0,19994.0,,14.0,10.6,1996.99,5727.08,1.0
10630,Chemical tanker,145.0,24.0,12142.0,19996.0,,15.2,10.8,2109.78,5664.46,1.0
10631,Bulk carrier,,,,,,15.4,12.8,126.17,375.78,0.0
10632,Bulk carrier,,,,,,15.5,13.5,2257.7,7617.48,0.0
10635,Container ship,177.0,30.0,25715.0,24700.0,11655 KW,15.4,12.8,5470.1,17151.2,4.0
10636,Container ship,,,,,,16.0,14.6,4736.8,18681.86,4.0
10637,Gas carrier,,,,,,15.9,13.0,217.0,1492.07,5.0
10638,Container ship,,,,,,19.8,12.2,684.7,8274.81,4.0
10640,Bulk carrier,,,,,,13.5,11.5,640.93,1678.31,0.0
10641,Bulk carrier,199.0,32.0,35607.0,64012.0,,14.1,11.6,1065.15,3042.83,0.0
10642,Bulk carrier,,,,,,11.4,8.4,1248.8,3592.46,0.0
10643,Bulk carrier,,,,,,13.2,11.4,697.0,2370.99,0.0
10644,Oil tanker,228.0,36.0,43984.0,74999.0,,14.4,12.9,803.4,2473.76,8.0
10645,Passenger ship,337.0,42.0,183200.0,13000.0,,16.6,14.8,708.2,37340.44,9.0
10646,Passenger ship,,,,,,19.6,18.8,3756.7,66552.96,9.0
10647,LNG carrier,293.0,47.0,117162.0,91610.0,,20.7,15.9,6195.26,62040.79,7.0
10649,Bulk carrier,,,,,,16.0,12.7,1209.5,3302.35,0.0
10650,Bulk carrier,,,,,,12.2,10.0,260.0,710.59,0.0
10651,Bulk carrier,,,,,,16.5,12.5,1806.75,4474.62,0.0
10654,Bulk carrier,228.0,32.0,43471.0,81704.0,,13.0,10.5,663.0,2317.08,0.0
10655,Bulk carrier,228.0,32.0,43471.0,81672.0,,12.1,9.5,2887.5,10196.87,0.0
10656,Bulk carrier,,,,,,12.8,11.6,1869.9,6930.35,0.0
10657,Bulk carrier,,,,,,13.2,10.1,519.63,1703.36,0.0
10658,Bulk carrier,,,,,,12.9,11.7,711.4,2801.53,0.0
10659,Bulk carrier,,,,,,15.0,13.8,1013.0,3672.85,0.0
10660,Bulk carrier,,,,,,14.0,10.9,1414.18,7248.34,0.0
10661,Bulk carrier,199.0,32.0,35810.0,63427.0,,13.6,10.7,953.7,3356.98,0.0
10662,Bulk carrier,199.0,32.0,35810.0,63463.0,,16.3,11.5,901.2,2732.44,0.0
10663,Oil tanker,339.0,60.0,160258.0,312328.0,,17.0,9.8,6692.16,49778.97,8.0
10664,Bulk carrier,,,,,,15.7,10.9,1569.5,4280.67,0.0
10671,Bulk carrier,,,,,,17.0,12.2,1957.6,3587.59,0.0
10672,Bulk carrier,179.0,29.0,23232.0,37927.0,,13.8,11.3,1489.0,3484.67,0.0
10673,Oil tanker,237.0,44.0,60148.0,112038.0,,17.0,10.4,813.87,3073.32,8.0
10674,Oil tanker,237.0,44.0,60148.0,111841.0,,11.9,9.6,3623.88,14046.87,8.0
10675,Ro-pax ship,200.0,32.0,32000.0,5000.0,,28.0,26.9,3622.0,47635.54,11.0
10676,LNG carrier,163.0,24.0,16100.0,9125.0,7200 KW,17.9,16.6,6224.87,12975.47,7.0
10677,Bulk carrier,228.0,32.0,43018.0,81858.0,,14.8,11.3,3223.5,10510.26,0.0
10678,Bulk carrier,299.0,50.0,107148.0,209935.0,,13.7,9.8,1175.3,7734.52,0.0
10679,Bulk carrier,300.0,50.0,107148.0,209951.0,,14.1,11.2,1226.1,7429.83,0.0
10681,Oil tanker,,,,,,14.3,12.6,2410.27,10961.16,8.0
10682,Container ship,399.0,58.0,194864.0,201868.0,,19.9,13.5,5332.51,84895.05,4.0
10683,Container ship,399.0,58.0,194864.0,201827.0,,20.1,16.1,4860.23,83631.76,4.0
10684,Container ship,399.0,58.0,194864.0,202133.0,,20.5,17.4,4888.33,80883.45,4.0
10685,Container ship,400.0,58.0,196670.0,197021.0,,20.9,15.4,5419.31,85418.91,4.0
10686,Container ship,400.0,59.0,196670.0,197061.0,,14.5,9.7,4737.02,76713.32,4.0
10687,Container ship,400.0,59.0,196670.0,197087.0,,20.9,16.9,2415.83,37770.83,4.0
10688,Container ship,399.0,58.0,194864.0,202014.0,,20.1,16.2,5001.23,81238.98,4.0
10689,Container ship,399.0,58.0,194864.0,201823.0,,20.5,17.0,5471.03,87289.78,4.0
10690,Passenger ship,315.0,42.0,111554.0,7900.0,,19.9,14.0,7324.06,54647.56,9.0
10691,Passenger ship,315.0,42.0,111554.0,7900.0,40000 KW,17.5,15.9,6765.18,39443.85,9.0
10692,Oil tanker,228.0,42.0,57164.0,104026.0,,12.9,7.6,3951.87,10062.26,8.0
10693,Bulk carrier,180.0,30.0,22716.0,36500.0,,14.0,9.8,1316.8,3483.25,0.0
10694,Oil tanker,332.0,60.0,154252.0,298705.0,,16.4,11.0,1686.5,11276.43,8.0
10695,Oil tanker,332.0,60.0,154252.0,30000.0,,16.4,11.3,2209.0,12856.14,8.0
10696,Bulk carrier,229.0,32.0,43084.0,81600.0,,11.7,8.3,426.35,1781.87,0.0
10697,Bulk carrier,,,,,,13.6,11.4,900.71,3315.37,0.0
10698,Bulk carrier,228.0,32.0,43061.0,81725.0,,13.3,11.2,836.7,2387.59,0.0
10699,Oil tanker,249.0,43.0,64133.0,113500.0,,13.0,10.4,1267.6,6382.71,8.0
10701,Oil tanker,274.0,48.0,83480.0,157162.0,,13.4,10.4,1172.4,5903.21,8.0
10702,Oil tanker,,,,,,13.3,8.3,1265.8,5807.06,8.0
10706,Container ship,,,,,,12.6,8.3,918.45,10101.12,4.0
10707,Container ship,,,,,,22.0,16.7,1254.6,11793.01,4.0
10708,Container ship,,,,,,16.8,13.6,1085.72,10463.93,4.0
10709,Container ship,,,,,,23.0,20.8,906.4,9472.09,4.0
10710,Container ship,353.0,53.0,153744.0,162051.0,,12.3,10.6,860.17,9560.06,4.0
10711,Container ship,353.0,54.0,153744.0,178257.0,,12.7,11.3,1177.9,10898.71,4.0
10712,Container ship,353.0,54.0,153744.0,178257.0,,11.2,11.2,1078.98,11670.68,4.0
10713,Container ship,353.0,54.0,153744.0,178257.0,,21.6,18.9,4437.47,42150.47,4.0
10714,Container ship,353.0,54.0,153744.0,178257.0,,12.7,12.7,1017.18,10378.65,4.0
10715,Bulk carrier,,,,,,14.4,9.0,1879.43,6126.25,0.0
10716,Oil tanker,,,,,,15.7,13.5,1139.3,4542.95,8.0
10718,Container ship,364.0,51.0,146409.0,139335.0,,13.3,9.5,767.7,6517.31,4.0
10719,Container ship,364.0,51.0,150000.0,139500.0,,19.4,15.8,1122.8,11135.77,4.0
10720,Oil tanker,,,,,,8.6,6.8,832.91,962.93,8.0
10721,Bulk carrier,,,,,,13.4,10.9,911.29,1914.14,0.0
10722,LNG carrier,295.0,46.0,114758.0,85000.0,26570 KW,21.4,16.3,1813.8,23961.27,7.0
10723,Oil tanker,274.0,48.0,81361.0,159055.0,,10.3,10.3,831.5,3418.51,8.0
10724,Oil tanker,274.0,48.0,81361.0,159055.0,,16.1,11.7,2216.2,8068.51,8.0
10725,General cargo ship,150.0,25.0,16729.0,17190.0,7820 KW,19.8,14.6,4183.5,11866.17,6.0
10726,General cargo ship,149.0,25.0,16732.0,17147.0,,18.2,13.0,2775.8,6268.58,6.0
10727,General cargo ship,149.0,25.0,16732.0,17164.0,5750 KW,14.9,13.4,3420.1,8769.22,6.0
10729,Container ship,,,,,,19.5,13.2,458.0,5373.93,4.0
10730,Oil tanker,183.0,32.0,29760.0,49990.0,,13.3,10.3,577.9,1580.92,8.0
10731,Oil tanker,,,,,,13.9,7.3,1973.89,5600.7,8.0
10732,Oil tanker,,,,,,14.1,12.7,1418.49,4605.28,8.0
10733,Oil tanker,,,,,,15.1,13.0,930.1,3162.41,8.0
10734,Container ship,366.0,48.0,143179.0,145000.0,,21.0,18.2,5668.66,77056.19,4.0
10735,Container ship,366.0,48.0,143179.0,146714.0,,16.5,11.3,403.86,4574.94,4.0
10736,Oil tanker,274.0,48.0,82908.0,156341.0,,14.6,10.4,5896.0,29013.18,8.0
10737,Oil tanker,274.0,48.0,82908.0,156400.0,,14.3,11.2,6698.6,36382.83,8.0
10738,Bulk carrier,229.0,32.0,44113.0,82061.0,,14.0,8.6,1349.5,4846.24,0.0
10740,Oil tanker,183.0,32.0,29816.0,49910.0,,9.4,7.0,729.85,1743.68,8.0
10741,Oil tanker,,,,,,17.2,12.7,519.9,1287.38,8.0
10743,Oil tanker,183.0,32.0,32300.0,50000.0,,9.5,5.7,1841.32,3828.5,8.0
10744,Oil tanker,,,,,,16.1,12.6,536.05,1418.71,8.0
10745,Oil tanker,183.0,32.0,29816.0,50000.0,,11.4,9.7,1587.4,3310.8,8.0
10746,Oil tanker,,,,,,12.9,11.8,2940.6,8120.58,8.0
10747,Oil tanker,,,,,,10.7,9.8,1621.17,4286.47,8.0
10748,Chemical tanker,,,,,,15.1,11.2,3144.9,8874.76,1.0
10749,Chemical tanker,,,,,,15.9,12.8,964.4,3254.85,1.0
10750,Oil tanker,,,,,,14.2,12.1,4039.8,6558.28,8.0
10752,Container ship,,,,,,11.9,6.8,4689.28,32494.81,4.0
10753,Container ship,,,,,,17.0,7.3,4296.4,28342.69,4.0
10754,Container ship,,,,,,8.2,8.2,3901.77,28911.78,4.0
10755,Container ship,400.0,59.0,217612.0,199700.0,,18.9,15.7,4056.2,79198.84,4.0
10756,Container ship,399.0,59.0,217600.0,199700.0,,21.1,17.7,3605.26,70991.64,4.0
10757,Container ship,399.0,58.0,219775.0,198937.0,,21.9,17.9,3808.7,69231.82,4.0
10758,Container ship,,,,,,20.3,16.4,3107.2,62071.2,4.0
10761,Oil tanker,250.0,44.0,63485.0,114696.0,,11.8,10.1,4103.1,15886.92,8.0
10762,Oil tanker,250.0,44.0,63485.0,114700.0,,13.6,11.2,3357.7,12821.26,8.0
10763,Oil tanker,250.0,44.0,63485.0,114661.0,,13.6,12.1,4682.4,18449.26,8.0
10764,Oil tanker,250.0,44.0,63485.0,114780.0,,15.9,13.2,5431.1,21874.65,8.0
10767,Oil tanker,250.0,44.0,64555.0,115000.0,,14.6,8.8,3852.02,11336.42,8.0
10771,Oil tanker,,,,,,14.5,11.0,2867.5,10559.94,8.0
10772,Oil tanker,182.0,32.0,29513.0,50129.0,9000 KW,16.9,11.3,1363.7,4279.16,8.0
10774,Chemical tanker,182.0,32.0,29513.0,49998.0,,12.3,8.2,1184.3,3398.83,1.0
10775,Oil tanker,,,,,,12.8,11.6,1703.4,5609.95,8.0
10776,Chemical tanker,,,,,,16.8,12.2,895.8,2654.8,1.0
10777,Bulk carrier,,,,,,15.2,11.7,1367.2,2453.16,0.0
10778,Bulk carrier,,,,,,14.3,10.4,576.9,1455.18,0.0
10779,Oil tanker,,,,,,16.1,12.6,2282.7,13660.42,8.0
10780,Oil tanker,,,,,,18.2,14.4,2570.4,16500.17,8.0
10781,Refrigerated cargo carrier,122.0,18.0,5846.0,6311.0,,14.4,9.0,645.9,2081.3,10.0
10782,Chemical tanker,,,,,,13.0,10.8,2714.5,7523.51,1.0
10786,Gas carrier,,,,,,15.2,12.5,1457.97,7414.67,5.0
10787,Gas carrier,,,,,,18.7,13.7,1131.6,6206.1,5.0
10788,Ro-ro ship,,,,,,18.8,16.3,5026.62,43231.35,12.0
10789,Ro-ro ship,234.0,35.0,74273.0,27687.0,21115 KW,17.6,15.8,4940.02,40911.77,12.0
10790,Chemical tanker,183.0,32.0,29667.0,49951.0,,15.4,12.1,2894.68,8226.7,1.0
10791,Gas carrier,180.0,28.0,25248.0,28532.0,,17.6,13.4,686.0,2814.78,5.0
10792,Gas carrier,,,,,,14.0,12.9,2200.4,3888.91,5.0
10793,Container ship,400.0,58.0,196670.0,196913.0,,21.9,15.5,5530.38,81672.47,4.0
10794,Container ship,400.0,58.0,196670.0,196996.0,,18.5,15.1,3217.86,44038.41,4.0
10796,General cargo ship,149.0,25.0,16729.0,17163.0,5750 KW,16.8,14.4,3600.37,9742.23,6.0
10797,Bulk carrier,,,,,,12.2,10.7,481.0,1214.98,0.0
10798,Bulk carrier,,,,,,14.9,10.5,1598.7,5477.36,0.0
10799,Bulk carrier,,,,,,15.4,12.1,533.8,1543.75,0.0
10801,Bulk carrier,,,,,,14.1,13.3,2637.0,5374.07,0.0
10802,Bulk carrier,,,,,,13.3,11.3,888.0,1909.69,0.0
10803,Bulk carrier,,,,,,14.7,11.7,1354.9,4702.22,0.0
10804,Container ship,211.0,33.0,32691.0,30000.0,,17.7,15.8,1198.2,8385.98,4.0
10805,Container ship,211.0,33.0,30000.0,37259.0,,19.9,17.0,804.2,6293.73,4.0
10806,Gas carrier,230.0,32.0,46125.0,51202.0,,17.1,11.1,671.9,2612.69,5.0
10807,Oil tanker,,,,,,14.1,10.9,1852.8,5021.72,8.0
10808,Chemical tanker,,,,,,12.6,6.0,341.0,1181.41,1.0
10809,Chemical tanker,179.0,27.0,21275.0,35703.0,,15.0,10.5,581.2,1474.83,1.0
10810,Chemical tanker,179.0,27.0,21275.0,35678.0,,15.2,12.4,731.64,1822.42,1.0
10811,Chemical tanker,179.0,27.0,21274.0,35647.0,,6.5,5.1,1148.48,3152.12,1.0
10812,Chemical tanker,179.0,27.0,21326.0,34987.0,,14.8,11.0,193.8,602.78,1.0
10813,Chemical tanker,179.0,27.0,21231.0,35155.0,,14.2,12.0,406.0,1588.39,1.0
10814,Chemical tanker,179.0,27.0,21231.0,35155.0,,6.5,6.5,480.58,1487.16,1.0
10815,Chemical tanker,,,,,,17.7,12.3,807.2,2250.9,1.0
10816,Bulk carrier,,,,,,17.8,11.8,832.0,2376.69,0.0
10817,Bulk carrier,,,,,,14.2,11.6,1276.9,4133.28,0.0
10818,Bulk carrier,199.0,32.0,35832.0,63533.0,,11.4,10.7,1365.2,4393.06,0.0
10819,Bulk carrier,,,,,,13.4,10.8,1173.0,3466.46,0.0
10820,Oil tanker,274.0,48.0,81349.0,158480.0,,15.9,11.6,999.9,7678.45,8.0
10821,Oil tanker,,,,,,14.6,9.7,2778.6,12184.85,8.0
10822,Oil tanker,251.0,44.0,62849.0,109898.0,,14.5,13.1,3979.17,16271.11,8.0
10823,Bulk carrier,,,,,,14.7,11.8,683.3,1429.17,0.0
10824,Bulk carrier,,,,,,13.0,10.8,1311.9,3567.08,0.0
10825,Bulk carrier,,,,,,17.7,13.2,567.3,1624.8,0.0
10827,Chemical tanker,159.0,27.0,16589.0,26196.0,,13.9,11.6,2807.8,8684.9,1.0
10828,Chemical tanker,149.0,24.0,13146.0,22354.0,,16.3,13.8,2310.5,5628.67,1.0
10829,Chemical tanker,149.0,24.0,13146.0,22292.0,,11.6,8.9,1826.26,4579.6,1.0
10830,LNG carrier,299.0,48.0,135951.0,82287.0,,15.9,13.0,834.7,5754.63,7.0
10831,LNG carrier,299.0,49.0,135951.0,82254.0,,15.3,13.9,989.35,8195.1,7.0
10832,Gas carrier,230.0,37.0,46794.0,53697.0,,18.8,12.6,1140.72,4345.6,5.0
10835,Oil tanker,249.0,44.0,63338.0,109992.0,,14.8,10.0,1753.1,7649.78,8.0
10836,Oil tanker,250.0,44.0,63364.0,112794.0,12600 KW,13.5,8.9,0.0,0.0,8.0
10837,Bulk carrier,179.0,29.0,23269.0,37713.0,,13.9,11.2,561.6,1096.63,0.0
10838,Bulk carrier,,,,,,13.6,10.4,742.5,2342.05,0.0
10839,Bulk carrier,,,,,,16.2,12.1,477.3,1240.15,0.0
10842,Oil tanker,228.0,42.0,57164.0,104074.0,,12.9,7.7,2923.7,9473.9,8.0
10843,Bulk carrier,,,,,,13.8,12.5,3635.47,12435.31,0.0
10844,Oil tanker,,,,,,16.4,10.7,732.8,3623.33,8.0
10845,Oil tanker,274.0,48.0,82870.0,159855.0,,14.6,7.9,2700.7,11472.13,8.0
10846,Oil tanker,,,,,,16.2,10.5,1428.4,19228.21,8.0
10847,Bulk carrier,199.0,32.0,35570.0,63742.0,,14.7,12.5,1964.0,5175.12,0.0
10849,Oil tanker,,,,,,13.7,10.8,2510.65,10566.55,8.0
10850,Oil tanker,,,,,,17.1,12.3,2145.53,9109.43,8.0
10851,Gas carrier,,,,,,17.1,12.1,2371.4,5060.4,5.0
10853,LNG carrier,294.0,46.0,114355.0,95876.0,23950 KW,17.6,13.3,752.1,5319.43,7.0
10857,Bulk carrier,179.0,32.0,25711.0,38645.0,,15.4,12.3,721.9,1930.15,0.0
10858,Bulk carrier,179.0,32.0,25711.0,38671.0,,13.3,11.0,2032.88,5513.66,0.0
10859,Bulk carrier,179.0,32.0,25711.0,38649.0,,12.0,9.1,1297.99,3511.31,0.0
10861,Ro-pax ship,,,,,,20.7,20.6,3411.53,45870.26,11.0
10862,Gas carrier,,,,,,15.7,14.3,606.1,3818.86,5.0
10863,Gas carrier,,,,,,19.3,12.4,752.8,3000.57,5.0
10864,Oil tanker,,,,,,15.7,11.5,55.7,244.65,8.0
10865,Oil tanker,,,,,,13.2,9.3,1325.9,3707.52,8.0
10867,Oil tanker,249.0,44.0,62350.0,113247.0,,14.7,8.3,2709.32,12673.65,8.0
10868,Oil tanker,,,,,,16.2,11.8,1108.4,7034.46,8.0
10869,Oil tanker,277.0,48.0,81817.0,157285.0,,10.3,10.3,320.9,1960.31,8.0
10870,Oil tanker,277.0,48.0,81817.0,157285.0,,13.7,10.1,730.7,5498.22,8.0
10871,Oil tanker,180.0,30.0,26118.0,36771.0,6400 KW,17.1,13.3,4600.27,15458.9,8.0
10872,Oil tanker,,,,,,16.0,11.3,2009.35,5968.02,8.0
10873,Oil tanker,,,,,,12.4,8.9,2935.42,6801.77,8.0
10874,Oil tanker,183.0,32.0,29804.0,49990.0,9230 KW,15.7,10.5,1920.01,5366.88,8.0
10875,General cargo ship,,,,,,14.8,10.1,601.0,1355.74,6.0
10878,Oil tanker,228.0,38.0,46509.0,75343.0,10850 KW,14.9,11.8,1254.1,4743.7,8.0
10879,Oil tanker,228.0,38.0,46509.0,75111.0,,13.7,10.2,3583.1,11535.98,8.0
10880,Oil tanker,228.0,38.0,46509.0,75144.0,10702 KW,13.8,10.3,2324.7,9315.02,8.0
10881,Oil tanker,250.0,44.0,61504.0,113400.0,,15.0,11.8,1611.9,6351.54,8.0
10882,Oil tanker,250.0,44.0,61504.0,113400.0,,16.0,11.3,3718.0,14406.61,8.0
10883,Oil tanker,249.0,44.0,62150.0,113400.0,,13.1,11.8,4177.2,12395.79,8.0
10884,Oil tanker,249.0,40.0,62150.0,113400.0,,13.6,11.1,5003.1,16382.63,8.0
10885,Oil tanker,,,,,,12.8,9.0,748.4,3386.89,8.0
10886,Oil tanker,,,,,,13.8,12.3,536.8,2488.82,8.0
10887,Oil tanker,277.0,48.0,81377.0,157512.0,,11.0,11.0,5238.5,22217.32,8.0
10888,Oil tanker,277.0,48.0,81377.0,157512.0,,15.9,11.1,4081.9,19335.57,8.0
10889,Container ship,399.0,58.0,215553.0,198485.0,,21.4,17.2,5294.95,87243.97,4.0
10890,Container ship,399.0,58.0,215553.0,197902.0,,20.6,16.1,4807.45,82126.05,4.0
10891,Container ship,,,,,,15.9,10.6,2770.37,39826.64,4.0
10892,Container ship,399.0,58.0,215553.0,196000.0,,13.1,13.1,2441.71,44875.34,4.0
10893,Container ship,399.0,58.0,215553.0,197976.0,,20.6,13.9,2808.99,34642.4,4.0
10894,Gas carrier,230.0,36.0,47774.0,54304.0,12100 KW,18.8,13.9,712.8,4266.29,5.0
10895,Refrigerated cargo carrier,115.0,18.0,6088.0,7768.0,,13.6,10.4,826.2,1288.83,10.0
10896,Refrigerated cargo carrier,115.0,18.0,6088.0,7737.0,,15.6,12.7,527.7,1052.04,10.0
10897,Refrigerated cargo carrier,115.0,18.0,6088.0,7738.0,,12.5,10.7,2051.8,3326.46,10.0
10898,Refrigerated cargo carrier,115.0,18.0,6088.0,7737.0,,12.9,11.0,1812.6,2565.69,10.0
10899,Bulk carrier,,,,,,15.0,11.8,242.5,915.64,0.0
10900,Passenger ship,229.0,28.0,47861.0,4815.0,,17.7,13.8,1945.27,18880.9,9.0
10901,Bulk carrier,299.0,50.0,108287.0,206814.0,,12.1,9.6,2801.0,14019.57,0.0
10903,Oil tanker,250.0,44.0,62433.0,109990.0,,15.3,12.3,1272.0,5234.75,8.0
10904,Bulk carrier,,,,,,13.8,11.4,688.0,1975.73,0.0
10905,Bulk carrier,229.0,32.0,43231.0,81018.0,,15.5,10.5,2634.6,7850.69,0.0
10906,Gas carrier,182.0,30.0,25458.0,28894.0,,18.6,14.2,3985.02,16280.78,5.0
10907,Oil tanker,,,,,,15.3,12.0,2293.61,9427.45,8.0
10908,Oil tanker,,,,,,12.9,11.7,4197.36,16959.74,8.0
10909,LNG carrier,297.0,49.0,149367.0,97902.0,,15.9,13.0,693.59,5575.28,7.0
10910,Bulk carrier,,,,,,14.4,11.3,303.2,1566.95,0.0
10911,Oil tanker,250.0,44.0,62433.0,109990.0,,14.8,9.8,1935.43,8343.02,8.0
10912,Container ship,230.0,37.0,43628.0,52102.0,,13.1,8.3,3935.3,29963.97,4.0
10913,Container ship,230.0,37.0,43628.0,52150.0,,17.0,11.6,4318.8,31515.21,4.0
10914,Container ship,230.0,37.0,43628.0,52000.0,,19.1,16.0,3549.6,20915.2,4.0
10915,Container ship,230.0,37.0,43628.0,52023.0,,15.3,10.9,3874.8,31043.69,4.0
10916,Oil tanker,,,,,,14.4,9.1,1553.85,5991.21,8.0
10917,Chemical tanker,,,,,,13.6,12.5,0.0,0.0,1.0
10919,Chemical tanker,,,,,,14.4,11.0,1419.0,4448.71,1.0
10920,Chemical tanker,,,,,,13.3,9.4,407.5,1388.9,1.0
10921,Oil tanker,183.0,32.0,29594.0,49683.0,,14.9,10.0,1869.4,6672.14,8.0
10922,General cargo ship,160.0,26.0,19955.0,25532.0,7250 KW,16.3,10.6,3610.5,7794.05,6.0
10923,General cargo ship,160.0,26.0,19955.0,23650.0,,13.3,9.9,3930.23,7138.0,6.0
10925,Bulk carrier,,,,,,14.0,12.2,631.8,2246.05,0.0
10926,Oil tanker,,,,,,13.6,9.5,1789.3,4307.11,8.0
10927,Chemical tanker,,,,,,14.6,11.6,1708.9,5225.42,1.0
10928,Oil tanker,155.0,23.0,14402.0,17500.0,,13.9,9.6,4122.6,9606.33,8.0
10929,Oil tanker,155.0,23.0,14402.0,17500.0,,9.4,9.4,4557.36,9158.87,8.0
10931,Oil tanker,249.0,44.0,64459.0,114939.0,,16.6,11.8,2058.1,7744.89,8.0
10933,Oil tanker,249.0,44.0,64459.0,114751.0,,14.5,11.3,3190.12,12177.33,8.0
10934,Oil tanker,183.0,32.0,29450.0,49850.0,7900 KW,14.4,12.9,341.3,1249.67,8.0
10935,Oil tanker,183.0,32.0,29450.0,49810.0,,14.8,11.4,1095.0,3263.82,8.0
10936,Gas carrier,159.0,24.0,17232.0,16596.0,,17.2,14.9,2850.2,9233.6,5.0
10937,Gas carrier,159.0,24.0,17232.0,16600.0,,15.3,12.1,1988.3,7359.1,5.0
10939,Chemical tanker,183.0,32.0,29518.0,50000.0,,17.4,10.7,3008.15,8355.36,1.0
10940,Chemical tanker,183.0,32.0,29518.0,49996.0,,15.0,12.2,2351.82,5776.32,1.0
10945,Oil tanker,,,,,,14.6,10.6,670.8,1620.53,8.0
10946,Gas carrier,,,,,,14.5,10.2,465.6,1365.75,5.0
10947,Chemical tanker,,,,,,15.9,13.0,1990.5,5128.45,1.0
10948,Bulk carrier,,,,,,14.2,11.4,1301.3,4730.2,0.0
10949,Oil tanker,,,,,,14.6,11.2,775.8,3075.72,8.0
10950,Chemical tanker,183.0,32.0,29256.0,49999.0,,15.8,13.2,973.3,2823.68,1.0
10951,Gas carrier,,,,,,16.0,12.4,864.9,2267.66,5.0
10952,Chemical tanker,183.0,32.0,29256.0,49999.0,,11.9,5.9,1080.2,3413.93,1.0
10953,Chemical tanker,,,,,,11.7,8.6,938.5,1095.17,1.0
10954,Oil tanker,119.0,20.0,7538.0,7869.0,,12.8,11.8,1709.7,2559.84,8.0
10955,Oil tanker,332.0,60.0,159843.0,311080.0,,15.8,11.6,404.2,3346.45,8.0
10956,Bulk carrier,,,,,,15.4,13.1,551.8,1968.43,0.0
10957,Bulk carrier,199.0,32.0,34094.0,60424.0,,10.7,10.4,966.9,3402.68,0.0
10958,Chemical tanker,145.0,24.0,12188.0,19952.0,,14.1,9.1,680.7,2111.55,1.0
10959,Chemical tanker,,,,,,12.6,10.5,2089.5,4990.84,1.0
10960,Chemical tanker,180.0,28.0,22988.0,37258.0,,15.3,11.4,1439.7,4174.28,1.0
10962,General cargo ship,189.0,32.0,31926.0,55683.0,,16.4,10.7,1760.3,5203.36,6.0
10963,Bulk carrier,,,,,,15.3,12.4,271.78,871.36,0.0
10964,Bulk carrier,228.0,32.0,43614.0,81856.0,,15.1,13.8,1794.83,7692.89,0.0
10966,Oil tanker,,,,,,15.1,9.1,1719.5,5537.21,8.0
10967,Container/ro-ro cargo ship,,,,,,19.0,11.7,6295.85,28756.54,3.0
10968,Chemical tanker,145.0,23.0,11773.0,19888.0,,13.1,9.4,60.6,164.36,1.0
10969,Chemical tanker,145.0,23.0,11773.0,19803.0,,13.5,7.8,650.0,1723.5,1.0
10970,Chemical tanker,,,,,,12.8,10.9,2362.6,5165.85,1.0
10971,Chemical tanker,142.0,22.0,9418.0,16230.0,,17.0,11.7,2904.9,5333.42,1.0
10973,Gas carrier,117.0,19.0,7211.0,6602.0,,13.5,11.8,3790.0,5486.24,5.0
10974,Chemical tanker,183.0,32.0,29463.0,49703.0,9220 KW,16.5,11.9,2682.1,8021.0,1.0
10975,Chemical tanker,183.0,32.0,29463.0,49703.0,,14.1,7.9,1197.88,3516.77,1.0
10976,Oil tanker,274.0,48.0,82605.0,156989.0,,15.6,13.2,237.9,1947.33,8.0
10978,Oil tanker,274.0,48.0,82077.0,157500.0,,15.0,11.9,1047.0,3582.04,8.0
10979,Oil tanker,250.0,44.0,62433.0,109990.0,,14.0,11.2,1267.7,5833.97,8.0
10980,Oil tanker,250.0,44.0,62433.0,114900.0,,14.8,11.1,3000.3,12768.22,8.0
10981,Oil tanker,250.0,44.0,62000.0,114900.0,,15.0,10.7,2240.85,9445.79,8.0
10982,Oil tanker,,,,,,14.6,11.9,119.2,735.96,8.0
10983,Chemical tanker,,,,,,7.5,5.5,3109.62,12968.52,1.0
10985,Chemical tanker,,,,,,14.5,13.5,1486.3,4122.16,1.0
10987,Bulk carrier,,,,,,18.5,12.6,2616.0,6859.92,0.0
10988,Chemical tanker,,,,,,15.8,10.7,978.3,3692.08,1.0
10989,Chemical tanker,,,,,,16.2,12.3,644.6,2344.03,1.0
10990,Oil tanker,,,,,,15.1,13.4,828.2,3352.36,8.0
10991,Oil tanker,179.0,32.0,26310.0,40000.0,,14.5,9.0,3675.2,9408.34,8.0
10992,Oil tanker,,,,,,13.3,10.4,4285.68,8859.83,8.0
10993,Chemical tanker,,,,,,15.2,12.6,723.07,3031.06,1.0
10994,Chemical tanker,,,,,,16.2,11.6,1808.76,6505.07,1.0
10995,Chemical tanker,182.0,32.0,26364.0,40870.0,,22.0,12.4,0.0,0.0,1.0
10996,Bulk carrier,,,,,,14.5,9.7,584.78,1594.12,0.0
10997,Bulk carrier,,,,,,14.6,11.3,765.5,2581.17,0.0
10998,Bulk carrier,,,,,,15.5,13.7,1296.1,4235.18,0.0
10999,Bulk carrier,,,,,,15.6,10.6,1256.1,4723.27,0.0
11000,Bulk carrier,,,,,,15.7,13.1,310.85,903.68,0.0
11002,Bulk carrier,,,,,,13.3,10.9,828.5,2235.73,0.0
11003,Bulk carrier,,,,,,13.5,9.9,1211.05,3533.95,0.0
11005,Passenger ship,,,,,,19.6,15.7,2311.52,47125.5,9.0
11006,Bulk carrier,199.0,32.0,35606.0,63878.0,7360 KW,9.7,8.5,1747.3,5616.84,0.0
11007,Bulk carrier,,,,,,13.5,11.2,364.42,953.76,0.0
11008,Oil tanker,250.0,44.0,63536.0,114601.0,,13.5,11.0,6294.87,22339.04,8.0
11009,Oil tanker,250.0,44.0,63500.0,114700.0,,15.3,11.9,4943.6,15786.83,8.0
11010,Bulk carrier,291.0,45.0,93452.0,183049.0,,15.4,10.0,969.6,4894.01,0.0
11011,Bulk carrier,,,,,,16.6,7.7,1294.2,6968.26,0.0
11012,Oil tanker,,,,,,15.2,11.0,1682.3,8514.5,8.0
11013,Oil tanker,250.0,44.0,63460.0,114560.0,,14.7,12.4,3723.7,17117.92,8.0
11014,Bulk carrier,228.0,32.0,43015.0,81834.0,9660 KW,14.1,12.3,851.8,2542.31,0.0
11015,Bulk carrier,,,,,,14.2,10.5,1500.12,5129.39,0.0
11016,Bulk carrier,199.0,32.0,35596.0,63939.0,,14.8,10.9,1332.2,3488.01,0.0
11017,Bulk carrier,199.0,32.0,35607.0,64012.0,,15.0,9.6,334.16,1249.39,0.0
11018,Bulk carrier,199.0,32.0,35684.0,63963.0,,14.6,10.4,1066.2,2424.3,0.0
11019,Bulk carrier,,,,,,13.7,12.0,2623.5,8168.03,0.0
11020,Passenger ship,330.0,44.0,145000.0,12500.0,,19.9,13.4,536.4,11671.9,9.0
11022,Container ship,195.0,32.0,28433.0,35066.0,,21.2,17.7,3577.9,20925.64,4.0
11023,Container ship,194.0,32.0,28433.0,35000.0,,16.6,14.6,1351.12,7193.71,4.0
11024,Container ship,195.0,32.0,28433.0,35036.0,,18.1,16.6,1532.9,10234.42,4.0
11025,Oil tanker,,,,,,14.1,10.0,3114.38,6799.16,8.0
11026,General cargo ship,,,,,,15.1,12.6,5425.0,6051.46,6.0
11029,Oil tanker,,,,,,12.9,11.5,4103.47,6491.41,8.0
11030,Oil tanker,274.0,48.0,82000.0,159000.0,,15.4,10.6,5449.6,25660.46,8.0
11031,Oil tanker,274.0,48.0,82908.0,156424.0,,16.6,11.3,3347.1,12376.84,8.0
11033,Bulk carrier,228.0,32.0,43066.0,81828.0,,16.9,12.9,1111.25,4526.48,0.0
11034,Chemical tanker,228.0,38.0,45642.0,77430.0,,14.3,10.9,1275.9,4020.06,1.0
11035,Bulk carrier,,,,,,14.8,10.5,2318.2,5895.8,0.0
11036,Passenger ship,332.0,52.0,181541.0,13610.0,,21.8,21.2,5728.18,105100.99,9.0
11037,Passenger ship,,,,,,15.6,15.6,1346.0,28139.16,9.0
11038,Oil tanker,130.0,20.0,9385.0,12658.0,,15.9,11.3,3580.5,12108.14,8.0
11039,Oil tanker,130.0,20.0,9600.0,12800.0,4400 KW,14.3,10.3,3852.27,12322.65,8.0
11041,Container ship,152.0,24.0,12831.0,13250.0,,16.1,11.7,3122.0,12541.26,4.0
11043,Container ship,152.0,24.0,12831.0,13250.0,,13.5,9.3,3168.0,12164.96,4.0
11044,Oil tanker,229.0,32.0,39275.0,44000.0,31360 KW,14.9,8.1,6523.65,26266.83,8.0
11045,Chemical tanker,,,,,,10.1,8.2,379.33,344.48,1.0
11046,Chemical tanker,,,,,,10.7,9.2,1090.93,1024.17,1.0
11047,Oil tanker,,,,,,8.1,6.3,1004.5,1240.82,8.0
11048,Oil tanker,,,,,,11.7,7.5,445.45,508.58,8.0
11049,Gas carrier,,,,,,17.7,11.0,385.0,1627.14,5.0
11050,Oil tanker,,,,,,8.9,8.9,263.0,2029.71,8.0
11051,Oil tanker,276.0,48.0,82178.0,157620.0,,14.5,11.0,1368.5,5682.53,8.0
11052,Bulk carrier,,,,,,14.0,11.2,1012.46,4037.38,0.0
11053,Chemical tanker,145.0,24.0,12188.0,19956.0,,15.9,12.6,734.3,2379.0,1.0
11054,Chemical tanker,180.0,28.0,22988.0,37328.0,,14.2,11.9,2969.58,9262.95,1.0
11055,Chemical tanker,160.0,25.0,16179.0,25202.0,,15.3,13.6,2245.0,7287.98,1.0
11056,Chemical tanker,,,,,,14.5,13.6,2285.26,6742.25,1.0
11057,Chemical tanker,126.0,20.0,8239.0,12522.0,,14.5,11.1,3423.2,8686.35,1.0
11058,Chemical tanker,,,,,,13.1,11.9,3804.5,9332.0,1.0
11059,Chemical tanker,,,,,,15.4,13.0,2605.75,5970.31,1.0
11060,Chemical tanker,,,,,,16.9,13.8,2524.4,6842.6,1.0
11061,Chemical tanker,,,,,,14.5,9.6,1358.5,4800.86,1.0
11062,Chemical tanker,,,,,,14.9,9.2,2728.01,8095.34,1.0
11063,Bulk carrier,199.0,23.0,20763.0,34318.0,,17.2,12.8,1645.8,3821.78,0.0
11064,Bulk carrier,199.0,23.0,20763.0,34492.0,,14.3,11.4,1853.9,4726.83,0.0
11065,Bulk carrier,199.0,23.0,20763.0,34492.0,,16.7,11.8,1334.1,3248.33,0.0
11067,General cargo ship,,,,,,15.7,13.1,3950.29,8266.41,6.0
11068,Bulk carrier,199.0,32.0,34241.0,59500.0,,16.2,10.9,2332.77,7231.93,0.0
11069,Bulk carrier,,,,,,15.6,10.5,2640.57,9162.55,0.0
11072,Chemical tanker,,,,,,15.7,12.2,1166.5,3501.21,1.0
11073,Container ship,364.0,51.0,145647.0,138611.0,,11.3,11.3,1523.44,16032.38,4.0
11075,Container ship,364.0,51.0,146694.0,138611.0,,13.4,8.5,1987.3,20873.78,4.0
11076,Container ship,364.0,51.0,146694.0,138611.0,,17.4,13.5,1161.0,13111.95,4.0
11077,Oil tanker,219.0,38.0,44400.0,79600.0,,16.2,10.8,2335.4,6692.49,8.0
11079,Oil tanker,,,,,,16.2,11.2,490.0,3263.71,8.0
11080,Oil tanker,277.0,48.0,81340.0,156634.0,,14.9,11.7,2005.4,12156.51,8.0
11081,Chemical tanker,,,,,,15.9,11.5,4678.4,8854.67,1.0
11082,Chemical tanker,,,,,,12.6,10.1,913.6,1590.87,1.0
11083,Gas carrier,119.0,20.0,5851.0,6405.0,,16.1,13.2,994.32,1695.91,5.0
11086,Bulk carrier,,,,,,13.0,10.9,1690.03,4136.09,0.0
11087,Passenger ship,,,,,,18.0,17.8,1201.5,11743.25,9.0
11088,Ro-pax ship,214.0,28.0,41671.0,9777.0,,20.0,15.4,5322.86,44798.74,11.0
11089,Ro-pax ship,,,,,,23.4,19.1,171.14,1540.46,11.0
11090,Oil tanker,,,,,,12.9,9.5,2596.5,13926.77,8.0
11093,Chemical tanker,153.0,23.0,14256.0,19884.0,5500 KW,12.9,10.1,4351.98,8550.34,1.0
11094,Chemical tanker,153.0,23.0,14256.0,19881.0,5500 KW,13.3,11.3,4735.0,9158.24,1.0
11095,Chemical tanker,175.0,32.0,26548.0,40019.0,,14.7,11.4,2416.0,7549.63,1.0
11096,Chemical tanker,183.0,32.0,26548.0,40072.0,,13.7,9.4,1664.0,4809.92,1.0
11098,General cargo ship,199.0,32.0,37441.0,55807.0,,14.9,12.2,617.8,2301.87,6.0
11099,Bulk carrier,179.0,30.0,25189.0,39481.0,,12.6,11.5,2649.4,4885.99,0.0
11100,Bulk carrier,,,,,,11.7,8.4,125.8,417.02,0.0
11101,General cargo ship,149.0,25.0,16729.0,17165.0,5750 KW,17.2,13.1,3717.71,9685.25,6.0
11103,Ro-ro ship,,,,,,17.9,13.7,4751.38,35082.33,12.0
11104,Ro-ro ship,209.0,26.0,32770.0,11978.0,,12.9,12.9,4935.63,26891.41,12.0
11105,Oil tanker,277.0,46.0,81340.0,156670.0,,14.8,10.7,406.0,3566.34,8.0
11106,Chemical tanker,,,,,,16.0,11.9,880.3,2871.49,1.0
11108,Ro-pax ship,194.0,32.0,51388.0,7859.0,33600 KW,24.9,21.0,6619.32,91311.4,11.0
11110,Container ship,219.0,35.0,36946.0,38840.0,,18.0,15.5,5087.94,44171.99,4.0
11111,Container ship,219.0,35.0,36946.0,38840.0,,13.2,10.6,5380.93,46305.52,4.0
11112,Container ship,219.0,36.0,36946.0,38840.0,,16.1,11.5,5235.2,49224.35,4.0
11113,Oil tanker,,,,,,15.7,11.7,1380.77,5151.97,8.0
11114,Oil tanker,,,,,,15.8,12.0,1459.17,4731.0,8.0
11116,General cargo ship,99.0,20.0,7498.0,8400.0,,12.0,10.4,193.1,315.45,6.0
11117,LNG carrier,,,,,,21.4,15.0,734.9,5744.38,7.0
11119,Chemical tanker,,,,,,15.4,12.9,1889.8,5596.49,1.0
11120,Bulk carrier,179.0,28.0,21188.0,33428.0,,13.6,9.5,1183.22,2492.22,0.0
11121,Container ship,185.0,30.0,24876.0,26573.0,,18.3,16.6,1656.2,8534.46,4.0
11122,Container ship,399.0,59.0,219079.0,199692.0,,16.0,7.8,3224.3,72904.32,4.0
11123,Container ship,399.0,59.0,219079.0,199692.0,,21.7,17.4,1230.4,15140.11,4.0
11124,Container ship,400.0,59.0,217617.0,218000.0,,17.5,10.9,3803.3,67064.06,4.0
11125,Bulk carrier,,,,,,13.2,9.2,2522.5,8751.79,0.0
11126,Bulk carrier,228.0,32.0,43448.0,81607.0,,14.8,10.9,2180.9,8311.04,0.0
11127,Chemical tanker,145.0,21.0,8400.0,13500.0,,13.5,10.3,4650.14,8125.13,1.0
11128,Bulk carrier,179.0,30.0,22734.0,36880.0,,14.5,12.2,308.9,639.39,0.0
11129,Bulk carrier,179.0,30.0,22734.0,36861.0,,3.3,3.3,1429.03,3438.24,0.0
11130,Bulk carrier,229.0,36.0,48261.0,87091.0,9120 KW,15.3,11.8,480.45,1810.8,0.0
11132,Bulk carrier,,,,,,14.6,12.3,2057.8,5641.96,0.0
11133,Bulk carrier,,,,,,10.5,10.5,2536.85,7318.84,0.0
11135,Bulk carrier,,,,,,13.4,8.3,633.2,1922.92,0.0
11136,Ro-pax ship,158.0,24.0,18009.0,5110.0,,16.3,12.5,4568.17,18924.53,11.0
11137,Bulk carrier,,,,,,14.3,11.2,933.67,3879.02,0.0
11138,Oil tanker,186.0,32.0,30523.0,50300.0,,14.8,12.1,866.4,2385.1,8.0
11139,Oil tanker,,,,,,14.0,12.1,1241.5,3889.93,8.0
11141,General cargo ship,149.0,25.0,16732.0,17110.0,,15.5,14.2,4416.99,10999.82,6.0
11142,Oil tanker,,,,,,10.8,8.8,2415.49,1912.17,8.0
11143,Container ship,,,,,,8.6,8.6,4693.93,12208.63,4.0
11146,Container ship,,,,,,16.7,16.1,5596.45,14954.16,4.0
11147,Passenger ship,131.0,18.0,9976.0,1353.0,,14.2,12.7,2534.0,6293.38,9.0
11148,Passenger ship,131.0,18.0,9900.0,1400.0,,11.8,11.8,3200.0,6155.52,9.0
11149,Passenger ship,,,,,,15.7,13.1,2472.0,6261.32,9.0
11150,Chemical tanker,182.0,32.0,29447.0,49800.0,8310 KW,15.8,13.3,207.0,604.27,1.0
11151,Chemical tanker,182.0,32.0,29447.0,49852.0,,15.2,11.1,3078.2,7601.83,1.0
11152,Oil tanker,114.0,20.0,7360.0,7500.0,,14.7,12.3,2540.62,5221.22,8.0
11153,Oil tanker,249.0,44.0,64200.0,113500.0,,15.8,11.1,3819.25,15868.89,8.0
11154,Oil tanker,,,,,,7.8,5.6,1293.75,6791.4,8.0
11155,Chemical tanker,,,,,,15.9,12.0,2240.33,4940.99,1.0
11156,Chemical tanker,146.0,24.0,11918.0,19972.0,,17.4,11.7,3588.1,8095.48,1.0
11157,Chemical tanker,146.0,24.0,11918.0,19971.0,,14.9,10.8,3005.7,6162.71,1.0
11158,Oil tanker,179.0,30.0,26141.0,36819.0,6400 KW,15.1,10.4,2152.5,10577.04,8.0
11159,Oil tanker,250.0,44.0,63416.0,114218.0,,13.7,11.9,3057.7,17053.38,8.0
11160,Oil tanker,249.0,44.0,63416.0,114218.0,,13.6,12.5,2372.52,14147.77,8.0
11161,Chemical tanker,,,,,,20.0,11.8,1259.7,3404.95,1.0
11162,Bulk carrier,228.0,36.0,48261.0,87091.0,,15.2,12.4,1587.3,4932.2,0.0
11163,Oil tanker,336.0,60.0,162306.0,315221.0,,16.0,11.3,0.0,0.0,8.0
11164,Oil tanker,336.0,60.0,162306.0,315299.0,,16.6,11.4,0.0,0.0,8.0
11165,Chemical tanker,119.0,19.0,6957.0,7998.0,,9.9,9.9,5945.4,8389.59,1.0
11166,Chemical tanker,119.0,19.0,6957.0,7998.0,,12.7,12.4,5466.26,9421.09,1.0
11167,Bulk carrier,180.0,29.0,23232.0,37739.0,,16.0,11.5,1338.6,3555.53,0.0
11168,LNG carrier,293.0,46.0,120859.0,98000.0,,20.7,13.8,2073.04,18542.05,7.0
11169,Ro-ro ship,238.0,34.0,55780.0,21500.0,23600 KW,20.5,16.7,6820.18,50568.19,12.0
11170,Ro-ro ship,238.0,34.0,55780.0,21500.0,23600 KW,19.6,16.2,6804.75,48361.85,12.0
11173,Ro-pax ship,110.0,28.0,9044.0,1000.0,,32.6,27.5,2065.48,30702.74,11.0
11174,Oil tanker,214.0,34.0,39982.0,51416.0,26000 KW,14.0,8.9,6876.47,28418.27,8.0
11175,Oil tanker,250.0,43.0,62172.0,112504.0,,6.9,6.0,5563.4,26986.08,8.0
11176,Oil tanker,274.0,49.0,80838.0,157610.0,18918 KW,14.5,10.8,1723.1,6197.98,8.0
11177,Chemical tanker,146.0,24.0,11900.0,19900.0,,17.6,14.0,1130.8,3175.16,1.0
11180,Bulk carrier,,,,,,14.0,8.8,1880.22,6198.64,0.0
11181,Chemical tanker,146.0,24.0,11917.0,19971.0,,14.0,12.1,1236.7,3317.15,1.0
11182,Oil tanker,277.0,48.0,81394.0,157470.0,16300 KW,6.1,6.1,1550.0,9492.59,8.0
11183,Oil tanker,277.0,48.0,81394.0,157470.0,18617 KW,9.8,9.8,3071.73,13425.44,8.0
11184,Oil tanker,250.0,43.0,62172.0,112459.0,,13.8,10.5,5337.6,24439.37,8.0
11185,Oil tanker,277.0,48.0,80779.0,157338.0,,14.8,12.0,3045.22,13224.57,8.0
11186,Oil tanker,277.0,48.0,81000.0,157526.0,,13.6,11.3,1962.5,8859.63,8.0
11187,Oil tanker,274.0,48.0,80779.0,157000.0,,13.0,11.4,2774.6,11959.39,8.0
11188,Chemical tanker,149.0,22.0,12770.0,17993.0,,11.3,10.2,3785.0,5349.27,1.0
11189,Chemical tanker,,,,,,13.7,11.1,2699.0,4479.77,1.0
11190,Container ship,,,,,,15.3,13.3,6191.0,16594.94,4.0
11191,Chemical tanker,,,,,,11.2,8.9,2662.32,8354.17,1.0
11192,Chemical tanker,,,,,,12.9,8.3,895.01,3957.57,1.0
11193,Chemical tanker,,,,,,16.1,12.0,1751.67,6322.54,1.0
11194,Chemical tanker,,,,,,16.2,11.2,1471.63,6132.73,1.0
11195,General cargo ship,149.0,19.0,9999.0,16861.0,,14.0,10.6,4309.17,6777.93,6.0
11196,General cargo ship,149.0,19.0,9999.0,16861.0,,13.9,11.4,4315.63,7374.76,6.0
11197,General cargo ship,,,,,,17.7,10.2,3644.88,6120.91,6.0
11198,General cargo ship,,,,,,14.8,10.5,3642.85,6272.92,6.0
11199,Chemical tanker,110.0,18.0,5366.0,7746.0,,14.3,10.3,5207.9,8967.06,1.0
11200,LNG carrier,,,,,,16.9,11.8,1315.75,8349.61,7.0
11202,Oil tanker,274.0,48.0,82900.0,157000.0,,16.1,12.3,2520.82,11741.45,8.0
11203,Oil tanker,274.0,48.0,82657.0,159090.0,,14.6,12.7,1965.0,8904.6,8.0
11204,Oil tanker,274.0,48.0,82657.0,159196.0,,14.0,9.8,2362.4,10510.49,8.0
11205,Oil tanker,274.0,48.0,82657.0,159204.0,,15.1,11.9,3236.0,16145.76,8.0
11206,Oil tanker,330.0,60.0,156376.0,302520.0,,16.1,11.1,360.8,2780.64,8.0
11207,LNG carrier,117.0,20.0,8070.0,4376.0,4995 KW,16.2,12.1,5394.88,6716.74,7.0
11209,Chemical tanker,126.0,20.0,7997.0,12643.0,,13.2,10.2,3294.7,8399.53,1.0
11210,Oil tanker,228.0,40.0,44767.0,72837.0,,16.8,11.6,2107.48,7903.92,8.0
11211,Bulk carrier,179.0,30.0,22359.0,37449.0,,13.7,10.1,1136.1,2512.78,0.0
11212,Container ship,399.0,59.0,219158.0,198886.0,,20.0,12.7,3787.96,77294.43,4.0
11213,Container ship,399.0,59.0,217612.0,199489.0,,13.0,11.2,3173.8,61615.27,4.0
11214,Bulk carrier,199.0,32.0,35832.0,63551.0,,14.2,12.4,603.6,1948.53,0.0
11216,Bulk carrier,179.0,29.0,23232.0,37710.0,,13.7,10.6,855.2,2260.95,0.0
11218,Chemical tanker,156.0,25.0,14965.0,26051.0,,13.2,9.9,743.64,2647.4,1.0
11219,Oil tanker,,,,,,7.8,6.8,6062.5,2365.32,8.0
11221,Chemical tanker,183.0,32.0,26754.0,39787.0,,16.6,13.6,0.0,0.0,1.0
11222,LNG carrier,294.0,46.0,110532.0,92728.0,,14.3,7.5,1696.25,16545.54,7.0
11223,Container ship,,,,,,17.7,16.0,5747.2,36517.16,4.0
11224,Container ship,,,,,,18.9,18.1,5459.0,35015.31,4.0
11225,Container ship,,,,,,20.1,18.0,5503.68,36123.22,4.0
11227,Oil tanker,237.0,44.0,60152.0,109089.0,,12.5,7.0,6528.02,14859.04,8.0
11228,Ro-ro ship,216.0,32.0,50443.0,20615.0,,2.2,2.2,4993.07,25020.08,12.0
11229,Ro-ro ship,216.0,32.0,50443.0,20615.0,12460 KW,18.2,16.3,5069.32,26626.58,12.0
11230,Chemical tanker,110.0,17.0,5267.0,7330.0,,11.9,9.1,3676.9,4953.74,1.0
11236,Ro-pax ship,160.0,33.0,27164.0,3258.0,,16.7,16.6,1750.0,6664.6,11.0
11237,Ro-pax ship,109.0,30.0,11345.0,1070.0,,29.4,29.4,2969.62,38380.44,11.0
11238,Chemical tanker,,,,,,9.7,7.0,1871.6,3865.17,1.0
11239,General cargo ship,201.0,34.0,41416.0,62346.0,,13.8,10.5,775.2,2290.23,6.0
11240,General cargo ship,,,,,,13.8,10.9,2954.8,10201.82,6.0
11241,LNG carrier,294.0,47.0,113428.0,95453.0,,10.5,10.5,740.7,8324.62,7.0
11242,Bulk carrier,229.0,32.0,43325.0,82071.0,,14.4,11.5,1177.9,4663.05,0.0
11243,LNG carrier,299.0,48.0,121940.0,96039.0,,19.1,11.9,2773.0,29640.74,7.0
11246,Bulk carrier,,,,,,14.3,11.1,1336.4,4266.69,0.0
11247,Bulk carrier,,,,,,14.8,11.9,1772.07,5626.97,0.0
11248,Bulk carrier,234.0,38.0,49565.0,93478.0,,6.5,5.0,561.27,2075.18,0.0
11249,Passenger ship,,,,,,15.3,12.0,1674.05,30328.98,9.0
11251,Oil tanker,249.0,44.0,64909.0,113226.0,,16.4,11.7,5175.47,17890.77,8.0
11252,Bulk carrier,199.0,32.0,35832.0,63519.0,,15.3,12.9,2917.3,10155.37,0.0
11253,Oil tanker,332.0,60.0,162614.0,308000.0,,17.8,12.2,2331.4,17737.93,8.0
11254,Oil tanker,249.0,44.0,64909.0,113189.0,13778 KW,15.7,11.3,4994.2,19700.82,8.0
11255,Oil tanker,249.0,44.0,64909.0,113232.0,,14.8,11.2,5242.75,21108.48,8.0
11256,Bulk carrier,228.0,32.0,43067.0,81772.0,,13.5,9.9,2374.43,9184.76,0.0
11257,Gas carrier,159.0,25.0,18898.0,18056.0,,16.8,13.8,425.2,1346.85,5.0
11260,Bulk carrier,179.0,30.0,21547.0,34806.0,9000 KW,12.1,11.3,1677.96,4487.55,0.0
11261,Bulk carrier,,,,,,16.1,11.9,1358.71,3465.94,0.0
11262,Chemical tanker,149.0,24.0,12238.0,21117.0,,13.0,8.8,545.0,1195.82,1.0
11263,Chemical tanker,149.0,24.0,12238.0,21144.0,,12.4,7.8,2496.87,7351.64,1.0
11264,Chemical tanker,136.0,22.0,9230.0,15945.0,4440 KW,12.5,10.1,3557.6,8663.58,1.0
11265,Chemical tanker,183.0,32.0,29528.0,49999.0,7180 KW,14.9,10.8,1723.45,5353.23,1.0
11266,Chemical tanker,183.0,32.0,29544.0,50000.0,7180 KW,13.6,11.6,3160.78,8725.14,1.0
11267,Ro-pax ship,,,,,,12.6,12.6,367.34,7865.93,11.0
11269,Chemical tanker,,,,,,14.8,12.2,1558.83,5328.87,1.0
11270,Chemical tanker,,,,,,14.4,10.8,648.58,2520.76,1.0
11271,Oil tanker,332.0,60.0,159176.0,299999.0,,15.7,9.8,1398.3,5340.61,8.0
11275,Bulk carrier,228.0,32.0,44190.0,82012.0,,12.4,10.5,582.0,2239.09,0.0
11276,Chemical tanker,183.0,32.0,29544.0,50506.0,7180 KW,16.2,7.0,2048.6,6251.97,1.0
11277,Chemical tanker,183.0,32.0,29463.0,49703.0,,14.2,12.6,693.4,1995.12,1.0
11278,Bulk carrier,229.0,32.0,44132.0,82084.0,,15.5,11.0,1368.99,4860.56,0.0
11279,Chemical tanker,149.0,22.0,11826.0,18684.0,,12.3,10.0,931.18,1757.69,1.0
11280,Chemical tanker,,,,,,15.7,10.4,744.27,1449.63,1.0
11281,Chemical tanker,,,,,,17.2,11.3,822.75,1635.65,1.0
11282,Chemical tanker,,,,,,13.1,7.9,1471.85,2469.47,1.0
11283,Chemical tanker,,,,,,11.6,8.1,1280.74,1287.26,1.0
11284,Oil tanker,250.0,44.0,63416.0,114218.0,,16.0,9.3,3547.82,17893.49,8.0
11285,Oil tanker,250.0,44.0,63416.0,114218.0,,16.4,10.7,1372.8,8591.97,8.0
11287,Oil tanker,183.0,32.0,29608.0,49999.0,,11.8,10.0,3574.6,11047.89,8.0
11291,Chemical tanker,146.0,24.0,11918.0,19976.0,,13.7,11.0,3037.2,6991.47,1.0
11292,Chemical tanker,146.0,24.0,11918.0,19977.0,,14.9,11.0,3396.82,7569.03,1.0
11293,Chemical tanker,146.0,24.0,12075.0,19998.0,,13.4,12.3,615.75,1532.78,1.0
11294,Chemical tanker,158.0,27.0,15818.0,25174.0,,13.7,12.1,2223.4,5392.09,1.0
11295,Chemical tanker,158.0,26.0,15818.0,25183.0,5640 KW,16.7,13.3,1224.7,3680.28,1.0
11296,Chemical tanker,,,,,,15.2,13.6,1070.6,2649.03,1.0
11298,Chemical tanker,129.0,19.0,7256.0,10543.0,,16.9,10.0,4516.28,7835.5,1.0
11300,Oil tanker,277.0,48.0,82099.0,156049.0,,16.3,9.7,1007.5,4248.88,8.0
11301,Oil tanker,277.0,48.0,82099.0,157000.0,,18.0,8.6,1458.3,6915.01,8.0
11302,Oil tanker,249.0,44.0,63338.0,111000.0,,14.1,9.3,603.1,2450.62,8.0
11303,Bulk carrier,229.0,32.0,44000.0,82000.0,,15.2,11.8,856.0,3219.17,0.0
11305,Bulk carrier,180.0,32.0,25546.0,38705.0,,14.4,10.1,2365.02,6233.8,0.0
11306,Bulk carrier,,,,,,13.9,11.4,1079.62,2933.71,0.0
11307,Oil tanker,228.0,38.0,43693.0,74999.0,,14.7,11.2,1965.0,4507.93,8.0
11308,Oil tanker,228.0,38.0,43693.0,74999.0,,14.1,10.2,2723.8,7741.83,8.0
11309,Oil tanker,153.0,22.0,12539.0,14787.0,,11.0,8.3,2407.7,6050.01,8.0
11310,Chemical tanker,115.0,17.0,5651.0,8227.0,,13.9,9.8,3210.5,10985.94,1.0
11311,Chemical tanker,,,,,,15.5,12.5,4058.18,13295.72,1.0
11312,LNG carrier,,,,,,15.1,11.2,648.8,628.26,7.0
11313,Oil tanker,333.0,60.0,160682.0,314014.0,,15.3,12.0,1809.6,12634.01,8.0
11314,Oil tanker,333.0,60.0,160682.0,314014.0,,12.2,8.8,454.2,3263.51,8.0
11315,Oil tanker,,,,,,14.9,11.9,141.2,815.53,8.0
11317,Ro-ro ship,216.0,32.0,50443.0,20615.0,,20.7,16.8,6145.5,31864.13,12.0
11318,LNG carrier,299.0,48.0,121940.0,96039.0,,20.3,15.5,4993.0,38943.68,7.0
11319,Oil tanker,249.0,44.0,63338.0,109994.0,,12.1,7.4,2534.0,12205.5,8.0
11321,Bulk carrier,179.0,30.0,25189.0,39511.0,,14.9,11.6,1197.6,3139.0,0.0
11323,Bulk carrier,179.0,31.0,23885.0,38503.0,,13.1,7.2,2286.5,6209.78,0.0
11324,Bulk carrier,,,,,,13.4,11.4,1633.38,5178.86,0.0
11326,Bulk carrier,,,,,,14.4,9.4,1940.0,5248.09,0.0
11327,Oil tanker,275.0,48.0,82305.0,157271.0,,15.6,11.6,2326.5,9873.76,8.0
11328,Oil tanker,275.0,48.0,82305.0,157271.0,,15.1,9.7,2087.2,8948.84,8.0
11329,Oil tanker,275.0,48.0,81000.0,149999.0,,4.6,3.5,3451.6,13646.96,8.0
11330,Oil tanker,,,,,,14.9,10.6,1535.27,6258.83,8.0
11331,Oil tanker,,,,,,15.3,11.5,1040.2,4567.27,8.0
11332,Oil tanker,275.0,48.0,82305.0,157271.0,,15.6,11.0,6272.53,24241.81,8.0
11336,Bulk carrier,179.0,30.0,21546.0,34845.0,5720 KW,10.7,10.7,2300.8,4435.36,0.0
11337,Oil tanker,249.0,44.0,62330.0,115643.0,,13.4,12.3,3367.4,14134.74,8.0
11338,Oil tanker,249.0,44.0,62330.0,115643.0,,14.1,8.5,2707.6,10543.07,8.0
11339,Ro-ro ship,238.0,34.0,60500.0,17000.0,23600 KW,16.0,15.1,3950.93,35475.28,12.0
11342,Bulk carrier,199.0,32.0,35834.0,63514.0,,15.3,10.5,764.02,2432.5,0.0
11343,Bulk carrier,199.0,32.0,35832.0,63562.0,,12.3,9.6,1028.1,3214.87,0.0
11344,Bulk carrier,179.0,30.0,23232.0,37731.0,,13.6,11.3,1472.8,3919.96,0.0
11345,Container ship,400.0,59.0,219688.0,199700.0,,13.0,13.0,3615.2,72165.84,4.0
11346,Container ship,,,,,,23.2,18.2,3633.2,61980.11,4.0
11347,Gas carrier,,,,,,18.2,11.9,737.7,3632.65,5.0
11349,Chemical tanker,,,,,,14.6,11.7,1510.5,4874.16,1.0
11350,Oil tanker,,,,,,11.0,8.3,4888.4,23495.63,8.0
11351,Oil tanker,,,,,,14.2,7.1,5079.95,29140.26,8.0
11352,Passenger ship,,,,,,14.8,12.9,2621.83,23555.22,9.0
11353,Gas carrier,,,,,,19.5,15.1,759.0,4795.81,5.0
11356,Chemical tanker,,,,,,14.3,11.4,1166.75,3758.92,1.0
11357,Chemical tanker,183.0,32.0,30237.0,49759.0,7320 KW,17.8,12.7,337.0,1458.05,1.0
11358,Chemical tanker,,,,,,14.5,10.3,1335.0,5042.51,1.0
11359,Chemical tanker,,,,,,13.0,10.2,1325.0,4197.46,1.0
11362,Chemical tanker,186.0,32.0,30962.0,50620.0,,6.5,5.4,1746.5,5466.7,1.0
11363,LNG carrier,,,,,,19.4,16.2,5142.29,43568.52,7.0
11364,LNG carrier,,,,,,20.9,16.8,5286.95,50350.86,7.0
11365,LNG carrier,,,,,,20.3,15.0,6803.8,67124.1,7.0
11366,LNG carrier,,,,,,18.5,16.1,4618.78,40960.09,7.0
11367,Chemical tanker,183.0,32.0,29000.0,49999.0,,19.1,9.8,27.2,160.94,1.0
11368,Chemical tanker,183.0,32.0,29528.0,49999.0,10320 KW,12.7,10.9,312.8,890.11,1.0
11369,Bulk carrier,224.0,32.0,44029.0,81243.0,9932 KW,14.1,12.0,436.8,1838.55,0.0
11370,Gas carrier,159.0,25.0,18898.0,18063.0,,17.1,13.4,2227.84,7479.99,5.0
11371,Gas carrier,,,,,,19.7,15.6,1830.28,5612.98,5.0
11372,Bulk carrier,179.0,30.0,23765.0,37323.0,,12.7,11.7,468.97,1069.78,0.0
11373,Bulk carrier,179.0,30.0,23765.0,37295.0,7038 KW,15.6,11.3,1125.3,3171.66,0.0
11374,Oil tanker,,,,,,16.0,10.2,1017.6,3341.64,8.0
11375,Chemical tanker,,,,,,14.8,8.8,822.5,1992.33,1.0
11376,Gas carrier,228.0,36.0,47500.0,54650.0,12541 KW,14.1,10.4,887.6,5268.61,5.0
11378,Bulk carrier,,,,,,13.5,11.3,2280.49,3248.64,0.0
11379,Bulk carrier,,,,,,11.0,9.7,2086.2,4207.55,0.0
11380,Bulk carrier,,,,,,14.2,9.6,2678.1,5643.3,0.0
11381,Bulk carrier,,,,,,13.5,8.9,762.2,1795.94,0.0
11385,Bulk carrier,229.0,32.0,44095.0,81800.0,,14.2,12.3,893.0,2837.43,0.0
11386,Bulk carrier,229.0,32.0,44000.0,81800.0,,14.3,10.3,1552.0,6638.73,0.0
11387,Oil tanker,183.0,32.0,28877.0,49976.0,,15.6,12.7,1115.8,3012.9,8.0
11388,Oil tanker,,,,,,17.1,12.1,1815.3,4884.46,8.0
11389,Oil tanker,,,,,,14.1,9.1,1324.95,3724.23,8.0
11391,Bulk carrier,,,,,,15.6,11.3,1504.6,5445.55,0.0
11392,Bulk carrier,228.0,32.0,43206.0,81704.0,,13.3,10.2,790.0,2888.31,0.0
11393,Bulk carrier,228.0,32.0,43206.0,81609.0,,14.7,12.6,1225.3,4586.38,0.0
11394,Bulk carrier,228.0,32.0,43071.0,81754.0,,11.8,9.3,1332.6,4042.13,0.0
11395,Bulk carrier,228.0,32.0,43044.0,81703.0,,14.4,8.5,1731.0,6679.59,0.0
11396,Bulk carrier,,,,,,14.7,11.5,2572.5,8425.79,0.0
11397,Bulk carrier,,,,,,14.2,13.3,1435.3,5313.42,0.0
11398,Bulk carrier,,,,,,16.0,10.1,2050.0,6838.11,0.0
11399,Bulk carrier,228.0,32.0,43206.0,81607.0,,14.0,11.1,967.4,2509.24,0.0
11400,Bulk carrier,,,,,,16.1,12.2,1440.51,4354.48,0.0
11401,Refrigerated cargo carrier,189.0,30.0,22452.0,22715.0,,19.8,14.0,3155.1,21786.95,10.0
11402,Refrigerated cargo carrier,189.0,31.0,22452.0,23169.0,,13.2,13.2,1917.5,14523.33,10.0
11403,Bulk carrier,180.0,30.0,24205.0,39042.0,,13.6,10.4,265.5,549.01,0.0
11404,Bulk carrier,,,,,,14.8,9.8,1604.7,3862.53,0.0
11405,Bulk carrier,228.0,32.0,43067.0,81754.0,,16.1,11.9,426.7,1647.13,0.0
11407,Oil tanker,,,,,,15.5,8.6,6907.13,23602.82,8.0
11408,Oil tanker,,,,,,14.9,8.5,6570.9,24377.03,8.0
11409,Bulk carrier,292.0,45.0,94528.0,180682.0,,15.0,11.7,2330.25,14628.08,0.0
11411,Ro-pax ship,,,,,,36.0,30.8,1260.0,20737.69,11.0
11412,Chemical tanker,116.0,18.0,5783.0,7870.0,,12.4,10.1,2456.02,4892.3,1.0
11413,Chemical tanker,,,,,,11.2,9.4,2610.0,5031.32,1.0
11415,General cargo ship,201.0,33.0,40250.0,62051.0,,14.9,13.6,1548.68,5339.88,6.0
11417,Chemical tanker,,,,,,13.6,9.7,1888.92,3277.92,1.0
11418,Bulk carrier,229.0,32.0,43827.0,82000.0,,15.4,11.9,1121.47,4542.15,0.0
11419,Bulk carrier,,,,,,13.7,10.7,1844.4,7161.04,0.0
11420,Bulk carrier,,,,,,13.0,10.8,689.08,2571.21,0.0
11421,Bulk carrier,,,,,,15.5,11.5,1836.55,7002.07,0.0
11422,Chemical tanker,,,,,,11.8,8.6,1378.57,1762.19,1.0
11423,Chemical tanker,140.0,16.0,5352.0,7881.0,,13.2,8.7,240.18,185.3,1.0
11424,Oil tanker,,,,,,12.7,11.2,1525.0,7066.26,8.0
11426,Oil tanker,249.0,44.0,63338.0,109994.0,,13.6,11.4,2422.8,8922.61,8.0
11428,Passenger ship,,,,,,22.4,18.1,2781.0,28280.25,9.0
11429,Bulk carrier,179.0,30.0,22623.0,37296.0,,15.3,12.4,1017.87,2551.89,0.0
11430,Bulk carrier,199.0,23.0,20763.0,34492.0,,15.9,13.3,3415.7,7952.75,0.0
11431,Bulk carrier,199.0,23.0,20763.0,34492.0,,15.2,12.4,2652.8,6792.46,0.0
11433,Bulk carrier,,,,,,16.5,14.3,2343.2,7144.5,0.0
11434,Bulk carrier,,,,,,11.6,10.7,765.8,2749.49,0.0
11435,Bulk carrier,,,,,,14.1,10.5,1373.03,4706.23,0.0
11436,Bulk carrier,199.0,32.0,35207.0,62716.0,7220 KW,13.6,10.8,743.65,2425.29,0.0
11437,Bulk carrier,228.0,36.0,46990.0,85005.0,,17.1,11.5,2145.0,9459.82,0.0
11438,Oil tanker,,,,,,16.8,12.9,705.1,3391.07,8.0
11439,Passenger ship,,,,,,15.7,11.3,2518.34,17266.05,9.0
11440,Chemical tanker,146.0,24.0,11900.0,19900.0,,14.2,9.9,874.0,2228.42,1.0
11441,Chemical tanker,146.0,24.0,12075.0,19999.0,,15.8,13.3,1102.8,2684.67,1.0
11445,Bulk carrier,199.0,32.0,35835.0,63487.0,,14.2,11.6,136.28,479.47,0.0
11446,Bulk carrier,179.0,30.0,23232.0,37717.0,,15.1,10.9,997.15,2620.64,0.0
11447,Oil tanker,,,,,,13.5,10.8,1477.1,4782.29,8.0
11448,Oil tanker,,,,,,16.2,12.8,464.4,1214.77,8.0
11449,Container ship,,,,,,15.0,9.4,4151.18,74089.48,4.0
11450,Container ship,,,,,,19.3,13.7,4316.87,70969.5,4.0
11452,Container ship,,,,,,21.0,15.9,2333.46,41175.42,4.0
11453,Container ship,,,,,,11.0,7.4,3270.86,51486.49,4.0
11454,Container ship,,,,,,17.5,14.3,4721.32,69024.23,4.0
11455,Container ship,,,,,,20.1,14.4,4088.17,62403.53,4.0
11456,Container ship,,,,,,9.5,9.5,2873.8,46118.1,4.0
11457,Container ship,,,,,,18.4,13.9,1752.93,29385.05,4.0
11458,Container ship,399.0,61.0,228741.0,224983.0,,20.6,15.8,968.9,19327.67,4.0
11459,Container ship,399.0,61.0,228741.0,224999.0,,16.7,14.2,462.6,8486.4,4.0
11460,Container ship,,,,,,19.0,14.7,975.1,21030.35,4.0
11461,Container ship,,,,,,19.9,11.7,737.6,16251.79,4.0
11462,Container ship,,,,,,20.4,17.0,1175.6,18039.79,4.0
11463,Container ship,399.0,61.0,232618.0,228149.0,,17.0,7.5,1027.3,18993.32,4.0
11464,Container ship,399.0,61.0,232618.0,228149.0,,17.8,16.4,1189.0,17297.86,4.0
11465,Container ship,,,,,,21.6,18.1,1005.4,19952.01,4.0
11466,Container ship,,,,,,13.5,9.0,731.1,15910.9,4.0
11467,Container ship,,,,,,17.7,16.2,1199.0,17782.48,4.0
11468,Container ship,,,,,,19.1,15.3,874.0,16970.66,4.0
11469,Gas carrier,,,,,,17.9,13.0,714.7,3487.41,5.0
11470,Bulk carrier,199.0,32.0,34508.0,61094.0,,16.2,12.4,1115.92,3490.34,0.0
11471,Bulk carrier,,,,,,13.1,10.7,924.42,3042.35,0.0
11473,Bulk carrier,199.0,32.0,34635.0,61644.0,,15.6,11.5,874.5,2948.19,0.0
11474,Bulk carrier,,,,,,14.4,9.0,780.25,4487.14,0.0
11475,Bulk carrier,228.0,32.0,43062.0,81758.0,,13.7,10.7,861.0,3434.15,0.0
11476,Bulk carrier,,,,,,14.8,11.1,1040.2,4722.73,0.0
11477,Gas carrier,229.0,32.0,46781.0,50703.0,12500 KW,19.7,15.5,618.6,3141.16,5.0
11478,Bulk carrier,,,,,,13.7,10.3,976.3,3058.94,0.0
11479,Bulk carrier,,,,,,14.9,10.4,672.2,2055.74,0.0
11480,Oil tanker,274.0,48.0,82839.0,149999.0,,13.8,10.3,4482.9,25103.06,8.0
11482,Bulk carrier,,,,,,10.0,8.9,3176.55,8048.64,0.0
11483,Bulk carrier,,,,,,13.7,11.4,3933.08,9119.7,0.0
11484,Bulk carrier,,,,,,12.1,9.1,2040.7,5693.16,0.0
11485,Bulk carrier,,,,,,14.0,11.0,4285.4,11707.92,0.0
11486,Oil tanker,,,,,,14.1,13.2,85.5,730.26,8.0
11487,Bulk carrier,229.0,32.0,43989.0,80897.0,,14.1,11.0,523.0,2027.8,0.0
11488,Bulk carrier,,,,,,13.9,11.9,911.3,4089.34,0.0
11489,Bulk carrier,,,,,,12.7,10.9,345.2,1600.75,0.0
11490,Bulk carrier,127.0,19.0,9992.0,14034.0,,14.1,12.5,1118.8,1956.81,0.0
11491,Oil tanker,,,,,,9.1,9.1,2395.95,7423.43,8.0
11492,Oil tanker,,,,,,8.9,8.5,4595.1,16205.74,8.0
11493,Oil tanker,,,,,,18.1,11.6,1561.2,11669.88,8.0
11494,Oil tanker,,,,,,15.4,11.1,1722.1,7865.67,8.0
11496,Bulk carrier,,,,,,16.2,11.6,3173.6,12277.77,0.0
11497,Bulk carrier,,,,,,16.3,12.3,2970.21,10623.53,0.0
11498,Bulk carrier,,,,,,14.3,10.4,2073.81,7811.88,0.0
11499,Oil tanker,249.0,44.0,64909.0,113310.0,15519 KW,16.6,12.8,5123.3,19218.22,8.0
11500,Oil tanker,249.0,44.0,64909.0,113095.0,18733 KW,12.7,9.6,4169.38,19236.13,8.0
11501,Bulk carrier,,,,,,14.1,11.9,2054.58,6613.04,0.0
11502,Bulk carrier,,,,,,16.6,10.5,620.37,1783.79,0.0
11504,Oil tanker,,,,,,15.6,10.6,6583.4,20378.9,8.0
11505,Oil tanker,,,,,,15.3,9.3,6088.63,23842.75,8.0
11506,Bulk carrier,,,,,,13.6,11.6,823.5,5328.37,0.0
11507,Bulk carrier,,,,,,14.9,11.2,940.1,1980.32,0.0
11508,LNG carrier,,,113822.0,,,17.5,13.8,3700.5,73260.36,7.0
11511,Chemical tanker,,,,,,14.2,11.7,427.3,1415.83,1.0
11512,Container ship,,,,,,11.6,10.1,5283.86,39764.41,4.0
11513,Container ship,,,,,,17.3,14.0,5169.53,37834.26,4.0
11514,Container ship,,,,,,10.2,10.2,5382.65,37395.55,4.0
11515,Oil tanker,333.0,60.0,160457.0,318744.0,,17.9,10.4,4987.64,30871.9,8.0
11516,LNG carrier,,,,,,20.4,17.0,1219.45,9863.93,7.0
11517,LNG carrier,,,,,,18.9,14.5,2782.55,18300.26,7.0
11518,LNG carrier,,,,,,21.8,15.4,1919.49,12482.85,7.0
11519,Bulk carrier,,,,,,18.5,12.3,2347.82,7140.33,0.0
11520,Bulk carrier,,,,,,14.8,10.2,1223.17,3073.04,0.0
11521,Bulk carrier,,,,,,14.5,10.8,1083.87,4087.83,0.0
11522,Oil tanker,,,,,,14.4,11.9,1648.93,6505.28,8.0
11523,Oil tanker,,,,,,15.0,12.9,870.5,3878.89,8.0
11524,Bulk carrier,182.0,31.0,24331.0,38473.0,,15.3,10.6,1479.1,4039.89,0.0
11525,Oil tanker,,,,,,13.7,10.6,621.5,2609.23,8.0
11526,Bulk carrier,,,,,,14.0,11.5,1139.6,4675.83,0.0
11527,Bulk carrier,199.0,32.0,35194.0,62594.0,,3.1,3.1,302.8,961.73,0.0
11528,Bulk carrier,229.0,32.0,43310.0,82192.0,,14.3,11.8,158.4,344.66,0.0
11529,Bulk carrier,,,,,,11.1,10.3,520.1,1926.35,0.0
11531,Bulk carrier,,,,,,15.0,11.8,1206.3,4075.33,0.0
11532,Bulk carrier,,,,,,16.1,11.6,211.0,595.15,0.0
11533,Chemical tanker,140.0,16.0,5352.0,7892.0,2400 KW,9.9,7.9,831.74,559.98,1.0
11534,Passenger ship,,,,,,14.2,10.8,1198.0,7362.5,9.0
11535,Bulk carrier,179.0,30.0,23232.0,37657.0,,14.1,11.8,1232.0,3504.82,0.0
11536,Bulk carrier,199.0,32.0,35825.0,63475.0,,13.2,10.5,1770.53,3490.58,0.0
11537,Bulk carrier,179.0,30.0,23232.0,37717.0,,15.2,11.4,453.8,1055.25,0.0
11539,Bulk carrier,199.0,32.0,34552.0,60397.0,,13.7,10.6,0.0,0.0,0.0
11540,Oil tanker,275.0,48.0,81000.0,149999.0,,13.0,7.3,4866.87,17923.32,8.0
11541,Chemical tanker,134.0,22.0,9350.0,15500.0,,15.4,12.3,3010.5,7720.54,1.0
11542,Oil tanker,249.0,44.0,63513.0,114426.0,,13.1,9.6,926.8,4189.94,8.0
11543,Bulk carrier,,,,,,14.7,12.6,2316.8,8713.12,0.0
11545,Bulk carrier,228.0,32.0,44019.0,82058.0,,23.5,10.6,2026.5,8124.42,0.0
11546,Bulk carrier,229.0,32.0,44000.0,82000.0,9932 KW,15.4,12.1,2085.94,7691.48,0.0
11547,Bulk carrier,,,,,,13.3,8.9,804.3,6334.54,0.0
11548,Bulk carrier,199.0,32.0,36353.0,63800.0,,14.1,11.7,485.0,1427.97,0.0
11549,Bulk carrier,,,,,,14.6,12.2,1450.31,4860.15,0.0
11551,Bulk carrier,199.0,32.0,34508.0,61081.0,,13.8,12.2,1188.04,4509.77,0.0
11552,Bulk carrier,199.0,32.0,34508.0,61082.0,,12.0,10.2,494.18,1682.12,0.0
11553,Chemical tanker,,,,,,16.4,12.0,426.4,1438.07,1.0
11554,Ro-ro ship,209.0,26.0,32770.0,11000.0,,18.2,17.1,4444.83,30442.1,12.0
11555,Ro-ro ship,209.0,26.0,32770.0,11000.0,,19.0,17.3,4546.38,34627.29,12.0
11556,Bulk carrier,,,,,,14.9,10.5,943.58,3053.86,0.0
11557,Container ship,353.0,54.0,153153.0,178115.0,,22.8,13.4,946.55,8836.45,4.0
11558,Container ship,353.0,54.0,153744.0,178257.0,,12.6,7.3,1054.97,10876.38,4.0
11560,Chemical tanker,,,,,,15.3,11.1,1314.8,3771.14,1.0
11561,Chemical tanker,182.0,32.0,29434.0,49995.0,,17.9,13.3,661.5,2067.93,1.0
11562,Chemical tanker,182.0,32.0,29434.0,49995.0,,15.0,11.3,1651.18,4776.51,1.0
11563,General cargo ship,140.0,16.0,6266.0,7728.0,,12.9,7.5,1056.74,989.45,6.0
11564,General cargo ship,140.0,16.0,6266.0,7709.0,2400 KW,11.6,8.5,981.25,870.81,6.0
11565,General cargo ship,140.0,16.0,6266.0,7726.0,2400 KW,11.8,7.6,4698.95,4822.53,6.0
11566,General cargo ship,140.0,16.0,6266.0,7440.0,2400 KW,9.2,7.1,673.75,690.98,6.0
11567,Bulk carrier,199.0,32.0,36400.0,63000.0,,15.3,12.3,1836.4,3272.22,0.0
11568,Bulk carrier,229.0,33.0,44095.0,81800.0,,16.4,12.3,974.4,3691.7,0.0
11569,Bulk carrier,,,,,,12.9,8.9,4321.3,18050.49,0.0
11570,Gas carrier,,,,,,16.7,15.7,321.37,1410.09,5.0
11571,Bulk carrier,,,,,,14.3,10.0,1011.0,4766.95,0.0
11572,Bulk carrier,,,,,,12.7,11.6,4671.9,16689.43,0.0
11573,Bulk carrier,,,,,,11.2,10.5,1630.4,3864.53,0.0
11574,LNG carrier,,,,,,19.8,9.1,2694.9,19643.51,7.0
11575,Bulk carrier,,,,,,14.0,10.2,2583.5,11432.7,0.0
11576,Bulk carrier,,,,,,16.0,10.6,1748.9,5040.25,0.0
11577,Oil tanker,,,,,,15.0,12.5,1191.5,3762.36,8.0
11578,Oil tanker,,,,,,14.0,10.3,1913.92,6214.21,8.0
11580,Chemical tanker,,,,,,14.4,11.8,1620.72,4090.86,1.0
11581,Container ship,,,,,,8.8,7.9,987.8,13035.86,4.0
11582,LNG carrier,,,,,,22.1,15.5,565.5,3939.47,7.0
11584,Oil tanker,250.0,44.0,61060.0,113252.0,,13.8,10.6,1250.2,4199.74,8.0
11585,Oil tanker,250.0,44.0,61060.0,113252.0,,13.3,10.0,1080.62,5260.58,8.0
11586,Bulk carrier,199.0,32.0,36464.0,64000.0,,13.9,10.6,573.1,2106.24,0.0
11588,General cargo ship,,,,,,11.8,8.0,2213.5,2024.33,6.0
11589,General cargo ship,,,,,,11.7,7.2,2853.65,2835.8,6.0
11590,General cargo ship,,,,,,9.8,8.9,4167.15,4476.82,6.0
11591,Bulk carrier,,,,,,15.2,13.2,1332.3,5182.82,0.0
11592,Bulk carrier,182.0,31.0,24332.0,39258.0,,14.0,10.3,529.4,1157.71,0.0
11593,Bulk carrier,182.0,31.0,24332.0,39231.0,,6.9,6.9,540.8,1587.98,0.0
11595,Bulk carrier,,,,,,15.4,12.3,1488.22,4673.02,0.0
11596,Bulk carrier,,,,,,13.6,8.0,673.1,2538.64,0.0
11597,Chemical tanker,,,,,,13.9,12.4,5022.3,13987.08,1.0
11598,Chemical tanker,,,,,,13.6,13.6,4997.5,12872.46,1.0
11599,Chemical tanker,,,,,,16.6,12.1,5904.5,16047.52,1.0
11600,Chemical tanker,,,,,,14.9,12.8,3144.9,9274.75,1.0
11601,LNG carrier,,,,,,13.9,11.4,3103.73,24125.0,7.0
11602,General cargo ship,,,,,,13.9,8.7,3993.83,4064.08,6.0
11603,General cargo ship,,,,,,13.8,9.8,4929.0,4900.66,6.0
11604,General cargo ship,,,,,,15.2,11.3,3635.3,3266.91,6.0
11605,General cargo ship,,,,,,14.1,9.2,4630.25,4635.88,6.0
11606,General cargo ship,,,,,,15.9,9.5,3622.05,3687.87,6.0
11607,General cargo ship,,,,,,14.4,10.8,2349.85,2328.83,6.0
11610,Bulk carrier,,,,,,15.3,11.0,785.45,2366.98,0.0
11611,Gas carrier,,,,,,16.3,12.1,938.5,2589.56,5.0
11612,Gas carrier,,,,,,12.1,10.8,1786.5,6231.08,5.0
11613,Bulk carrier,,,,,,13.2,10.5,2915.47,6937.75,0.0
11614,Passenger ship,,,,,,13.1,9.5,3072.0,5418.14,9.0
11615,Passenger ship,,,,,,14.2,9.7,1051.0,4597.41,9.0
11616,Bulk carrier,,,,,,12.7,11.5,893.2,3785.53,0.0
11617,Bulk carrier,199.0,32.0,35832.0,63424.0,,14.9,9.5,2755.0,8207.39,0.0
11618,Bulk carrier,179.0,30.0,23322.0,37649.0,,16.1,12.1,298.1,794.79,0.0
11619,Bulk carrier,199.0,32.0,35832.0,63000.0,,17.2,13.1,926.43,2719.51,0.0
11620,Bulk carrier,199.0,32.0,35832.0,63555.0,,14.3,11.3,636.96,1531.02,0.0
11621,Bulk carrier,199.0,32.0,35832.0,63520.0,,13.3,10.8,1944.9,5787.17,0.0
11622,Bulk carrier,228.0,32.0,43621.0,81521.0,,14.6,8.9,1410.4,5450.44,0.0
11623,Bulk carrier,199.0,32.0,34508.0,61208.0,,15.5,10.8,615.6,1628.99,0.0
11624,Bulk carrier,,,,,,13.0,9.5,1112.39,4208.44,0.0
11625,LNG carrier,,,,,,20.0,15.3,2222.9,12972.67,7.0
11626,Oil tanker,,,,,,13.2,6.5,2438.5,10327.39,8.0
11627,Bulk carrier,,,,,,15.6,11.8,906.4,3181.81,0.0
11629,Bulk carrier,,,,,,15.7,10.6,421.23,1381.88,0.0
11630,Bulk carrier,,,,,,13.4,11.1,1523.6,6501.94,0.0
11631,LNG carrier,,,,,,16.2,12.2,3428.03,25224.73,7.0
11632,Chemical tanker,,,,,,16.0,13.1,1141.7,4022.28,1.0
11633,Chemical tanker,,,,,,15.2,12.4,170.0,1047.42,1.0
11634,Chemical tanker,,,,,,13.5,10.1,3367.0,11583.53,1.0
11635,Chemical tanker,,,,,,8.2,5.6,2078.38,6159.38,1.0
11636,Oil tanker,249.0,44.0,63338.0,109998.0,,9.0,6.6,4176.1,20211.85,8.0
11637,Oil tanker,249.0,44.0,63338.0,109992.0,,15.7,11.0,3797.9,15858.63,8.0
11638,Oil tanker,,,,,,13.0,6.6,3251.4,15717.41,8.0
11639,Bulk carrier,,,,,,16.2,12.1,596.8,2229.58,0.0
11640,Bulk carrier,,,,,,15.8,12.0,1491.38,4217.02,0.0
11641,Chemical tanker,,,,,,13.0,10.2,557.0,1867.9,1.0
11642,Bulk carrier,,,,,,13.8,10.9,526.0,1755.89,0.0
11643,Bulk carrier,,,,,,16.2,12.4,1395.6,4202.16,0.0
11644,Bulk carrier,,,,,,14.0,12.7,2225.2,7523.47,0.0
11645,Bulk carrier,,,,,,16.9,11.9,2618.9,16038.6,0.0
11646,Bulk carrier,,,,,,13.3,12.2,368.3,1416.66,0.0
11647,Bulk carrier,,,,,,13.6,12.0,803.5,3218.89,0.0
11648,Bulk carrier,,,,,,9.1,7.9,371.0,1288.36,0.0
11649,Bulk carrier,,,,,,11.2,7.7,897.7,3771.6,0.0
11651,LNG carrier,,,,,,19.8,15.6,768.51,8000.66,7.0
11652,Chemical tanker,,,,,,16.8,11.7,4890.66,8874.98,1.0
11653,Chemical tanker,,,,,,14.6,12.4,5068.37,8752.29,1.0
11654,Bulk carrier,,,,,,13.6,10.2,2454.9,14408.23,0.0
11655,LNG carrier,,,,,,19.1,14.9,871.16,4126.32,7.0
11656,Chemical tanker,,,,,,15.9,11.9,821.28,2679.63,1.0
11658,LNG carrier,,,,,,16.3,14.3,3584.0,26689.34,7.0
11659,Oil tanker,,,,,,14.1,13.3,1226.1,3700.87,8.0
11660,Oil tanker,,,,,,14.5,12.6,1060.5,3236.95,8.0
11661,Bulk carrier,,,,,,13.2,11.1,890.6,4985.44,0.0
11667,Oil tanker,250.0,44.0,63338.0,109997.0,,14.7,12.0,768.1,2601.65,8.0
11668,Bulk carrier,229.0,32.0,43968.0,81600.0,,15.0,12.6,1501.5,4725.59,0.0
11669,Bulk carrier,229.0,32.0,43968.0,81600.0,,14.8,10.9,1941.1,7429.83,0.0
11671,Bulk carrier,,,,,,14.9,10.6,416.0,1541.36,0.0
11672,Bulk carrier,,,,,,13.3,10.6,726.7,3222.4,0.0
11673,Bulk carrier,,,,,,14.7,10.4,1423.8,5938.04,0.0
11674,LNG carrier,,,,,,20.8,14.9,2992.0,22941.61,7.0
11675,Bulk carrier,,,36551.0,,8050 KW,12.7,9.3,645.83,2501.5,0.0
11676,Bulk carrier,,,,,,13.5,10.1,1468.4,5204.44,0.0
11677,Bulk carrier,,,,,,15.0,11.6,969.0,3003.5,0.0
11679,Oil tanker,,,,,,14.5,9.8,2493.0,8442.81,8.0
11680,Oil tanker,,,,,,14.5,13.1,2323.77,14657.15,8.0
11681,Ro-pax ship,,,,,,22.6,19.1,6982.4,59333.7,11.0
11683,Bulk carrier,,,,,,7.6,5.1,903.6,3445.32,0.0
11684,Bulk carrier,,,,,,12.6,7.8,1741.3,5162.96,0.0
11685,Bulk carrier,,,,,,13.3,10.6,1450.3,4923.01,0.0
11686,Bulk carrier,,,,,,13.3,9.8,1838.4,6693.51,0.0
11687,Bulk carrier,,,,,,14.4,12.1,64.6,153.11,0.0
11688,Bulk carrier,,,,,,21.8,13.9,2211.4,7926.03,0.0
11689,Oil tanker,,,,,,17.1,11.9,1282.0,5636.62,8.0
11690,Oil tanker,,,,,,14.8,11.2,1901.4,9134.44,8.0
11691,Bulk carrier,,,,,,15.8,10.6,1787.2,9697.04,0.0
11692,Oil tanker,,,,,,14.4,12.5,1497.6,6557.54,8.0
11693,Combination carrier,228.0,38.0,43693.0,74999.0,,14.7,13.4,427.2,916.42,2.0
11694,Combination carrier,,,,,,14.3,12.4,4853.7,9865.55,2.0
11695,Oil tanker,,,,,,14.5,12.7,2094.45,7357.59,8.0
11697,Bulk carrier,,,,,,15.5,11.5,625.2,2121.26,0.0
11698,Bulk carrier,,,,,,14.1,10.7,739.67,3013.11,0.0
11699,Container ship,,,,,,14.6,11.7,2680.6,38471.33,4.0
11700,Chemical tanker,183.0,32.0,29681.0,50215.0,,14.6,11.6,3567.5,10967.59,1.0
11701,Chemical tanker,183.0,32.0,29681.0,50215.0,,14.3,10.6,4133.21,13566.34,1.0
11702,Chemical tanker,183.0,32.0,29681.0,50215.0,,12.4,11.6,3560.46,10402.12,1.0
11703,Chemical tanker,183.0,32.0,29681.0,50215.0,,14.7,9.2,5325.89,16060.32,1.0
11704,Oil tanker,,,,,,14.3,12.7,1976.3,6118.6,8.0
11705,LNG carrier,,,,,,22.4,16.3,1411.25,8306.46,7.0
11706,Container ship,,,,,,15.0,12.4,1993.05,8799.77,4.0
11707,Oil tanker,,,,,,16.3,8.1,2980.05,11256.14,8.0
11708,Passenger ship,,,,,,18.5,11.6,1982.55,7937.58,9.0
11709,Chemical tanker,,,,,,13.1,10.5,29.4,36.55,1.0
11710,Oil tanker,,,,,,12.2,10.7,3213.3,13001.75,8.0
11711,Oil tanker,,,,,,13.7,11.5,1825.0,6832.98,8.0
11714,Bulk carrier,,,,,,3.8,3.8,6106.93,18244.76,0.0
11716,Oil tanker,,,,,,15.8,12.0,4689.9,22944.35,8.0
11718,Bulk carrier,229.0,32.0,43518.0,80716.0,,15.6,11.4,858.9,2810.92,0.0
11719,Bulk carrier,229.0,32.0,43518.0,80681.0,,12.9,11.0,1640.29,5456.21,0.0
11720,Bulk carrier,,,,,,13.2,10.9,1922.9,6288.88,0.0
11721,Bulk carrier,,,,,,10.3,9.8,1411.4,5043.82,0.0
11722,Oil tanker,,,,,,15.4,11.7,2347.9,6861.51,8.0
11724,Container ship,,,,,,23.0,18.0,2296.7,36261.3,4.0
11725,Container ship,,,,,,15.4,14.7,2591.0,39603.97,4.0
11726,Container ship,,,,,,20.0,17.3,1479.0,23604.92,4.0
11727,Oil tanker,,,,,,14.8,12.0,2183.0,6625.34,8.0
11730,Bulk carrier,229.0,32.0,43368.0,82035.0,,16.7,12.4,947.1,3589.65,0.0
11731,Ro-ro ship,,,,,,21.2,20.2,4566.0,42581.67,12.0
11732,Ro-ro ship,,,,,,15.5,14.2,4356.56,35998.93,12.0
11733,Ro-ro ship,,,,,,20.5,19.2,3980.74,35503.36,12.0
11734,Ro-ro ship,,,,,,17.4,16.7,3150.45,25783.53,12.0
11735,Ro-ro ship,,,,,,21.4,20.2,2069.9,18317.05,12.0
11736,Bulk carrier,,,,,,16.9,10.7,1113.7,4302.56,0.0
11737,Ro-ro ship,,,,,,18.7,14.8,5895.22,44453.73,12.0
11738,Chemical tanker,149.0,24.0,12370.0,21020.0,,16.5,11.9,437.0,1153.55,1.0
11739,Chemical tanker,,,,,,16.4,12.3,3124.4,9335.93,1.0
11740,Bulk carrier,200.0,32.0,35000.0,61000.0,,13.9,10.3,1006.5,3781.77,0.0
11741,Bulk carrier,,,,,,12.2,7.1,225.7,694.83,0.0
11742,Bulk carrier,,,,,,15.5,13.4,3752.5,8582.11,0.0
11743,Bulk carrier,,,,,,14.8,10.2,287.0,759.96,0.0
11744,Bulk carrier,,,,,,15.7,11.0,1194.2,2752.09,0.0
11746,Bulk carrier,,,,,,14.8,10.4,520.0,2806.04,0.0
11747,Bulk carrier,,,,,,12.9,11.9,2548.55,8187.88,0.0
11748,Bulk carrier,,,,,,14.0,11.9,864.0,2621.12,0.0
11750,Bulk carrier,,,,,,12.7,11.1,52.3,109.97,0.0
11751,Bulk carrier,,,,,,10.8,9.0,989.8,3259.34,0.0
11753,Bulk carrier,199.0,32.0,35834.0,63449.0,,13.6,10.7,568.8,1778.41,0.0
11754,Bulk carrier,,,,,,14.4,9.9,1815.8,6252.11,0.0
11755,Bulk carrier,,,,,,14.3,11.2,602.8,1932.38,0.0
11756,Bulk carrier,,,,,,15.7,12.0,363.9,944.03,0.0
11757,Bulk carrier,,,,,,14.0,10.4,2142.63,7073.3,0.0
11758,Bulk carrier,,,,,,15.2,11.3,379.0,1347.83,0.0
11759,Bulk carrier,,,,,,14.7,11.8,769.1,1766.2,0.0
11760,Bulk carrier,,,,,,15.2,10.4,994.72,3364.96,0.0
11761,Bulk carrier,,,,,,16.4,12.7,1679.07,5564.99,0.0
11762,Bulk carrier,179.0,30.0,21627.0,34431.0,,14.1,11.5,2492.32,5959.57,0.0
11763,Bulk carrier,199.0,32.0,35035.0,61239.0,,16.0,12.6,2183.66,7471.4,0.0
11764,Bulk carrier,,,,,,15.1,11.7,534.93,2067.47,0.0
11765,LNG carrier,,,,,,17.5,7.3,4380.52,32297.74,7.0
11766,Bulk carrier,,,,,,13.5,11.0,1788.0,6809.88,0.0
11767,Bulk carrier,182.0,31.0,24332.0,39269.0,,12.3,10.2,1594.6,4755.54,0.0
11769,Bulk carrier,,,,,,14.6,10.6,661.7,4101.52,0.0
11770,LNG carrier,,,,,,19.4,9.9,974.46,11674.93,7.0
11771,LNG carrier,,,,,,14.3,14.3,0.0,0.0,7.0
11772,LNG carrier,,,,,,18.1,14.1,698.5,4429.14,7.0
11773,Oil tanker,,,,,,15.0,11.8,1181.0,2034.07,8.0
11774,LNG carrier,,,,,,20.7,15.0,1844.0,15682.91,7.0
11775,LNG carrier,,,,,,16.2,14.0,2358.0,16249.34,7.0
11776,Bulk carrier,,,,,,16.4,12.6,2469.44,11239.31,0.0
11777,Bulk carrier,,,,,,21.2,9.6,2404.25,8388.13,0.0
11778,LNG carrier,,,,,,18.1,14.4,321.7,1828.85,7.0
11779,LNG carrier,,,,,,20.9,15.9,553.9,5501.6,7.0
11781,Bulk carrier,,,,,,12.4,10.7,1463.13,7086.85,0.0
11782,Bulk carrier,,,,,,14.6,11.1,1597.2,6528.06,0.0
11783,Bulk carrier,,,,,,15.2,12.0,605.7,3592.73,0.0
11784,Bulk carrier,,,,,,12.6,10.7,519.6,1506.48,0.0
11785,LNG carrier,,,,,,16.3,12.0,638.4,4557.25,7.0
11786,Passenger ship,,,,,,19.7,15.0,447.0,3270.76,9.0
11787,Oil tanker,,,,,,9.0,5.8,851.4,2102.29,8.0
11788,Container ship,,,,,,19.3,15.4,3553.1,36982.08,4.0
11789,Container ship,,,,,,18.0,16.3,4799.4,47896.38,4.0
11790,Container ship,,,,,,20.1,11.9,3020.5,36709.02,4.0
11791,Container ship,,,,,,19.0,12.3,2677.0,30552.41,4.0
11792,Container ship,,,,,,19.2,13.8,2892.0,31415.86,4.0
11793,Container ship,,,,,,18.9,11.6,4337.4,47359.32,4.0
11794,Oil tanker,,,,,,13.9,9.0,492.7,1733.84,8.0
11795,Oil tanker,,,,,,13.9,8.0,5300.27,17768.62,8.0
11796,Oil tanker,,,,,,13.4,9.9,3929.49,12881.95,8.0
11798,Bulk carrier,,,,,,14.4,11.5,94.2,142.01,0.0
11799,Bulk carrier,,,,,,4.7,3.7,1346.8,5205.41,0.0
11800,Bulk carrier,,,,,,13.9,11.3,863.8,2708.33,0.0
11801,Bulk carrier,,,,,,12.8,10.7,1303.75,3843.65,0.0
11802,Bulk carrier,,,,,,15.9,13.1,331.9,1246.0,0.0
11803,Container ship,,,,,,16.1,11.4,3823.32,39255.46,4.0
11804,Container ship,,,,,,18.1,5.7,3296.6,34893.57,4.0
11805,Container ship,,,,,,13.7,13.7,2494.02,30541.63,4.0
11806,Container ship,,,,,,13.3,10.6,1584.68,14601.04,4.0
11807,Chemical tanker,,,,,,11.0,11.0,609.77,1658.26,1.0
11808,Chemical tanker,,,,,,16.3,11.5,3903.98,9939.29,1.0
11809,Chemical tanker,,,,,,15.8,13.0,1025.54,2855.63,1.0
11810,Bulk carrier,,,,,,16.5,12.2,966.2,2850.4,0.0
11811,LNG carrier,,,,,,13.2,11.9,287.12,1435.58,7.0
11812,Ro-ro ship,,,,,,14.4,12.1,3329.32,30037.22,12.0
11813,LNG carrier,,,,,,18.6,15.2,2057.12,11708.65,7.0
11814,LNG carrier,,,,,,12.5,11.6,577.2,4497.21,7.0
11815,LNG carrier,,,,,,18.9,14.1,2591.4,19437.29,7.0
11816,LNG carrier,,,,,,18.5,15.4,2573.35,19686.22,7.0
11817,LNG carrier,,,,,,20.3,15.2,730.02,5365.19,7.0
11818,Oil tanker,,,,,,13.3,8.4,4156.52,17169.79,8.0
11819,Oil tanker,,,,,,15.1,11.3,819.8,3171.28,8.0
11820,Bulk carrier,182.0,31.0,24332.0,39172.0,,14.2,10.4,516.2,1076.93,0.0
11821,Bulk carrier,182.0,31.0,24350.0,39278.0,6050 KW,14.4,11.0,2207.95,4487.89,0.0
11823,Bulk carrier,,,,,,15.3,10.0,648.0,2292.21,0.0
11824,Bulk carrier,,,,,,13.9,12.1,912.23,3157.12,0.0
11825,Chemical tanker,,,,,,14.9,10.3,1178.6,3799.66,1.0
11826,Bulk carrier,,,,,,15.1,11.5,1477.9,5224.78,0.0
11828,Chemical tanker,,,,,,16.5,11.8,583.1,1307.54,1.0
11829,Chemical tanker,,,,,,14.3,11.0,2443.6,6326.74,1.0
11831,Bulk carrier,,,,,,12.4,10.7,1881.4,6939.27,0.0
11832,Container ship,,,,,,18.4,13.0,1073.3,3716.62,4.0
11833,Bulk carrier,199.0,32.0,34000.0,60000.0,,14.0,11.6,932.9,2814.53,0.0
11834,Bulk carrier,,,,,,16.2,11.9,1803.5,6996.76,0.0
11835,Bulk carrier,,,,,,12.7,10.9,962.7,3769.6,0.0
11836,Container ship,,,,,,17.2,12.0,3723.53,16549.54,4.0
11837,Container ship,,,,,,16.5,11.0,2736.3,9722.53,4.0
11838,Bulk carrier,,,,,,13.0,10.6,466.6,1263.8,0.0
11839,Bulk carrier,,,,,,13.8,10.9,1724.4,4664.79,0.0
11840,Bulk carrier,,,,,,16.9,12.4,899.4,3729.87,0.0
11841,Bulk carrier,,,,,,14.7,9.2,867.6,1984.75,0.0
11842,Bulk carrier,,,,,,14.8,9.0,824.1,1840.58,0.0
11843,Chemical tanker,,,,,,15.1,11.6,1862.58,6007.11,1.0
11844,Chemical tanker,,,,,,15.2,10.4,1380.14,4495.53,1.0
11845,Bulk carrier,,,,,,14.1,11.3,754.42,2383.87,0.0
11846,Bulk carrier,,,,,,15.8,11.7,1842.1,5704.1,0.0
11847,Bulk carrier,,,,,,18.1,9.8,2516.9,10519.34,0.0
11848,Bulk carrier,229.0,32.0,,,,14.6,11.3,407.9,1332.57,0.0
11849,Chemical tanker,,,,,,15.2,11.8,3023.8,6303.6,1.0
11850,Oil tanker,,,,,,14.0,7.8,2738.0,11362.56,8.0
11851,Oil tanker,,,,,,10.8,7.5,3814.8,16406.85,8.0
11852,Chemical tanker,,,,,,17.4,12.4,215.2,1033.28,1.0
11853,Container ship,,,,,,19.9,18.4,517.7,9298.4,4.0
11854,Oil tanker,,,,,,14.9,11.9,1528.4,6052.24,8.0
11855,Oil tanker,,,,,,14.1,10.0,524.5,3057.71,8.0
11856,Container ship,,,,,,17.2,14.2,3030.3,27127.38,4.0
11857,Container ship,,,,,,18.3,16.0,3666.9,40859.91,4.0
11858,Container ship,,,,,,17.4,14.1,3523.9,37408.24,4.0
11859,Container ship,,,,,,17.0,13.8,2749.8,26619.69,4.0
11860,Container ship,,,,,,18.8,14.7,3443.0,35020.72,4.0
11861,Container ship,,,,,,18.0,15.6,3296.2,38561.95,4.0
11862,Bulk carrier,,,,,,9.7,9.7,2715.48,7347.55,0.0
11863,Oil tanker,,,,,,14.8,12.0,833.4,3312.1,8.0
11864,LNG carrier,,,,,,16.2,9.5,1596.3,1628.91,7.0
11865,Container ship,,,,,,17.9,14.0,3005.1,27713.32,4.0
11866,Container ship,,,,,,15.0,11.9,2007.3,13371.92,4.0
11867,Container ship,,,,,,15.2,11.7,3459.8,25603.74,4.0
11868,Container ship,,,,,,18.9,12.5,2079.3,15944.21,4.0
11869,Container ship,,,,,,17.2,10.4,2514.2,19596.32,4.0
11870,Container ship,,,,,,19.5,16.1,1746.2,16265.6,4.0
11871,Container ship,,,,,,15.7,14.6,1553.4,11258.25,4.0
11872,Container ship,,,,,,15.5,14.2,2327.5,16985.35,4.0
11873,Bulk carrier,,,,,,15.2,12.0,694.8,2361.89,0.0
11874,Bulk carrier,,,,,,12.4,12.0,1273.17,3751.34,0.0
11875,Ro-pax ship,,,,,,17.3,17.1,5002.84,54328.68,11.0
11876,General cargo ship,,,,,,15.9,7.9,4520.8,9453.95,6.0
11877,Bulk carrier,,,,,,16.2,12.2,1353.1,9688.42,0.0
11878,LNG carrier,,,,,,12.2,12.2,1656.97,21668.9,7.0
11879,Bulk carrier,,,,,,17.0,12.1,1475.3,7657.8,0.0
11880,Bulk carrier,,,,,,14.5,11.5,879.5,4328.84,0.0
11882,LNG carrier,,,,,,18.9,13.5,492.17,3644.63,7.0
11883,Chemical tanker,,,,,,14.1,12.1,4746.32,8127.91,1.0
11884,Chemical tanker,,,,,,13.3,12.5,1260.72,2375.86,1.0
11885,Chemical tanker,,,,,,14.6,11.4,1347.0,4260.17,1.0
11886,Oil tanker,,,,,,16.6,11.2,2209.5,12857.56,8.0
11887,Bulk carrier,,,,,,16.6,10.5,866.0,3035.46,0.0
11888,Bulk carrier,,,,,,15.0,10.6,2466.0,8106.18,0.0
11889,Oil tanker,,,,,,13.2,8.7,3323.82,14865.51,8.0
11890,Bulk carrier,,,,,,13.9,12.1,1313.5,5213.25,0.0
11891,Bulk carrier,,,,,,13.1,9.1,1426.7,5895.05,0.0
11892,Passenger ship,,,,,,16.4,15.8,3501.1,9376.31,9.0
11893,Passenger ship,,,,,,11.6,11.4,1204.8,3351.83,9.0
11894,Bulk carrier,,,,,,16.6,13.2,898.51,4848.94,0.0
11895,Bulk carrier,,,,,,14.9,11.7,634.3,3915.71,0.0
11896,Bulk carrier,,,,,,12.8,10.4,1103.9,7119.65,0.0
11897,Bulk carrier,,,,,,14.3,11.3,645.3,2681.4,0.0
11898,Bulk carrier,,,,,,13.2,11.4,2221.7,14140.13,0.0
11899,Bulk carrier,,,,,,16.1,12.1,1913.3,9899.48,0.0
11900,General cargo ship,,,,,,15.9,13.6,924.13,3295.1,6.0
11901,General cargo ship,,,,,,14.7,12.3,1627.2,5668.79,6.0
11902,General cargo ship,,,,,,15.4,12.7,1450.5,5262.71,6.0
11903,General cargo ship,,,,,,16.4,11.8,4073.1,13995.37,6.0
11904,Container ship,,,,,,13.3,11.5,728.3,4421.5,4.0
11905,Bulk carrier,,,,,,15.2,11.3,726.59,2440.44,0.0
11906,Bulk carrier,,,,,,14.4,12.5,1492.49,5023.93,0.0
11907,Oil tanker,,,,,,14.9,11.6,2071.1,9212.09,8.0
11908,LNG carrier,,,,,,15.2,12.5,701.47,7504.48,7.0
11909,LNG carrier,,,,,,14.5,11.3,808.1,4658.24,7.0
11910,Gas carrier,,,,,,18.8,13.3,978.62,7083.28,5.0
11911,General cargo ship,140.0,16.0,6305.0,8095.0,2400 KW,8.7,7.1,1106.33,1053.61,6.0
11912,General cargo ship,,,,,,10.4,8.3,1292.33,1477.18,6.0
11913,General cargo ship,,,,,,8.2,8.2,2186.92,2010.11,6.0
11914,General cargo ship,,,,,,8.7,7.1,1277.09,1148.08,6.0
11915,Bulk carrier,,,,,,12.9,10.8,518.3,2212.08,0.0
11919,Chemical tanker,,,,,,15.2,11.0,1747.15,6425.46,1.0
11920,Chemical tanker,,,,,,14.6,13.5,1689.0,6537.32,1.0
11921,Chemical tanker,,,,,,13.9,11.6,1037.0,4047.81,1.0
11922,Bulk carrier,,,,,,5.7,5.7,869.0,2262.98,0.0
11924,Bulk carrier,,,,,,10.1,6.6,826.0,656.09,0.0
11927,Ro-pax ship,,,,,,32.2,31.4,2790.19,39339.8,11.0
11928,Ro-pax ship,,,,,,33.3,33.0,1012.4,10526.84,11.0
11929,LNG carrier,,,,,,18.2,14.9,803.1,7732.78,7.0
11930,Bulk carrier,,,,,,14.7,8.7,499.06,1735.2,0.0
11931,Bulk carrier,,,,,,12.2,6.8,277.8,1020.66,0.0
11933,Bulk carrier,,,,,,23.3,10.0,740.0,3617.39,0.0
11934,General cargo ship,,,,,,9.9,7.9,341.0,319.64,6.0
11935,General cargo ship,,,,,,11.3,7.9,841.81,846.17,6.0
11936,Oil tanker,,,,,,16.0,12.4,2735.3,14650.12,8.0
11937,Bulk carrier,,,,,,15.2,12.6,1249.9,4848.54,0.0
11938,Bulk carrier,,,,,,14.9,11.0,2010.0,7631.28,0.0
11939,Bulk carrier,,,,,,15.7,13.0,2365.0,9115.32,0.0
11940,Bulk carrier,,,,,,15.8,11.1,1724.7,5141.77,0.0
11941,Bulk carrier,,,,,,11.2,8.5,1658.08,6061.31,0.0
11942,Bulk carrier,,,,,,14.9,11.5,896.1,3603.41,0.0
11943,Bulk carrier,,,,,,15.1,10.3,1086.5,3675.52,0.0
11944,Bulk carrier,,,,,,13.5,12.6,2027.0,5874.36,0.0
11945,Bulk carrier,,,,,,12.6,11.7,550.82,2134.73,0.0
11946,Bulk carrier,,,,,,13.7,11.2,1887.6,4039.58,0.0
11947,General cargo ship,,,,,,12.6,8.8,311.3,263.16,6.0
11948,Chemical tanker,,,,,,16.6,13.1,1374.5,4285.22,1.0
11949,Bulk carrier,,,,,,13.4,10.9,793.6,2521.25,0.0
11950,Bulk carrier,,,,,,15.0,12.5,640.57,2292.62,0.0
11951,Bulk carrier,,,,,,14.2,11.5,847.3,3095.39,0.0
11952,Bulk carrier,,,,,,15.8,11.8,37.3,199.86,0.0
11953,Bulk carrier,,,,,,15.1,11.8,3294.4,8701.93,0.0
11954,Bulk carrier,,,,,,13.6,8.9,1140.9,4190.28,0.0
11955,LNG carrier,,,,,,17.4,12.3,2023.33,12925.04,7.0
11956,Chemical tanker,,,,,,15.5,11.9,2341.2,5917.93,1.0
11957,Chemical tanker,,,,,,14.1,12.0,641.5,1653.37,1.0
11958,Oil tanker,,,,,,17.3,13.2,1623.6,11941.46,8.0
11959,LNG carrier,,,,,,12.8,10.4,759.0,7083.27,7.0
11961,Oil tanker,,,,,,18.7,12.3,751.8,3579.65,8.0
11962,Oil tanker,,,,,,15.1,12.1,2251.38,12156.78,8.0
11963,Bulk carrier,,,,,,14.3,9.7,1664.0,4152.89,0.0
11964,Bulk carrier,,,,,,14.9,12.7,809.78,2316.81,0.0
11966,Chemical tanker,,,,,,14.6,9.5,1727.73,4377.76,1.0
11967,Chemical tanker,,,,,,15.3,13.0,2692.2,7924.93,1.0
11968,Chemical tanker,,,,,,14.9,12.8,2769.1,8604.98,1.0
11969,Chemical tanker,,,,,,14.2,11.9,2827.0,7828.98,1.0
11970,Chemical tanker,,,,,,12.6,10.6,1600.51,6024.73,1.0
11971,Chemical tanker,,,,,,14.1,11.8,1535.0,3906.06,1.0
11972,Chemical tanker,,,,,,12.5,12.2,3267.33,7807.88,1.0
11973,Chemical tanker,,,,,,12.9,12.7,3009.0,6480.41,1.0
11974,Chemical tanker,,,,,,15.5,12.2,1638.98,4012.22,1.0
11975,Chemical tanker,,,,,,15.2,11.9,1775.88,5665.77,1.0
11976,Chemical tanker,,,,,,14.7,9.1,553.5,1313.39,1.0
11977,Bulk carrier,,,,,,16.5,12.0,1523.15,6310.39,0.0
11978,Bulk carrier,,,,,,14.2,10.2,344.3,1066.61,0.0
11979,Bulk carrier,,,,,,16.3,10.4,1076.2,3968.28,0.0
11980,Bulk carrier,,,,,,14.2,11.7,885.6,3382.43,0.0
11981,Ro-pax ship,,,,,,13.9,13.3,1353.5,5774.19,11.0
11982,Bulk carrier,,,,,,14.7,9.1,623.0,1938.98,0.0
11984,Oil tanker,,,,,,15.2,11.8,2804.8,13846.91,8.0
11986,LNG carrier,,,,,,19.6,17.2,937.3,6509.53,7.0
11987,Gas carrier,,,,,,20.7,17.5,421.0,2600.67,5.0
11988,Oil tanker,,,,,,15.3,12.2,1761.7,8336.19,8.0
11990,Bulk carrier,,,,,,15.8,9.9,1475.9,3895.48,0.0
11991,LNG carrier,,,,,,18.9,13.9,616.57,4624.53,7.0
11992,Bulk carrier,,,,,,15.4,10.9,1727.8,5456.92,0.0
11993,Bulk carrier,,,,,,15.4,12.3,952.8,3527.69,0.0
11994,Bulk carrier,,,,,,14.2,12.7,1164.4,3521.85,0.0
11995,Bulk carrier,,,,,,14.5,11.3,1740.8,6256.13,0.0
11996,Bulk carrier,,,,,,15.2,12.4,1202.2,4578.94,0.0
11998,LNG carrier,,,,,,18.3,14.0,338.5,3407.12,7.0
11999,Bulk carrier,,,,,,17.8,10.9,3158.83,9170.83,0.0
12000,Bulk carrier,,,,,,13.8,9.8,569.07,926.67,0.0
12001,Bulk carrier,,,,,,11.6,8.5,883.9,3305.85,0.0
12002,Bulk carrier,,,,,,14.1,13.1,3913.9,12405.04,0.0
12003,General cargo ship,,,,,,14.6,12.6,604.6,1909.33,6.0
12004,General cargo ship,,,,,,14.6,12.9,1046.8,3172.09,6.0
12005,General cargo ship,,,,,,20.3,13.0,1068.13,3839.96,6.0
12006,Oil tanker,,,,,,18.0,13.8,377.0,1610.29,8.0
12007,General cargo ship,,,,,,14.0,10.4,2563.0,3383.47,6.0
12008,Bulk carrier,,,,,,13.7,11.8,1250.8,4505.36,0.0
12009,Oil tanker,,,,,,14.5,11.5,2328.9,7318.5,8.0
12010,Oil tanker,,,,,,14.3,9.1,1028.5,3322.43,8.0
12011,Oil tanker,,,,,,13.0,10.7,3337.3,9275.16,8.0
12012,Chemical tanker,,,,,,15.1,11.9,862.2,2776.58,1.0
12013,Chemical tanker,,,,,,14.1,10.0,2860.2,6884.58,1.0
12014,Oil tanker,,,,,,16.0,11.9,1279.9,3641.79,8.0
12015,Chemical tanker,,,,,,13.6,11.6,1293.7,3025.15,1.0
12016,Bulk carrier,,,,,,14.6,11.2,267.0,872.0,0.0
12017,Bulk carrier,,,,,,17.1,12.5,1012.3,2046.95,0.0
12018,Chemical tanker,,,,,,13.8,11.8,2022.9,4679.99,1.0
12019,Bulk carrier,,,,,,14.6,10.8,1965.18,4048.43,0.0
12020,Bulk carrier,,,,,,14.7,10.8,1827.81,4071.83,0.0
12021,Bulk carrier,,,,,,13.0,9.6,886.2,3000.98,0.0
12022,Bulk carrier,,,,,,15.2,11.0,1272.0,3673.38,0.0
12023,Bulk carrier,,,,,,12.8,10.5,2272.8,6325.47,0.0
12024,Bulk carrier,,,,,,13.1,8.3,2991.83,9567.38,0.0
12025,Bulk carrier,,,,,,13.5,12.2,1508.5,5558.55,0.0
12026,Bulk carrier,,,,,,17.4,12.1,2037.3,6443.43,0.0
12027,Chemical tanker,,,,,,14.6,12.9,1666.22,4462.82,1.0
12028,Bulk carrier,,,,,,12.8,11.2,1438.0,5991.24,0.0
12029,Bulk carrier,,,,,,12.8,10.9,255.3,961.08,0.0
12030,Oil tanker,,,,,,15.6,9.2,493.72,2627.3,8.0
12031,Bulk carrier,,,,,,12.8,10.8,796.6,2257.17,0.0
12033,Chemical tanker,,,,,,15.4,11.6,398.2,1134.41,1.0
12034,Chemical tanker,,,,,,16.9,12.9,0.0,0.0,1.0
12035,Chemical tanker,,,,,,16.5,12.8,3438.8,8214.97,1.0
12036,Bulk carrier,,,,,,15.3,13.7,497.92,2759.99,0.0
12037,Bulk carrier,,,,,,14.9,10.3,1400.03,5977.52,0.0
12038,Bulk carrier,,,,,,18.2,12.9,1510.1,4908.16,0.0
12039,General cargo ship,,,,,,12.5,8.7,2948.0,5134.6,6.0
12040,Oil tanker,,,,,,15.1,10.0,772.7,4206.67,8.0
12041,Oil tanker,,,,,,14.9,11.9,1048.51,4231.65,8.0
12043,Oil tanker,,,,,,13.0,8.8,1630.3,6889.48,8.0
12044,Oil tanker,,,,,,12.3,9.2,2182.4,8857.28,8.0
12046,Oil tanker,,,,,,12.8,12.7,1296.82,6309.86,8.0
12047,Oil tanker,,,,,,16.8,10.4,1466.9,8976.17,8.0
12048,Oil tanker,,,,,,16.0,13.5,2098.0,13829.77,8.0
12049,Chemical tanker,,,,,,15.1,12.3,1465.63,4170.66,1.0
12050,Chemical tanker,,,,,,14.7,11.2,1874.2,4664.92,1.0
12051,Chemical tanker,,,,,,11.9,10.7,1774.0,3845.35,1.0
12052,Chemical tanker,,,,,,14.8,13.2,1125.9,3278.39,1.0
12053,Chemical tanker,,,,,,17.4,13.4,786.2,2523.69,1.0
12054,Oil tanker,,,,,,15.7,10.7,1731.1,4883.44,8.0
12055,Bulk carrier,,,,,,13.3,11.3,1326.6,4621.76,0.0
12058,Chemical tanker,,,,,,13.2,12.2,1472.9,5043.31,1.0
12059,Bulk carrier,,,,,,17.2,12.4,535.9,1722.69,0.0
12060,Bulk carrier,,,,,,14.8,12.2,591.25,1303.34,0.0
12061,General cargo ship,,,,,,9.8,7.5,2482.76,2092.16,6.0
12062,General cargo ship,,,,,,9.3,7.0,4098.9,4105.11,6.0
12065,Oil tanker,,,,,,15.0,11.3,1606.3,7523.77,8.0
12066,Oil tanker,,,,,,14.6,10.0,735.2,3620.59,8.0
12068,Bulk carrier,,,,,,13.8,10.2,2699.4,13605.04,0.0
12069,Bulk carrier,,,,,,13.8,10.9,849.5,5096.18,0.0
12070,Ro-ro ship,,,,,,19.7,16.6,371.55,1470.26,12.0
12071,Refrigerated cargo carrier,,,,,,21.8,17.2,3452.8,23155.26,10.0
12072,Oil tanker,,,,,,16.6,11.1,503.03,2402.03,8.0
12074,Chemical tanker,,,,,,15.6,12.2,3270.5,8770.64,1.0
12075,Chemical tanker,,,,,,12.7,9.1,3509.67,9387.42,1.0
12076,Oil tanker,,,,,,12.8,10.4,4265.73,6405.08,8.0
12077,Bulk carrier,,,,,,15.0,10.9,1057.79,4791.6,0.0
12078,Bulk carrier,,,,,,14.6,12.1,809.28,3140.09,0.0
12079,Bulk carrier,,,,,,14.4,11.1,503.53,1542.9,0.0
12080,Bulk carrier,,,,,,16.0,12.8,643.12,2369.53,0.0
12081,Bulk carrier,,,,,,15.8,10.2,3809.1,8848.17,0.0
12082,Oil tanker,,,,,,14.7,12.2,1325.7,4260.31,8.0
12083,Oil tanker,,,,,,15.5,9.2,530.82,2248.62,8.0
12084,Bulk carrier,,,,,,6.3,5.0,1798.6,4460.19,0.0
12085,Oil tanker,,,,,,16.6,14.5,839.4,2817.09,8.0
12086,Oil tanker,,,,,,13.8,10.1,395.5,2203.57,8.0
12087,Oil tanker,,,,,,14.1,10.0,796.0,3497.26,8.0
12088,Chemical tanker,,,,,,14.7,11.9,1387.08,4572.19,1.0
12089,Oil tanker,,,,,,13.1,12.3,130.5,834.84,8.0
12090,General cargo ship,,,,,,18.2,11.2,5660.0,14106.4,6.0
12091,General cargo ship,,,,,,18.9,15.1,733.9,2038.59,6.0
12092,General cargo ship,,,,,,15.5,13.8,1059.0,2406.3,6.0
12093,Bulk carrier,,,,,,15.1,11.3,1571.9,4353.7,0.0
12094,Bulk carrier,,,,,,14.5,11.3,2758.0,7502.12,0.0
12095,LNG carrier,,,,,,22.1,11.4,1335.7,5648.56,7.0
12096,Gas carrier,,,,,,14.9,9.6,1076.05,1683.6,5.0
12097,Gas carrier,,,,,,13.7,12.5,4112.4,5641.91,5.0
12099,Oil tanker,,,,,,16.0,11.7,1597.6,6679.33,8.0
12100,Oil tanker,,,,,,16.2,12.9,2408.78,5484.05,8.0
12101,Oil tanker,,,,,,16.0,11.5,2119.7,7636.97,8.0
12102,Oil tanker,,,,,,19.1,11.0,1270.1,3469.87,8.0
12103,Oil tanker,,,,,,13.2,7.1,673.3,1605.68,8.0
12104,Oil tanker,,,,,,14.9,10.8,1340.4,6427.29,8.0
12105,Oil tanker,,,,,,11.2,7.4,1693.7,8302.93,8.0
12106,Oil tanker,,,,,,12.2,7.1,600.3,2752.62,8.0
12107,Chemical tanker,,,,,,14.2,9.7,3903.9,9853.89,1.0
12108,Bulk carrier,,,,,,12.2,7.3,2285.1,7266.09,0.0
12110,Oil tanker,,,,,,15.2,11.7,3136.6,8126.05,8.0
12111,Container ship,,,,,,20.5,17.9,1985.2,42444.56,4.0
12112,Container ship,,,,,,17.5,11.7,1423.8,28574.12,4.0
12113,Container ship,,,,,,21.0,16.3,584.3,10391.36,4.0
12114,General cargo ship,,,,,,6.7,6.7,1863.9,1729.15,6.0
12116,Bulk carrier,,,,,,13.6,9.7,985.4,2937.3,0.0
12117,Bulk carrier,,,,,,13.3,10.6,321.8,842.34,0.0
12118,Container ship,,,,,,18.8,12.0,642.73,8058.5,4.0
12119,Oil tanker,,,,,,15.1,12.7,1849.8,4959.99,8.0
12120,Oil tanker,,,,,,10.3,10.3,978.1,4567.13,8.0
12121,Chemical tanker,,,,,,16.6,12.0,2006.3,6496.19,1.0
12122,Chemical tanker,,,,,,12.2,12.2,2778.92,7044.67,1.0
12123,Chemical tanker,,,,,,17.2,12.3,2494.82,7396.06,1.0
12124,Oil tanker,,,,,,16.3,8.0,1370.5,9487.09,8.0
12125,Container ship,,,,,,16.8,7.5,445.2,5390.59,4.0
12126,Container ship,,,,,,16.8,15.1,1842.1,29915.81,4.0
12127,Container ship,,,,,,17.5,14.8,1842.6,28700.98,4.0
12128,Container ship,,,,,,12.3,7.6,1114.0,18082.39,4.0
12129,Container ship,,,,,,20.7,17.3,770.2,10690.33,4.0
12131,General cargo ship,,,,,,16.6,13.9,856.7,1727.83,6.0
12132,Gas carrier,,,,,,18.8,14.6,884.08,4486.57,5.0
12133,Bulk carrier,,,,,,14.1,10.6,2299.6,8145.76,0.0
12134,Bulk carrier,,,,,,14.9,12.9,1000.95,3289.89,0.0
12135,General cargo ship,,,,,,8.7,8.7,2532.66,2466.24,6.0
12136,General cargo ship,,,,,,10.3,8.7,3588.16,3214.62,6.0
12137,Container ship,,,,,,18.8,11.8,430.8,7964.64,4.0
12138,Bulk carrier,,,,,,14.6,11.8,1297.9,4212.2,0.0
12139,Oil tanker,,,,,,13.5,11.5,2870.38,8140.51,8.0
12140,Oil tanker,,,,,,14.9,11.4,2011.86,8308.62,8.0
12141,Bulk carrier,,,,,,10.5,9.7,1421.1,4004.58,0.0
12142,Bulk carrier,,,,,,13.8,11.7,569.4,2164.44,0.0
12143,Bulk carrier,,,,,,14.6,11.8,1073.58,3570.98,0.0
12144,Oil tanker,,,,,,16.6,11.5,2156.35,3597.39,8.0
12145,Chemical tanker,,,,,,15.0,10.9,1432.6,4482.18,1.0
12146,Chemical tanker,,,,,,13.7,11.5,1164.6,4164.39,1.0
12147,Bulk carrier,,,,,,14.6,10.7,635.5,2498.69,0.0
12148,Oil tanker,,,,,,13.0,10.8,774.0,3295.16,8.0
12149,Oil tanker,,,,,,15.4,9.4,1599.3,7736.03,8.0
12150,Chemical tanker,,,,,,14.8,13.3,3725.4,9148.62,1.0
12151,General cargo ship,,,,,,10.2,7.8,1593.65,1513.29,6.0
12152,General cargo ship,,,,,,11.3,7.4,753.02,752.41,6.0
12153,Oil tanker,,,,,,20.8,12.4,1353.5,8844.75,8.0
12154,Oil tanker,,,,,,14.8,11.2,2496.8,6332.09,8.0
12156,Bulk carrier,,,,,,16.3,11.9,2962.3,8931.62,0.0
12157,Bulk carrier,,,,,,15.1,10.6,3163.9,11621.19,0.0
12158,Bulk carrier,,,,,,12.1,11.0,750.2,1944.58,0.0
12159,Chemical tanker,,,,,,14.1,12.5,668.3,2351.58,1.0
12160,General cargo ship,,,,,,20.3,7.9,1631.09,1764.88,6.0
12161,Bulk carrier,,,,,,14.6,11.9,199.59,742.15,0.0
12162,Bulk carrier,,,,,,16.0,10.9,1311.3,3270.5,0.0
12163,General cargo ship,,,,,,14.6,10.4,628.1,1237.56,6.0
12164,Bulk carrier,,,,,,14.5,11.4,1973.04,6707.53,0.0
12165,Bulk carrier,,,,,,14.7,11.2,1171.5,4116.65,0.0
12166,Bulk carrier,,,,,,14.1,10.9,2758.8,8344.53,0.0
12167,Oil tanker,,,,,,16.2,12.0,868.2,6202.35,8.0
12168,Oil tanker,,,,,,17.7,11.4,2195.08,9851.78,8.0
12169,Oil tanker,,,,,,15.5,10.8,2011.0,9819.09,8.0
12170,Chemical tanker,,,,,,14.3,13.1,2147.4,8390.06,1.0
12172,General cargo ship,,,,,,11.2,7.8,869.92,628.73,6.0
12173,General cargo ship,,,,,,11.0,8.0,5120.29,4706.65,6.0
12174,General cargo ship,,,,,,11.7,9.2,359.75,327.49,6.0
12175,General cargo ship,,,,,,9.6,7.9,2220.67,2136.09,6.0
12176,General cargo ship,,,,,,11.6,8.7,4871.13,4698.1,6.0
12177,General cargo ship,,,,,,8.4,8.4,761.33,674.22,6.0
12178,Oil tanker,,,,,,13.8,9.6,745.37,2935.66,8.0
12181,General cargo ship,,,,,,12.6,10.4,160.0,171.83,6.0
12182,Oil tanker,,,,,,16.4,9.6,428.0,2995.52,8.0
12183,Chemical tanker,,,,,,15.8,10.9,787.5,1837.79,1.0
12184,Bulk carrier,,,,,,11.4,10.1,0.0,0.0,0.0
12185,Bulk carrier,,,,,,14.5,9.1,14.05,233.08,0.0
12186,Bulk carrier,,,,,,14.5,12.2,1046.0,3752.73,0.0
12187,Oil tanker,,,,,,10.2,6.1,617.4,3038.56,8.0
12188,Chemical tanker,,,,,,13.9,12.1,1487.1,5037.19,1.0
12189,Chemical tanker,,,,,,17.4,10.5,1268.9,3690.36,1.0
12190,Gas carrier,,,,,,15.2,13.3,975.5,1651.16,5.0
12191,Chemical tanker,,,,,,14.5,11.7,1316.5,4415.53,1.0
12192,Chemical tanker,,,,,,16.5,12.7,851.4,2320.74,1.0
12193,Chemical tanker,,,,,,14.6,10.9,452.4,1195.76,1.0
12194,Bulk carrier,,,,,,16.4,10.9,2653.88,8382.55,0.0
12195,Chemical tanker,,,,,,14.2,11.1,238.8,931.3,1.0
12196,Chemical tanker,,,,,,16.3,12.1,747.4,1571.1,1.0
12197,Oil tanker,,,,,,15.2,10.1,1060.06,3397.26,8.0
12198,Bulk carrier,,,,,,13.6,11.0,1683.3,5989.67,0.0
12199,Bulk carrier,,,,,,13.8,12.1,2085.33,6849.9,0.0
12200,Bulk carrier,,,,,,4.0,3.6,1107.2,3924.25,0.0
12201,Bulk carrier,,,,,,15.8,12.3,821.5,3195.14,0.0
12203,Gas carrier,,,,,,8.4,7.9,1100.6,1406.89,5.0
12204,Bulk carrier,,,,,,15.8,10.9,827.1,1968.92,0.0
12205,General cargo ship,,,,,,12.5,8.1,1328.58,1089.64,6.0
12206,General cargo ship,,,,,,11.8,9.0,3049.34,3099.7,6.0
12207,Bulk carrier,,,,,,14.6,13.1,902.95,2241.6,0.0
12208,Chemical tanker,,,,,,16.9,13.0,1099.8,3242.66,1.0
12209,Bulk carrier,,,,,,14.7,10.6,2134.7,8037.76,0.0
12210,Bulk carrier,,,,,,15.5,10.6,1034.7,3097.49,0.0
12211,Bulk carrier,,,,,,13.0,10.5,469.0,1731.82,0.0
12212,Bulk carrier,,,,,,12.3,10.5,918.9,2243.42,0.0
12213,Oil tanker,,,,,,15.3,11.0,1977.6,4850.67,8.0
12214,Bulk carrier,,,,,,13.7,11.0,1583.9,4253.0,0.0
12218,Oil tanker,,,,,,15.7,10.7,638.0,2583.97,8.0
12219,Chemical tanker,,,,,,16.7,12.8,354.9,1669.63,1.0
12220,Chemical tanker,,,,,,14.3,9.8,291.0,1083.46,1.0
12221,Chemical tanker,,,,,,14.3,13.0,1787.0,5416.53,1.0
12222,Bulk carrier,,,,,,12.1,9.8,1906.1,4920.05,0.0
12223,Chemical tanker,,,,,,15.2,10.5,0.0,0.0,1.0
